node,BiBC
L-Valine__FEC,163.7259010816694
L-Serine__FEC,106.6763797681634
4-Hydroxybenzaldehyde__FEC,941.1257083074232
D-(+)-Glucosamine__FEC,2856.912575947616
"beta-d-Glucopyranose, 2-(acetylamino)-3,6-anhydro-2-deoxy__FEC",0.6570998081678737
Serine__FEC,1577.1651256566918
"2-Propenoic acid, 2-hydroxy-3-(4-hydroxyphenyl)__FEC",0.3719098847775318
Methylsuccinic acid__FEC,1363.258516560542
Niacinamide__FEC,337.4571578300437
17-alpha-Hydroxypregnenolone__FEC,1.9998902121206632
9H-Purin-6-ol__FEC,2.916422148744472
Hydracrylic acid__FEC,1297.7467286624967
L-(-)-Sorbofuranose__FEC,72.75606758509883
L-Glutamic acid__FEC,84.2322048155683
DL-Phenylalanine__FEC,44.46129202411206
L-Isoleucine__FEC,357.70501150441373
Phenylalanine__FEC,184.2259573042345
Uracil__FEC,253.3707021040538
"Gluconolactone (3R,4S,5R,6R)__FEC",11.781765548803302
Syringaldehyde__FEC,370.0877544316819
Tyrosine__FEC,632.0920252216425
"2-Butenoic acid, 2-hydroxy-__FEC",131.6679043469556
1-Tetradecanol__FEC,557.1915844730466
"2',2,3,6'-Tetramethoxychalcone__FEC",467.05482712073024
3-Deoxyhexitol__FEC,629.8580177352537
Butyl Succinate__FEC,2032.838954819366
"Hexadecanoic acid, 4-hydroxybutyl ester__FEC",275.8976217883132
"2,5-Dimethoxyphenol__FEC",1.440874936877472
"2-Allyl-1,4-dimethoxybenzene__FEC",681.01175254499
2-Hydroxy-3-methylbutyric acid__FEC,1978.355460401112
3-Hexenedioic acid__FEC,579.8022600889711
4-Pyridinol__FEC,0.099686375147972
"2-Butenoic acid, 2-methyl-, 2-methyl-2-propenyl ester__FEC",123.80997480675948
Cyclohexanecarboxylic acid__FEC,9.95961101173479
Myristic acid__FEC,2084.4934554798183
Pentanoic acid__FEC,28.271912436672654
Tetrahydrogeranyl formate__FEC,161.8249252739788
5-Hydroxymethyl-2-furoic acid__FEC,10.792545396171725
beta-Arabinopyranose__FEC,12.563118957954432
L-5-Oxoproline__FEC,24.643875894527127
2-Ethylhexanoic acid__FEC,261.05780554730217
D-Mannopyranose__FEC,192.55021742249184
Phenol__FEC,386.26737079070443
beta-Alanine__FEC,1226.4503422371981
N-Acetyl-L-glutamic acid__FEC,239.35925338799095
Thymidine__FEC,25.18073035664751
Niacin__FEC,1.9973435892465743
Xanthine__FEC,7.9260191809379625
Cholesterol__FEC,0.0
beta-D-(-)-Ribopyranose__FEC,11.821277819790437
"D-(+)-Ribono-1,4-lactone__FEC",20.126351701096745
"Erythrono-1,4-lactone__FEC",41.98283849094798
"Propanoic acid, 2-oxo__FEC",1418.0613236878878
1-Dodecanol__FEC,673.3275104088341
2'-Deoxyribolactone__FEC,703.0547096436725
Undecanoic acid__FEC,168.2403956185719
Benzoic Acid__FEC,204.25656119424065
13-Docosenamide__FEC,65.60952632781503
"Propane, 2-methyl__FEC",5.913901744511904
Pyridoxic acid__FEC,0.0
D-Allofuranose__FEC,133.84139681092566
Octadecyl octyl ether__FEC,596.5258786924868
L-Valyl-L-leucine__FEC,1172.2678461000799
3-(3-Hydroxyphenyl)propanoic acid__FEC,30.83711691333795
Cyclohexanemethanol__FEC,1150.3839126655425
"Xylonic acid, delta-lactone__FEC",8.547462974265102
2-Piperidinone__FEC,590.9999999999652
Butanedioic acid__FEC,0.0
D-(-)-Ribofuranose__FEC,32.96750983938034
Lignoceric acid__FEC,312.40742061790445
Palmitic Acid__FEC,2.7419367656201525
Pyrogallol__FEC,301.2455426839084
6-Hydroxyhexanoic acid__FEC,2.6046526223785524
Pentadecanoic acid__FEC,105.58203626571856
11-Hydroxy-.DELTA.-9-tetrahydrocannabinol__FEC,590.9999999999634
4-Hydroxybutanoic acid__FEC,0.0
Pimelic acid__FEC,800.660415274428
"2,3-Butanediol__FEC",151.54246654297373
"2-Pentenedioic acid, 2-hydroxy-__FEC",864.853082659675
L-Rhamnose__FEC,288.0215234781324
"2,3,4,5-Tetrahydroxypentanoic acid-1,4-lactone__FEC",0.0
d-Erythrotetrofuranose__FEC,683.0460329032322
N-(2-hydroxyethyl)-succinimide__FEC,542.1416794638415
Phloretic acid__FEC,15.000190194314813
4-Methyl-5-thiazoleethanol__FEC,108.41332811343895
"Inosose-2, myo__FEC",432.8763501959173
Nonanoic acid__FEC,89.74489799144773
N-Acetylglucosamine__FEC,458.11761368162536
"(4,4-Dimethyl-5-methylene-4,5-dihydro-3H-pyrrol-2-yl)-(4,4-dimethyl-5-methylene-pyrrolidin-2-ylidene)-acetonitrile__FEC",690.2076036956864
Thr-Leu__FEC,279.04981715178127
L-(+)-Lactic acid__FEC,84.58148611672446
"beta-D-Galactopyranoside, methyl-, acetate__FEC",2.7504360253028564
D-(+)-Talofuranose__FEC,0.2951129951129951
Decanoic acid__FEC,310.68890752441706
N-Methyl-alpha-aminoisobutyric acid__FEC,214.11573861429707
Dihydrouracil__FEC,152.1588429206823
Aconitic acid__FEC,0.17186787641099033
trans-Coniferryl alchool__FEC,860.4830271584503
5-Methyluridine__FEC,590.999999999992
L-Threonine__FEC,70.87342337252761
4-Hydroxybenzoic acid__FEC,122.77201211761087
L-Norvaline__FEC,101.59141307297656
1-Octanol__FEC,49.27187350193354
"2,5-Cyclohexadiene-1,4-dione, 2,6-bis(1,1-dimethylethyl)__FEC",1405.9278369789365
"2,5-Di-tert-butyl-4-hydroxyphenol__FEC",485.26624303417293
3-Methyl-2-furoic acid__FEC,0.0
3-Undecene__FEC,93.09197208982496
"Guanidine, N,N-dimethyl__FEC",379.1839315754206
Monolaurin__FEC,24.96246415213248
Methyl 2-acetamido-2-deoxy-3-O-methyl-alpha-D-galactopyranoside__FEC,203.22352496974656
Xylose__FEC,500.11319614780325
"2-Furanacetaldehyde, tetrahydro-alpha__FEC",76.55465396433974
L-Leucine__FEC,15.474312191919399
Picolinic acid__FEC,336.9554933535779
Glycerol tricaprylate__FEC,76.94119563196594
Citric acid__FEC,85.24839740184713
1-Monopalmitin__FEC,0.0
Pipecolic acid__FEC,976.7069641802531
Pyrrole-2-carboxylic acid__FEC,205.848679076771
1-Methyl-4-hydroxy-1H-imidazol-2-amine__FEC,6.628051660610056
D-Glucose__FEC,72.03539346067232
12-Oxooctadecanoate__FEC,0.0
2-Ethylacetoacetate__FEC,1746.2362817971384
"2,3,4-Trihydroxybutyric acid__FEC",816.0747240837878
8-Hydroxy-5-(hydroxymethyl)quinoline__FEC,3.1121780111141817
Tricine__FEC,35.890454984718076
"Acetamide, N-(2-butyl)-N-methyl-__FEC",204.01780590716638
Menthol__FEC,403.5572394789891
N-Acetyl glucosamine methoxime__FEC,16.793896381244107
Uridine__FEC,7.304211448899358
Butyl caprylate__FEC,593.5955036389757
"1,7-Dimethyl-4-(1-methylethyl)cyclodecane__FEC",1710.9186439677514
Arabinitol__FEC,0.0
9-Octadecenoic acid__FEC,280.10007293309695
"3-Hydroxy-2,3-dihydromaltol__FEC",17.910006104737025
Ribonic acid__FEC,28.081972009832743
Cytosine__FEC,174.57965792561333
2'-Desoxyuridine__FEC,1.091152695861248
alpha-Tocopheryl acetate__FEC,26.89426671028056
4-Hydroxy-5-(hydroxymethyl)oxolan-2-one__FEC,456.3643203702404
"D-Erythro-Pentitol, 2-deoxy-__FEC",590.9999999999961
1-Hexanol__FEC,0.0
1-Octadecanol__FEC,1243.5233649191089
Ethanamine__FEC,0.0
Idoxuridine__FEC,5.326666069245969
Glycolic acid__FEC,1.187077737077737
"Azetidine, 1-acetyl-2-methyl__FEC",438.02494453048575
Hexacosanoic acid__FEC,2.3148268398268397
3-Hydroxyisovaleric acid__FEC,14.468450350316875
Ketamine__FEC,0.0
"Butanoic acid, 3,4-dihydroxy-__FEC",613.8952190612981
2-Palmitoylglycerol__FEC,0.0
"(2,2-Dimethyl-5-[2-(2-ethoxymethoxy)propyl][1,3]dioxolan-4-yl)methanol__FEC",9.20372567649741
3-Hydroxypicolinic acid__FEC,0.0
4-Hydroxyphenyllactic acid__FEC,0.6554851637083865
Glycerol__FEC,295.54939984281305
3-Hydroxybutyric acid__FEC,168.23518016554593
4-Hydroxy-5-(hydroxymethyl)oxolan-2-one__PLS,20.968013795757074
Xylazine__FEC,4.8548076243784255
"Cephalotaxine, 3-deoxy-3,11-epoxy-, (3alpha,11alpha)-__PLS",720.9057242216846
N-Isobutyrylglycine__PLS,101.9833632396994
"D-Xylofuranose, 1,2,3,5-tetrakis-O-__PLS",350.60703840114667
1-Aminocyclopropanecarboxylic acid__PLS,59.837661552663086
3-Pyridylcarbinol__FEC,1094.593746672491
1-Phenethylamine__PLS,2866.2430775499083
L-Aspartic acid__FEC,136.6280453465065
"2-(Decanoyloxy)propane-1,3-diyl dioctanoate__PLS",5064.538699917554
Supraene__FEC,95.02818641008311
"Butanoic acid, 2,4-bis[(trimethylsilyl)oxy]-__PLS",2063.530212887968
5-Hydroxyquinoline__PLS,1230.205111717392
Indole-3-lactic acid__PLS,5184.160275041029
Isoxaben__PLS,46.69144096006382
3-Amino-2-piperidone__PLS,891.0944891131428
(pm)-Norketamine__PLS,404.4339756456851
Salsoline__FEC,766.4243508578877
2-Ketoisocaproic acid__PLS,1236.745411458557
"Cyclopentanone, 2,2,4-trimethyl-__PLS",702.0159859209274
Suberic acid__FEC,128.23674902900834
"Inosose-2, 1,3,4,5,6-pentakis-__PLS",2843.9051020896336
Itaconic acid__FEC,475.58999443336256
"Glycine, N-[4-[(trimethylsilyl)oxy]benzoyl]-__PLS",222.37311217305955
DL-Phenylalanine__PLS,1434.9276164570467
Uracil__PLS,273.2702975480012
"9,12-Octadecadienoic acid__PLS",1158.9868537464558
DL-Ornithine__PLS,374.2368150621002
"2,5-Dimethoxymandelic acid__PLS",23.706312970343408
Methylmaleic acid__FEC,237.007026960236
L-Glutamic acid__PLS,10.609915469038707
"2,2-Diallylpyrrolidine__PLS",1769.9276919629335
"Acetin, bis-1,3-trimethylsilyl ether__PLS",22.666128055477138
Acetoacetic acid__PLS,566.893292686481
Methyl-3-methoxy-5-methyl benzoate__PLS,1748.5447154187602
D-(-)-Fructopyranose__FEC,97.10288472764637
L-Proline__FEC,7.826665270653945
DL-Glyceraldehyde__PLS,1690.1848608181024
Niclosamide__PLS,104.49099680963293
"3-Cyclohexyl-L-alanine amide, N,N,N'N'-tetramethyl-__PLS",77.4583634656891
"Propanoic acid, 2-methyl-__PLS",727.7311733660514
"1H-Indole-2-carboxylic acid, 5-ethyl-1-(trimethylsilyl)__FEC",33.57399018163228
Norketamine__FEC,311.420617291534
Arachidonic acid__PLS,412.10243729388196
"Azetidine, 1-acetyl-2-methyl-__PLS",868.4285659252433
"Cholest-7-en-3-ol, (3beta,5alpha)-__PLS",732.5348291234911
l-Leucyl-l-valine__FEC,141.22760320819017
"Benzaldehyde, 2,5-dimethyl-__PLS",11596.164819239812
"1,2,3,10,11,11a-Hexahydro-6,7,8-trimethoxy-3-oxo-5H-dibenzo(a,d)cycloheptene__PLS",1300.9087190729792
"cis-4,5-Dihydroxy-o-dithiane__FEC",51.67143047122783
Trimidox__PLS,4808.030298649465
"Octane, 1-propoxy-__PLS",766.7962867507971
Nonadecanoic acid__PLS,166.0087883972449
Diphenyl ether__PLS,148.25079349283848
"N,O-Bis(trimethylsilyl)carbamate__PLS",1570.266977968159
Methylmalonic monoamide__PLS,2283.7164972462897
9-Octadecenamide__FEC,0.0
Glyceric acid__PLS,209.93131890154845
Vanillin__FEC,164.22069358977728
2-Pyrrolidinone__FEC,33.188874329529526
Dobutamine__PLS,9.182004339355606
Phenoxyacetic acid__PLS,207.82696908377355
D-Ribose__PLS,61.20177516274589
"1,1'-Biphenyl, 3,4-diethyl-__PLS",1814.2021863254558
"D-Isoleucine, N-acetyl-__PLS",69.72629907731735
"Dodecane, 4,6-dimethyl-__PLS",329.7382381889559
alpha-Linolenic acid__PLS,497.151228119552
"N-Acetyl-D-galactosamine, (R,R,R,R)__FEC",944.6009093865689
L-Aspartic acid__PLS,610.9940627507895
pyrazole__FEC,61.40544519981205
"Erythrono-1,4-lactone, (Z)-__PLS",665.9962406796168
Palmitic Acid__PLS,86.1051064595091
Mirin__PLS,398.54840320110316
Pentanedioic acid__FEC,60.29228648366008
"Glycine, N-(N-DL-leucylglycyl)-__PLS",144.49258089620983
Dihydrouracil__PLS,470.7387262071239
"Benzo[b]fluorene, 5-amino-7-methyl-1,2,3,4,6,7,8,9-octahydro-11-thia-10-aza-__PLS",9.485536435212397
10-Heptadecenoic acid__PLS,10822.467675320573
Octocrylene__PLS,341.40145022437406
3-Methoxysalicylic acid__PLS,5553.419386241349
"Trimethylsilyl (5-benzyl-3,6-dioxopiperazin-2-yl)acetate__FEC",45.73456906338188
"2,6-Dimethyl-N-[3-(trimethylsilyl)-1,3-thiazinan-2-ylidene]aniline__PLS",2673.9162656975855
Desmosterol__PLS,479.5222059571999
Pyrrole-2-carboxylic acid__PLS,30.123919997985812
"Pentitol, 3-desoxy__FEC",0.0
4-Hydroxybenzoic acid__PLS,1253.3506900750967
beta-Hydroxypyruvic acid__PLS,0.0
"1,3,5-Benzetriol__PLS",441.2379430049802
Ethanolamine__PLS,315.6022372197028
Glycolic acid__PLS,559.4439008311558
"N,9-bis(Trimethylsilyl)-6-[(trimethylsilyl)oxy]-9H-purin-2-amine__PLS",820.3569643939886
3-O-methyl-beta-D-Glucopyranose__FEC,5.585745791154899
L-Leucine__PLS,15.234393897940674
Sertraline carbamoyl glucuronide__PLS,449.2193561129507
Hexanoic acid__PLS,1092.0111708039926
3-Aminobutanoic acid__PLS,474.9147671575556
D-(-)-Fructofuranose__FEC,15.749519011112339
Hydroquinidine__PLS,659.2968371420649
3-Hydroxyisovaleric acid__PLS,907.3360662147313
1-Hydroxy-3-methoxy-6-methylanthraquinone__PLS,5635.732921495892
Ethyl alpha-D-glucopyranoside__FEC,0.0
1-Tetradecanol__PLS,533.5930442108987
"Aziridine, 1-(2-buten-2-yl)-__PLS",102.66872812593891
Erythritol__PLS,38.8434085446126
"2-Heptanone, 4,6-dimethyl-__PLS",840.1036224851221
"2-Propanone, bis(1-methylethyl)hydrazone__PLS",231.44264760103215
"beta-D-Galactofuranose, 1,2,3,5,6-pentakis-O-(trimethylsilyl)-__PLS",1332.6255782133994
beta-Lyxopyranose__PLS,1426.848438535705
Urea__FEC,37.55986634943674
Trimethylsilyl oct-2-enoate__PLS,3.8081942296212605
Benzophenone__PLS,268.7915690755406
N-Isovaleroylglycine__PLS,1412.8842508807184
2-Heptenoic acid__PLS,459.0208255615258
2-Aminobutanoic acid__FEC,112.71073955201385
L-Hydroxyproline__PLS,429.39906495705077
n-Pentadecanol__PLS,183.90699948389377
"2,3,4-Trihydroxybutyric acid tetrakis__PLS",1938.1777425000705
"1-Methyl-N,N-bis(trimethylsilyl)-4-[(trimethylsilyl)oxy]-1H-imidazol-2-amine__PLS",329.5643165118569
Hydroquinone__FEC,10.309201219557085
Arsenous acid__PLS,191.47702166482188
"L-Tryptophan, N-acetyl-1__PLS",612.8444878152378
2-Isopropyl-5-methyl-1-heptanol__PLS,598.1710106049071
1-Monoacetin__PLS,198.68426417160165
Indole-5-carboxylic acid__PLS,761.9821376199161
N-Methyl-L-proline__FEC,0.0
"Benzenemethanamine, 2,3-dimethoxy-__PLS",25.420399004646328
L-Tryptophan__PLS,151.23284441922405
3-Amino-5-morpholinomethyl-2-oxazolidinone__PLS,1066.416947801251
"Benzeneethanamine, N-[(pentafluorophenyl)methylene]-4-[(trimethylsilyl)oxy]-__PLS",7.189509844637727
D-Psicofuranose__FEC,21.46323011555408
D-Fructose__FEC,2.676097330958377
Octan-2-yl palmitate__PLS,591.0097560975361
Azelaic acid__FEC,0.0
"Pyrimidine, 5-methyl-2,4-bis[(trimethylsilyl)oxy]-__PLS",713.2352384621599
Bis(trimethylsilyl)acetylene__PLS,88.7777522622156
3-Aminobutanoic acid__FEC,3.6548636268347336
Isofucosterol__PLS,1737.4301190966014
"3-Buten-2-one, 3-trimethylsilyloxy-__PLS",5.36032561560151
"Glycine, N-(1-oxobutyl)-__PLS",1163.2937689517978
"L-Lysine, ethyl ester__PLS",11.27773013041151
4-Cumylphenol__PLS,425.4731304440775
L-Isoleucine__PLS,83.06773182621795
Xylazine__PLS,740.598041036806
cis-4-Trimethylsilyloxy-cyclohexyl(trimethylsilyl)carboxylate__PLS,1993.1204241330286
"2,4-Di-tert-butylphenol__FEC",7.332992095098299
Triethanolamine__PLS,355.7894926760634
Arabinose__FEC,2.751619063232569
13-Docosenamide__PLS,2.147445020351835
"(S,S)-(-)-Hydrobenzoin__PLS",1138.3924685561842
2-Pyrrolidinone__PLS,94.88895439721469
2-Furoic acid__PLS,16.013576564905616
3-Nonen-1-ol__PLS,47.92652459460851
Tetradecanenitrile__PLS,419.5074951827712
Dihydroxyacetone__FEC,7.423086124401913
"alpha-L-Galactopyranoside, methyl 6-deoxy-, (R,R,R,S,S)-__PLS",227.11394524572182
Palmitelaidic acid__PLS,20.663077478126798
Ribitol__PLS,763.9139553949258
Azatadine__PLS,300.99294037568706
Decanoic acid__PLS,220.643819139597
Tartronic acid__PLS,1859.1580907290097
Quazodine__PLS,619.8036486729319
3-Hydroxybutyric acid__PLS,22.884815110618646
"Phenol, 3,5-bis(1,1-dimethylethyl)-__PLS",23.241267694961504
Dinoseb__PLS,8720.252523261583
Metanephrine__PLS,273.2090918217924
"Cholesta-3,5-diene__PLS",43.68047394134205
alpha-Linolenic acid__FEC,0.0
Glucopyranose__PLS,711.6882481260133
3-(2-Hydroxyethyl)imidazole-2-thione__PLS,24.139809119092003
"7-Acetyl-6-ethyl-1,1,4,4-tetramethyltetralin__PLS",131.6395925977156
Deoxyribopyranose__FEC,6.02833649770582
3-Indoleacetic acid__PLS,982.8927255621484
"Propanetriol, 2-methyl-__PLS",3729.639850955366
"(9H-fluoren-9-yl)methanol, O-methoxycarbonyl-__PLS",280.6062054706976
Cyclo(L-prolyl-L-valine)__PLS,52.9519591048908
D-Fructose__PLS,1196.539389216359
Cyclobutanol__PLS,16.37068832189664
"Benzene, 3-cyclohexen-1-yl-__PLS",96.26282834640175
Succinic anhydride__PLS,2.0530041733089894
"5-Cholesten-3beta, 7alpha-bis[(trimethylsilyl)oxy]-__PLS",233.61019200522665
"1,2-Benzenedicarboxylic acid__PLS",949.6387196641399
"1-Octanol, 2-butyl-__PLS",906.237910101835
Glyoxime__PLS,975.3577519573444
"2,2,8,8-Tetramethyl-3,7-dioxa-4-aza-2,8-disilanon-4-ene__PLS",15.025866138552733
Ammeline__PLS,2.490253203606847
"2,5-Dimethoxyphenol__PLS",21.747268569813286
Decyl oleate__FEC,42.64935346415753
Tributyl acetylcitrate__PLS,806.0897484411319
Campesterol__FEC,0.0
N-Valerylglycine__PLS,285.9791101284432
"D-(+)-Ribono-1,4-lactone (R,S,R)-__PLS",744.3895330515359
"1,3-Cyclohexanebis(methylamine)__PLS",64.11555084608234
Monomethyl succinate__FEC,1.532602496497087
Erythritol__FEC,0.0
Oxalic acid__PLS,13.565969611776229
3-Buten-2-one__FEC,63.18782304054697
D-Leucylglycylglycine__PLS,30.565017201005972
"Ethanone, 1-(5-methoxy-2-methyl-3(1H)-indolyl)-__PLS",9.518099907757781
Guanabenz__PLS,1308.081664633011
Neostigmine__PLS,243.92987774599982
Hydracrylic acid__PLS,1696.2580690052666
2-Methylglutaconic acid__PLS,158.3542340920901
Benzyl alcohol__PLS,70.86358935145506
"Ethanone, 1-(2,5-dimethoxyphenyl)-__PLS",1297.7558982121727
Hexanedioic acid__PLS,262.9080367016096
5-Oxohexanoic Acid__FEC,0.0
"2,3-Butanediol__PLS",170.34994812606823
"Arabinofuranose, 1,2,3,5-tetrakis__FEC",1.7374360643810156
D-Threitol__PLS,28.015053570591007
N-Methyl-N-(tetrahydro-2-furanylmethyl)-4-piperidinamine__PLS,661.2419451590656
"1-Phenyl-1,2-ethanediol__PLS",336.8112635807665
Dehydronorketamine__PLS,0.0
Pipecolic acid__PLS,9.536711231644295
N-Acetyl-L-glutamic acid__PLS,400.2429981227035
1-Tetracosene__FEC,0.3435790382954218
p-Toluic acid__PLS,127.88521576567072
Glycine__PLS,441.0612389975097
Glyceric acid__FEC,0.0
Aceturic acid__PLS,1426.7666098863397
Cyclohexanol__FEC,0.035331977255591854
D-Proline__PLS,0.0
"Pentenoic acid, 4-[(trimethylsilyl)oxy]-__PLS",397.9640005760407
"Cholest-22-ene-21-ol, 3,5-dehydro-6-methoxy-, pivalate__PLS",247.21313614352889
2-Amino-4-methylphenol__PLS,2090.772372705354
2-Methyl-4-pentenoic acid__PLS,1805.510211195884
L-Alanine__PLS,85.81715479853314
"1-Butanamine, N,N-diethyl-__PLS",260.1831753180175
"Butanoic acid, 2-methyl-3-[(trimethylsilyl)oxy]-__PLS",131.68053055097545
1-Cyclopentylethanol__PLS,1091.248852151085
alpha-L-(-)-Fucopyranose__FEC,0.0
"Benzimidazole, 5-trifluoromethyl-2-methyl-__PLS",1990.4968637302268
Trisaminol__PLS,4.01022200507987
"2-Hexenoic acid, 2-[(trimethylsilyl)oxy]-__PLS",39.1595938036803
"Propiophenone, 3',4'-dimethoxy-__PLS",376.9060671495685
"Stigmast-5-ene, 3beta-__PLS",1067.857793808111
Nitrosothymol__PLS,222.2250771995698
"2,2,4-Trimethyl-1,3-pentanediol diisobutyrate__PLS",293.308449483638
7-(Trimethylsilyl)amino-4-methylcoumarin__PLS,12.636229169400634
Niacin__PLS,24.324465417382825
(pm)-N-Propylamphetamine__PLS,4.333426368952685
Tripropylene glycol monomethyl ether__FEC,0.0
2-Naphthol__PLS,229.9394945742994
Methyl aminoacetate__PLS,1697.2449131465619
"2,5-Dimethoxybenzhydrazide__FEC",1.6172141400215536
3-Indolepropionic acid__PLS,328.62040981160084
4-Hydroxybenzeneacetic acid__PLS,179.03125143807634
Delorazepam__PLS,2.6277523764009127
Galactopyranose__PLS,149.22098595372512
Cadaverine__PLS,163.98955649171785
3'-(Trimethylsilyl)oxy-beta-naphthoflavone__PLS,381.2249198109474
L-Asparagine__PLS,7.236798593299784
Hydroquinone__PLS,0.8782886962762237
"1,4-diazabicyclo[4.3.0]nonan-2,5-dione, 3-methyl__PLS",50.22108136724308
Deoxyglucose__FEC,0.0
Heptadecanoic acid__PLS,5.998324707036631
Octanoic acid__FEC,0.0
5-Henicosylresorcinol__PLS,768.378752683784
"3beta,4beta-Bis(trimethylsiloxy)cholest-5-ene__PLS",677.2945396288058
Lactic Acid__PLS,46.627220584087375
Ketamine__PLS,125.03950336609488
S-Methyl-L-cysteine__PLS,483.16670877196657
alpha-Tocopherol__PLS,254.11582108076854
"2-Allyl-1,4-dimethoxybenzene__PLS",362.62902675622297
3'-Hydroxyacetophenone__PLS,45.5266535013374
"2,5-Piperazinedione, 3-benzyl-6-isopropyl-__PLS",1043.6176693980096
Isopropyl palmitate__PLS,3163.1463407220535
Malic acid__PLS,0.05162610629733674
"Cetaben, N,O-bis(trimethylsilyl)-__PLS",115.74002504563667
L-Glutamine__FEC,0.0
2-Hydroxy-5-methoxybenzaldehyde__PLS,96.15838864577937
Sebacic acid__FEC,0.8417613542013656
Indole-3-carboxaldehyde__PLS,920.8518312839595
Glucose__PLS,8.268725463297866
"Pregn-16-en-20-one, 3,18-bis(acetyloxy)-14,15-epoxy-, (3beta,5alpha,14beta,15beta)-__PLS",590.9999999999886
Deoxycholic Acid__FEC,0.0
"Benzene, 1,3-bis(1,1-dimethylethyl)-__PLS",8.198967844366697
Levulinic acid__PLS,2742.537611346531
"Benzene, 1,1'-(1,2-cyclobutanediyl)bis-__PLS",24.607382593791314
"1-Decene, 8-methyl-__PLS",17.521280172240576
"beta-d-Fructopyranose, 1-deoxy-1-(4-morpholinyl)-2,3,4,5-tetrakis-O-(trimethylsilyl)-__PLS",47.8053726061529
"Dimethyl hexopyranosiduronate, alpha-D-__PLS",179.63839853620627
Myristic acid__PLS,953.3557645244853
Pentylone__PLS,5.7530995494639665
Phloroglucinol__PLS,35.727024550440724
4-Hydroxybenzaldehyde__PLS,59.73698400095011
Octopamine__PLS,572.315065931962
"3-(3-Cyclohexylaminopropionylamino)-5-ethylthiophene-2-carboxylic acid, ethyl ester__PLS",650.5691172052198
"Hexadecanoic acid, tetradecyl ester__FEC",0.0
Naphthofluorescein__PLS,168.92617633103148
L-5-Oxoproline__PLS,53.201865990421695
12-Oxooctadecanoate__PLS,142.06113187883452
Butylated Hydroxytoluene__PLS,176.03812904112604
"Benzoic acid, methyl ester__PLS",439.1536301237458
"2,4-Imidazolidinedione, 5,5-dimethyl-__PLS",1353.6050920741338
"2,6-Bis[2-[2-S-thiosulfuroethylamino]ethoxy]pyrazine__PLS",631.9032971834182
Ornithine__PLS,34.43462516161296
"DL-Proline, 5-oxo-__PLS",18.882645190403814
"3,5-Dimethylpyrazole__PLS",1657.5918136028963
2-Hydroxybutyric acid__PLS,260.02539738207724
Niacinamide__PLS,5.170980221228478
Propylamine__PLS,1327.7425194053608
Hymexazole__FEC,0.0
3-Hexenedinitrile__PLS,942.5549545199394
Allylescaline__PLS,17.11232429146591
(pm)-Phenylpropanolamine__PLS,10.531301489243157
"D-(-)-Fructofuranose, pentakis__PLS",181.68181926374928
4-Hydroxybutanoic acid__PLS,156.2762142677654
5-Hydroxyhexanoic acid__PLS,13.111195233759192
1-Phenylethanol__PLS,6.397744267547188
"5-Androsten-17alpha-methyl-3beta,17beta-diol__PLS",71.38103351680323
Benzeneacetic acid__PLS,9.541901840595049
"Thymine, 1,3-dimethyl-6-(trimethylsilyloxymethyl)-__PLS",185.2419526050827
(CH3)2C=NC2H558__PLS,81.97735177851837
"2,5-Cyclohexadiene-1,4-dione, 2,6-bis(1,1-dimethylethyl)-__PLS",11.39578684115309
(pm)-alpha-Tocopherol acetate__PLS,167.10275154921848
"(R*,S*)-2,3-Dihydroxybutanoic acid__PLS",0.8722162981387144
5-Hydroxytryptophan__PLS,136.58751401053132
Itaconic acid__PLS,4.547324596152383
p-Hydroxydiisopropylbenzene__PLS,18.48746353208991
L-Tyrosine__PLS,19.09282819910312
"5alpha-Pregnane-3,20-dione__PLS",28.292203096443195
"3,4-dimethyl-5-(3,4-methylenedioxy)phenyloxazolidine__PLS",0.025974025974025976
Benzeneacetamide__PLS,0.14734885951503163
1-(3-Methylphenyl)piperazine__PLS,17.79679158109343
1-(4-Hydroxybenzylidene)acetone__PLS,74.1717741380393
"1,2-Butadiene, 1,1,4-triphenyl-3-trimethylsilyl-4-trimethylsilyloxy-__PLS",109.46344626278298
Phlorizin__PLS,6.094048558247573
"1,3-bis[(Trimethylsilyl)ethynyl]benzene__PLS",0.0
L-Threitol__PLS,11.284062883976848
1-Octanol__PLS,10.98583782840742
"Butanal, 2,3,4-tris[(trimethylsilyl)oxy]-, O-methyloxime, [R-(R*,R*)]-__PLS",17.90066697225277
Dodecylcyclohexane__PLS,1017.0915866428433
"Benzoic acid, pentadecyl ester__PLS",1762.3389944310627
Salsoline__PLS,9.578108121385393
1-Deoxypentitol__PLS,908.2611823382424
"Cyclopentaneacetic acid, 3-oxo-2-pentyl-__PLS",65.93526080650746
D-(-)-Citramalic acid__PLS,19.76708378716663
"Furan, 2-pentyl-__PLS",29.335506543749023
"Pentanedioic acid, 3-methyl-3-[(trimethylsilyl)oxy]-__PLS",108.61024838203689
1-Hexadecanol__PLS,25.899871104696846
1-Hexanol__PLS,0.0
Methyl isovanillate__PLS,0.09866220735785954
Octanoic acid__PLS,0.42522468424392723
Cholesterol__PLS,0.8208727717467098
"Trimethylsilyl (5-benzyl-3,6-dioxopiperazin-2-yl)acetate__PLS",80.5347801438802
"Acetohydrazide, 2-(2-isopropyl-5-methylphenoxy)-N2-benzylideno-__PLS",38.45398189922781
"Benzene, 1-acetoxy-2,6-dimethoxy-4-(2-propenyl)-__PLS",296.0216453605433
"Methyl (3,4-dimethoxyphenyl)(hydroxy)acetate__PLS",0.0
"1-Piperazineethanol, 4-dibenzo[b,f][1,4]thiazepin-11-yl-__PLS",125.42675544413079
"(2S,3R)-3-[(4E,7E)-Nona-4,7-dienoyl]-N,N-bis(trimethylsilyl)oxirane-2-carboxamide__PLS",23.16746669035479
"Acetic acid, bis[(trimethylsilyl)oxyl]-__PLS",1.0867470937517874
Boric acid__PLS,0.0
Hydantoic acid__PLS,117.7356485657176
"N,N-Diethyl-2-aminoethanol__PLS",413.0594559377343
Pimelic acid__PLS,208.5867540332057
5-Aminovaleric acid__PLS,16.765207491878265
"6,7,4'-Trihydroxyisoflavone__PLS",618.9987377285764
Deoxycholic Acid__PLS,107.77539050672783
"1,5-Anhydroglucitol__PLS",46.33547028891167
Phosalone__PLS,0.9846260860282748
4-Hydroxyphenyllactic acid__PLS,14.252556053136999
Dodecanoic acid__PLS,0.32296225826760183
"2-(2,5-Dimethoxy-phenyl)-propionaldehyde__PLS",77.50304074793715
"3-Hydroxy-2,3-dihydromaltol__PLS",50.24849177091917
"2-Acetyl-3-(1-methyl-2-pyrrolyl)-1,4-benzenediol__PLS",5.0454985042622
Norketamine__PLS,0.0
"2-Amino-4,6-dihydroxypyrimidine__PLS",0.0
12-Hydroxyoctadecanoic acid__PLS,0.038461538461538464
2-Aminoadipic acid__PLS,921.908299740793
Adipoyl-L-carnitine__PLS,221.59525130028055
cyclobutanecarboxylic acid__PLS,1.869195895422049
Suberic acid__PLS,35.09819419973209
2-Hexen-1-ol__PLS,6.387256580682503
2-Hydroxy-3-methylbutyric acid__PLS,36.73613211176796
"3-Buten-2-one, 4-(4-methoxyphenyl)-__PLS",0.7588591101388211
5-(2-Aminopropyl)-2-methylphenol__PLS,175.79883320328372
"2-Propenamide, 3-phenyl-N-2-propenyl-__PLS",782.9084028169848
L-Norleucine__PLS,0.0
Arabinaric acid__PLS,7.8462023806396175
Dimethyl fumarate__PLS,10.470985491982585
"2,5-di-tert-Butyl-1,4-benzoquinone__PLS",839.9994590655737
"2,5-Dimethoxybenzonitrile__PLS",0.0
"Acetamide, N,N-diethyl-__PLS",49.15950434950551
"N-isobutyl-2-(trimethylsilyloxy]-4,5-dihydro-1H-imidazole-1-carboxamide__PLS",0.0
"7-Isoquinolinol, 1,2,3,4-tetrahydro-1-[(4-hydroxyphenyl)methyl]-6-methoxy-__PLS",0.7588591101388211
Cinnamic acid__PLS,109.785013941598
"Tacrine, N-trimethylsilyl-__PLS",4.925331212222228
"Ethanamine, N,N-diethyl-2,2-dimethyl-2-[(3,5-dimethoxy)phenyl]-__PLS",0.07142857142857142
4-(Methoxycarbonyl)phenol__PLS,0.0
l-Histidine ethyl ester__PLS,0.0
"Pentanedioic acid, 2-[(trimethylsilyl)oxy]-__PLS",1.627130615620117
9-Octadecenamide__PLS,1.6172613653056533
Cyclo-(l-leucyl-l-phenylalanyl)__PLS,19.033921846980558
Citric acid__PLS,0.0
Aspartic acid__PLS,23.736663417303358
Phenylalanine__PLS,16.795156091535134
Eicosapentaenoic acid__PLS,10.812336249986213
"1,3-Dioxane-4-methanol, 4,5-dimethyl-__PLS",0.0
"Pyrazine, 3,6-dihydro-3,6-dimethyl-__PLS",0.0
"3,4-Dihydroxymandelic acid, ethyl ester__PLS",0.0
"D-(-)-Ribofuranose, tetrakis__PLS",0.0
Methyl alpha-Lyxofuranoside__PLS,0.0
Xylose__PLS,0.0
D-Mannose__PLS,3.477729502105616
5-Ethyluracil__PLS,0.0
"D-Erythro-Pentofuranose, 2-deoxy-1,3-bis-O-__PLS",0.0
6-Hydroxyflavone-beta-D-glucoside__PLS,2.609267611683849
Trimethylsilyl 3-((trimethylsilyl)thio)propanoate__PLS,0.1209782658823076
Phthalazin-1-one__PLS,0.0
Latanoprost lactone diol__PLS,0.0
"O-Methyl-N,N'-diisopropylisourea__PLS",0.0
Vanillylmandelic acid__PLS,1.4115080463473406
"Morpholine, 4-[2,3,4,6-tetrakis-O-(trimethylsilyl)-alpha-d-mannopyranosyl]-__PLS",8.472618823802476
"2',2,3,6'-Tetramethoxychalcone__PLS",0.0
N-(Trimethylsilyl)hexanamide__PLS,1.5964860387562896
"N,N-Dimethyl-2-cyclohexyloxyethylamine__PLS",13.984805903867061
Phenylpropanolamine__PLS,0.0
Gln-Ala__PLS,0.0
"Ribonic acid, 2,3,4,5-tetrakis-__PLS",0.0
"Talonic acid, gamma-lactone__PLS",0.0
"D-(-)-Lyxose, tetrakis__PLS",0.0
Mrps5__CPX,222.65828183491203
Josd1__CPX,126.7770264079958
Shc1__CPX,701.6106993466087
Trappc14__CPX,574.5391722498167
Agrn__CPX,318.4612791597391
Zfp638__CPX,570.1786709634986
Irak1bp1__CPX,1522.2318331814863
Ube2m__CPX,1.0678939106538823
Wbp4__CPX,2963.920571029738
Evi5__CPX,326.35735130052853
Pcmtd1__CPX,512.9107884252982
Cnih2__CPX,0.8940779976724563
Tppp3__CPX,82.42902538992615
Vps36__CPX,127.67155571241422
Cope__CPX,34.41738606943212
Nt5m__CPX,251.50565852401562
Id1__CPX,34.41738606943212
Slc44a1__CPX,0.29785315288906256
Mcfd2__CPX,12.495215229370086
Gnas__CPX,179.28056299116653
G2e3__CPX,22.801169558730695
Tmem62__CPX,0.024610822831727205
Irf3__CPX,0.0
Ndfip1__CPX,83.10643548079645
Pkn2__CPX,1640.9440200428458
Ankrd12__CPX,1152.0462474911674
Bclaf1__CPX,27.048344697679152
Acox1__CPX,0.06257696906633077
Smarca2__CPX,210.80958597572703
Dek__CPX,116.03278811233207
mt-Nd2__CPX,107.25317102834545
Ccdc59__CPX,9.922519322851985
Rock1__CPX,806.8503353390282
Eea1__CPX,83.25433244322977
Snrnp48__CPX,529.2414096037368
Ylpm1__CPX,422.7302750927254
Krcc1__CPX,21.767816797373467
Wasl__CPX,432.4319654275499
Ergic2__CPX,252.34225401583856
Hsdl2__CPX,54.18976459085584
Psip1__CPX,53.8653046905515
Sntb2__CPX,356.6246763655955
Ccdc88a__CPX,80.47717068279518
Arid4a__CPX,176.60366354692866
Rdx__CPX,42.36419186368458
Tmem161b__CPX,611.3265281586265
Tpr__CPX,407.2774088902904
Frg1__CPX,768.3572415920595
Clpp__CPX,76.97819693950868
Fhad1__CPX,407.69417238186304
Baz1b__CPX,13.608750459759404
Luzp1__CPX,63.90908611529247
B230219D22Rik__CPX,1202.4730976879355
Rad50__CPX,222.33416324923334
Rif1__CPX,33.59927489517905
Zfp1007__CPX,2193.4768612719654
Kif21a__CPX,47.00915134109805
Phactr2__CPX,165.155349871231
Gtpbp4__CPX,1463.1260479245593
Slain2__CPX,55.67037130290677
Nedd4__CPX,320.24301158095255
Wbp11__CPX,1633.8280641602685
Gm15408__CPX,106.7028658566762
Atf6b__CPX,504.18606770053333
Osbp__CPX,508.2534401435367
Cep41__CPX,646.6955226701065
Cd47__CPX,38.62056603769673
Aox3__CPX,33.60594552151551
Eef1a1__CPX,120.50370658790673
Mfge8__CPX,143.60937139286457
Psmd3__CPX,106.7628826314161
Rpl37__CPX,70.35726442119837
Emc3__CPX,1.7651832779814993
Tulp4__CPX,391.9823075285679
Gm5141__CPX,11.290699880638195
Setx__CPX,39.16777537579519
Ahcyl2__CPX,76.06260637713761
Ndufa8__CPX,278.1677421082574
Hip1__CPX,34.910661622773205
Mafg__CPX,1564.8922529216861
Dcaf12l1__CPX,1019.8204870641822
Dlg4__CPX,1257.5431743171328
Sytl2__CPX,766.3307934757122
Tm9sf3__CPX,386.25185127756856
Dync1h1__CPX,272.67072604644244
Rab11fip5__CPX,0.02666666666666667
Cebpz__CPX,28.59739149924777
Btbd2__CPX,122.33418485164208
Pawr__CPX,368.8616163448029
Thyn1__CPX,85.08262125247099
Usp9x__CPX,486.5204152559106
Pabpc1__CPX,284.6818010320026
Kif2a__CPX,424.1188228849623
Lepr__CPX,550.9721099817967
Pdap1__CPX,2321.3228100888896
Smc6__CPX,69.85695173958105
Mrps18a__CPX,347.6553391129704
Zhx1__CPX,50.9935824901574
Pi4ka__CPX,91.21599543083038
Pbx1__CPX,1768.562760007381
Nkapd1__CPX,50.97965955195407
Nipbl__CPX,192.9364878251395
Phf3__CPX,209.55350641918145
Enpp5__CPX,7.972049483783101
Ash1l__CPX,168.47662672055552
Qser1__CPX,255.61859693346523
Hlf__CPX,520.5752154145989
Mtor__CPX,0.0
Cast__CPX,1522.7795766261559
Camsap2__CPX,0.0
Dnajc21__CPX,93.66760010393853
Dhx29__CPX,331.6592444053421
Csnk1a1__CPX,1535.262678289185
Sh3bgrl__CPX,473.37690101041824
Slc22a17__CPX,1404.950901057728
Pja2__CPX,584.7290440511041
Ehd1__CPX,838.0652562594693
Map9__CPX,23.362824322083373
Serbp1__CPX,53.49459778113027
Pura__CPX,13.600907330776858
Slk__CPX,504.3264231484215
Zbtb7a__CPX,644.2736444111761
Sppl3__CPX,261.35733005738126
Cdkn1c__CPX,1032.1700708729747
Rbm27__CPX,14.729232078049176
Ap2b1__CPX,9.348657657585079
Iqgap2__CPX,199.50322085245094
Eif3g__CPX,227.32090176238162
Top1__CPX,51.596794913431395
Golm2__CPX,63.429019711532696
Vps13b__CPX,507.3979331544401
Cct4__CPX,1.4115081822625635
Fgfr1op2__CPX,374.9320798815117
Efhb__CPX,445.8895557697756
Lrp6__CPX,27.171449955470884
Upf2__CPX,12.567328706607796
Fgl2__CPX,0.0
Cep290__CPX,75.4781109589213
Ccdc186__CPX,1589.359858012437
Sptan1__CPX,200.04349816189276
Exph5__CPX,1600.030516400761
Tet1__CPX,0.04224178164779332
Errfi1__CPX,0.047026470643008626
Mia2__CPX,130.87638735332044
Dap3__CPX,0.28575899924216597
Bcl7a__CPX,483.63598296958173
Morn4__CPX,0.0
Nicol1__CPX,312.38077626332426
Ibtk__CPX,855.0811056080092
Psma4__CPX,479.01436345840045
Arhgef12__CPX,954.9897617084057
Arhgap5__CPX,3190.6169994734673
Slc2a2__CPX,0.08815738336684141
Wapl__CPX,759.3512818114574
Limch1__CPX,16.920888755188052
Lrrc8a__CPX,213.99872279533693
Tspan9__CPX,65.44157959908003
Snora35__CPX,34.12281881308609
Rab5a__CPX,0.0
Smc4__CPX,97.94626481435988
Smarca5__CPX,3340.7579205376537
Scyl1__CPX,26.02645644704088
Lpgat1__CPX,409.83632892556454
Dnajc7__CPX,215.87025450211306
Tmem259__CPX,1428.9253709250027
Rplp1__CPX,181.4856102284571
Adam15__CPX,183.24171332109395
Eif3h__CPX,83.5142216741148
Hk1__CPX,426.58136012310854
Ap3b1__CPX,746.2037941388181
Tkt__CPX,112.99778937818975
Tada1__CPX,13.64301761522186
Guk1__CPX,11.506612888067624
Atp6v1f__CPX,18.187863098474548
Gpr162__CPX,273.92790409028356
Rab5c__CPX,34.963112490751556
Ilvbl__CPX,590.5367378310843
Ptk2b__CPX,848.4602391449451
Ubc__CPX,460.1188793748969
Tmem184c__CPX,103.66202030723692
Rad54l2__CPX,282.0649108496481
Pfn1__CPX,272.94463283968656
Fcho2__CPX,350.64650884720066
Mef2a__CPX,526.7745130066561
Fcf1__CPX,43.099588593490914
Lrrc17__CPX,1058.2053921807376
Ctr9__CPX,0.0
Mtrex__CPX,448.5549708701579
Src__CPX,2.6600125157600467
Plgrkt__CPX,93.02309533754698
St6galnac4__CPX,32.42098773363925
Ttf1__CPX,431.6735230701482
Fndc3a__CPX,50.03478305833073
Shb__CPX,2.7329720290944035
Ildr2__CPX,1492.2866485294196
Arrdc4__CPX,115.47939253380076
Fer__CPX,15.366690783959447
Usf3__CPX,1829.2250811506326
Pak2__CPX,531.1559905060132
1110004F10Rik__CPX,97.84679779564497
Ro60__CPX,6.787726046355556
4930556M19Rik__CPX,2128.0461066106977
Smim15__CPX,237.11582015074285
Npepps__CPX,331.5591514130075
Pten__CPX,92.89616528190842
Tagln2__CPX,19.826324380178928
Sufu__CPX,42.61287464034062
Arid2__CPX,0.0
Tatdn2__CPX,5780.34618827778
Zkscan8__CPX,1133.6724580868952
Zfp879__CPX,3.1655183659540356
Chmp4c__CPX,6.136894755046973
Zfp383__CPX,6.136894755046973
Zfp975__CPX,369.08527756288055
Ppp1r12a__CPX,809.091174095193
Ubl3__CPX,2725.5324088507123
Kras__CPX,206.01454021700158
Papss1__CPX,51.57994774148789
Bhmt2__CPX,151.56470571323396
Gas6__CPX,8.205977434923993
Amfr__CPX,5.332821379182819
Prxl2c__CPX,39.081293170168706
Tceanc__CPX,78.71940423163495
Erbin__CPX,481.2030557111348
Silc1__CPX,0.0
Rassf4__CPX,0.0
Fn3krp__CPX,1131.2073827078855
Pqbp1__CPX,2.9951182701840584
Cog8__CPX,247.9895969042035
Aqp11__CPX,90.67491535295028
Samd14__CPX,44.90002997490895
Dhx36__CPX,217.814874101565
Inpp5a__CPX,1.2377313337109386
Pebp4__CPX,0.0
Fsbp__CPX,0.0
Sox13__CPX,203.84478891263709
Slc25a13__CPX,66.62069569189602
Rpn2__CPX,175.04285126199636
Fam13b__CPX,64.06086015737947
UNKNOWN__CPX,346.1476291002882
Cep95__CPX,18.3339701237069
Plcb4__CPX,296.3446059483398
Nol8__CPX,47.75485493021732
Dstn__CPX,31.252695368527487
Itch__CPX,305.3718893510472
Zic2__CPX,0.0
Fxr1__CPX,46.593583762534266
Gxylt1__CPX,0.6985425107200146
Mansc4__CPX,4.267488945620359
Setbp1__CPX,885.3077407344289
Mpp7__CPX,377.443295614184
Kpna3__CPX,0.282000246130681
Ube2q2__CPX,565.7069862901112
Shoc2__CPX,486.2790543981891
4930412C18Rik__CPX,857.9222318721976
Mrpl28__CPX,856.1193562189316
Hdgfl3__CPX,0.0
Hmces__CPX,1022.7716016068077
Kin__CPX,399.8586871833112
Gm38380__CPX,92.08992086630121
Xpc__CPX,2.9023649119582497
Nfyb__CPX,544.7272951214543
Net1__CPX,33.29351438591889
Cep57__CPX,1163.770665019028
Cfap46__CPX,0.0
Tmem167__CPX,8.140043513510536
Rora__CPX,1364.2342873129976
Smim10l1__CPX,265.21284649055633
4921504A21Rik__CPX,31.386279202467698
Gsk3b__CPX,48.96797587729235
Cltb__CPX,46.24166976410858
Gm43339__CPX,2774.411256705319
Suz12__CPX,376.6167280635991
Ctdspl2__CPX,4.778064925240406
Ccdc18__CPX,108.35552255132268
Brd4__CPX,18.36554380252571
Camk1d__CPX,191.01446592938794
Ccar1__CPX,120.03774378366461
Prkaca__CPX,118.63627010587253
Bhlhe41__CPX,858.7294110205963
Zfp358__CPX,9.332672275888187
Arl2bp__CPX,0.0
Acbd4__CPX,9.506476400990016
Cyyr1__CPX,1329.7451005322207
Tmem203__CPX,1.2894422875846787
Msh2__CPX,12.585938153356368
Pdlim5__CPX,476.33328467136306
Pycr2__CPX,584.655852057445
Scg5__CPX,79.3648217148153
Ddb1__CPX,25.572506663889254
Igfbp2__CPX,82.46836139051001
Opa1__CPX,951.9863714128894
Zfp219__CPX,2.836706342060172
Crygn__CPX,368.98301049382405
Ccnd1__CPX,1144.3373570449992
Thra__CPX,1762.32348031552
Zfp768__CPX,414.5745984175484
Ramac__CPX,2.4502246136713186
Ganab__CPX,151.8228499330581
Wrn__CPX,28.712788750974646
Ddit4__CPX,0.0
Dusp1__CPX,0.0
Mterf4__CPX,3.1528294860639727
Clec14a__CPX,836.0222558427573
Aasdhppt__CPX,70.59056739199112
Mfsd2a__CPX,142.00098896547516
Agbl3__CPX,255.9499713316055
Mtf1__CPX,1.8677267155290513
Dlgap4__CPX,227.77206067734892
Rnasel__CPX,298.8421411618524
Smyd2__CPX,0.05714285714285714
Emc10__CPX,48.59409663896426
Dcxr__CPX,0.02857142857142857
Por__CPX,12.778452052090959
Smpdl3b__CPX,0.0
Tmem87a__CPX,0.0
Mospd3__CPX,0.0
Nek8__CPX,1.3575817043520548
Acacb__CPX,7.398513551202887
Gpaa1__CPX,19.43439761648504
Gprc5c__CPX,112.37261960963401
Rpp30__CPX,30837.65142200853
Rpl18a__CPX,0.0
Arf2__CPX,0.0
Eid2b__CPX,0.0
Art4__CPX,0.08500350170800082
Iqcc__CPX,0.0
Nup214__CPX,0.0
Pcgf5__CPX,338.80417275283315
Grpel1__CPX,20.169583076960826
Gm15675__CPX,72.07400286635443
Afg3l1__CPX,99.70888276256862
Ube3c__CPX,7.873467993343828
Dynll1__CPX,174.61578121993483
Igfbp6__CPX,1.7914285714285718
Cspg5__CPX,0.04395256916996047
Cbarp__CPX,0.003952569169960474
Klc1__CPX,0.8297599327030591
Ap3s2__CPX,0.7405842724466642
Aldh9a1__CPX,0.0
Heatr3__CPX,0.21193964237109955
Zfp36l2__CPX,251.16424906272115
Kcnk5__CPX,119.93356402981439
Dock10__CPX,119.93356402981439
Psmd8__CPX,75.55228918586054
Atp5me__CPX,1.8940285366894045
Repin1__CPX,0.10142238713667284
mt-Cytb__CPX,0.0
Prpf6__CPX,3.7084897378761994
Ints11__CPX,0.0
Adcy9__CPX,265.30631289557886
Map3k5__CPX,352.2020700817236
Sin3a__CPX,0.4021677333916448
Stag2__CPX,25.636670606359612
Klf3__CPX,9.56400681063675
Slc17a5__CPX,54.38874291158876
Pknox2__CPX,0.0
Klhl18__CPX,0.0
Mrps24__CPX,0.0
Synm__CPX,5.745454200304433
Gin1__CPX,0.0
Dbndd1__CPX,2.486177851872718
Syt17__CPX,111.82250359214179
Cracr2b__CPX,364.8323207256519
Dctn2__CPX,1361.6328827357731
Scp2-ps2__CPX,8.884540986136654
Rhob__CPX,38.45913797381738
Fzr1__CPX,24.848582443274925
Ide__CPX,126.36223312892251
Ppp1r1b__CPX,78.44126530193832
Ppp5c__CPX,0.0
Ncaph2__CPX,461.26315909657046
Gsta3__CPX,262.80124474861583
Trpc4ap__CPX,287.23805943139496
4632415L05Rik__CPX,47.241865064354464
Imp3__CPX,8.416032835327597
Npat__CPX,903.2613127744945
Spata13__CPX,217.44272654538605
Mrpl17__CPX,60.39155910864701
Dynlt2b__CPX,1165.704994636003
Adck2__CPX,64.59420587437418
Ric3__CPX,198.3553068531597
Phf1__CPX,0.0
Gm12346__CPX,21.796527397981187
Suclg2__CPX,115.78477985168833
Gmppa__CPX,139.20287948398075
Jph1__CPX,17.986510057588756
Iba57__CPX,57.05408003246596
Nfe2l2__CPX,93.34925813200542
5730455P16Rik__CPX,13.37877624683784
Stxbp4__CPX,949.7731041094559
Emd__CPX,37.77963426156822
Birc2__CPX,0.0
Irak3__CPX,0.0
Zbtb37__CPX,11.592091811138161
Ccdc148__CPX,1.0560365216138146
Secisbp2l__CPX,3075.8186044097683
Baiap2l1__CPX,1.9134007008772391
Olfm2__CPX,0.0
Npas3__CPX,0.0
Haus4__CPX,0.12856181146278778
Flcn__CPX,172.42560302751963
Shfl__CPX,122.93449788486886
Atn1__CPX,0.018867924528301886
Niban1__CPX,757.3479754704738
Slc16a7__CPX,0.0
9530026P05Rik__CPX,298.46892376208297
Gsta4__CPX,145.05006159102294
Cdc14a__CPX,7.809465602058594
Ano8__CPX,0.3386625430931631
Lmtk3__CPX,1.922617930183168
Sec62__CPX,91.66993983797565
Recql5__CPX,0.0
Mfsd3__CPX,0.43791796505454794
B130034C11Rik__CPX,0.43791796505454794
Fhl1__CPX,0.5668545513790025
Cables2__CPX,0.0
Hcn3__CPX,1.6172613653056533
Ppfibp1__CPX,0.0
1700125H03Rik__CPX,0.3152158565269719
Zfp322a__CPX,1675.7681611393207
Tsc22d1__CPX,0.0
Telo2__CPX,47.35581818433913
Copg1__CPX,587.8470422669988
Rtkn__CPX,0.0
Slc29a4__CPX,431.44056956115287
Atp7a__CPX,34.82177110999049
Tax1bp3__CPX,0.49367091826645565
Tnfrsf1b__CPX,421.4704400310072
Cnnm4__CPX,9.199666189578785
Nsg2__CPX,552.4772582963856
Cmtm8__CPX,868.747789192497
Sncg__CPX,0.0
Foxk2__CPX,0.0
Slc25a20__CPX,0.0
Pfas__CPX,0.0
Psmg3__CPX,12.4367042556878
Adprh__CPX,0.0
Ptges2__CPX,159.62243066797038
Ndufs3__CPX,82.81239106797199
Ikzf5__CPX,1.810584095087893
Rnf187__CPX,0.7579212428594899
Dhx9__CPX,409.15078012862426
Ruvbl1__CPX,0.005263157894736842
Gpr19__CPX,0.0
Gm19817__CPX,0.0
Pmm2__CPX,14.647314690917138
Pold1__CPX,0.0
Gm42636__CPX,1327.8165034194146
Tomm34__CPX,0.0
Inpp4a__CPX,226.31119263647219
S100a8__CPX,0.03253584703170973
Mtap__CPX,76.83018203591128
Stat3__CPX,1.4934879583974476
Brd2__CPX,0.0
Fhod3__CPX,0.023809523809523808
Rgs7__CPX,34.47045643243323
Scrib__CPX,700.4804566204655
Dync2li1__CPX,86.75611116134765
Magix__CPX,0.13225806451612904
Slc25a16__CPX,17.432282650476424
Ccpg1__CPX,1.8025313278819668
Bcat1__CPX,0.39482789663621487
Zfp654__CPX,4.694124222860585
Ola1__CPX,0.5183488243620541
Fance__CPX,4.507082075340336
Cerkl__CPX,106.36871268860234
Fchsd2__CPX,0.6026077391397479
Vangl1__CPX,2.2212101666812902
Jmjd4__CPX,487.4333478052603
Btg1__CPX,97.0100235827365
Atp5mg__CPX,477.4715179309815
Kpna4__CPX,9.521817324272385
Topbp1__CPX,249.59615212689496
4933439K11Rik__CPX,258.49529959466514
Apc2__CPX,809.8936410528806
Sulf2__CPX,0.0
Tmem204__CPX,6.036461214191391
Tbck__CPX,0.0
Nsmf__CPX,0.2716629492619591
Gdpd3__CPX,0.0
Ccdc33__CPX,11.9275421802298
Dnajc13__CPX,28.83087370896321
Nprl2__CPX,0.0
Maco1__CPX,4.5
Gm25517__CPX,416.5750647404218
Actr3__CPX,2.2232740296130267
Fam98b__CPX,0.0
Cxxc4__CPX,0.5203392621870881
Uros__CPX,72.83808836292778
Ofd1__CPX,32.32265149613091
Gm1976__CPX,1612.8588566573524
Zfp78__CPX,0.0
Srebf2__CPX,0.008064516129032258
Pdss1__CPX,80.14144608760323
Pla2g3__CPX,80.14144608760323
Stk26__CPX,2.4974549427852364
Myof__CPX,0.014084891497202129
Cntn1__CPX,0.0
Ctsc__CPX,304.741436707931
Gm20052__CPX,0.0
Slc35a3__CPX,0.8675241676789174
Txnrd2__CPX,5.400496352049146
Meaf6__CPX,0.0
Gm6548__CPX,0.0
Sesn3__CPX,10.13954200073678
Mtpn__CPX,257.3666602692738
Ints10__CPX,0.0
1700018L02Rik__CPX,0.8297599327030591
0610040J01Rik__CPX,0.125
Plekhn1__CPX,15.109770862281175
Cldn22__CPX,0.46889830226884244
Gm37219__CPX,0.0
Lurap1__CPX,0.0
Kif22__CPX,0.0
Casp8__CPX,0.0
Lrrc8c__CPX,0.11904761904761904
Mx2__CPX,0.0
Cul7__CPX,0.0
Trabd__CPX,0.0
Ndufaf1__CPX,0.0
Gm37204__CPX,41.66614426425822
Ralgapa2__CPX,839.6488980915959
Ifih1__CPX,0.0
Eeig1__CPX,0.0
A430108G06Rik__CPX,0.1599864234737075
Gpr4__CPX,0.0
Rmnd5b__CPX,9.584607301686317
Tbc1d2__CPX,24.21353508200006
Capn15__CPX,0.0
Gm43360__CPX,0.0
Drc3__CPX,0.0
Asb8__CPX,2.551464221084985
Col5a3__CPX,0.0
Faap24__CPX,0.0
C130089K02Rik__CPX,0.0
Gm4017__CPX,0.0
Pdcd4__CPX,58.4814123047245
Dipk1a__CPX,0.0
Sema6a__CPX,0.0
Gm9920__CPX,0.0
Col8a1__CPX,30.172361160367153
Sp4__CPX,2.936639827205313
Gstm6__CPX,0.5057974740519499
Strada__CPX,0.0
Dok1__CPX,0.16666666666666666
D630036H23Rik__CPX,76.79096028222416
Rwdd3__CPX,0.0
Pomgnt1__CPX,609.4323300390281
Dbpht2__CPX,0.0
Sema3g__CPX,0.0
Lrp2bp__CPX,0.0
Perm1__CPX,18.402459570076356
Armcx2__CPX,0.21615213688766077
Alkbh6__CPX,0.0
Flvcr1__CPX,0.0
Clcn2__CPX,414.7949199419868
Icam4__CPX,0.0
Isg15__CPX,2.09368571411854
Serpinb8__CPX,260.2146461895663
Pard6a__CPX,0.6475304245352292
Tmem229b__CPX,123.98790007480589
2610020C07Rik__CPX,31.955317588213752
Ino80c__CPX,0.0
Zmat5__CPX,0.0
Cerox1__CPX,1.0726785996490975
Dennd2c__CPX,0.0
Gm15083__CPX,0.0
Osgepl1__CPX,0.0
Leprotl1__CPX,2.4004794265068754
Kcmf1__CPX,0.0
Tmem80__CPX,393.720002722364
Dpysl4__CPX,0.0
Acad9__CPX,0.0
Pthlh__CPX,5.400496352049146
Cstf2__CPX,327.4242624393251
Uqcc5__CPX,7.202920069448863
Zfp27__CPX,107.68432365995181
Tomm22__CPX,0.0
Sh3bgrl2__CPX,118.08822979291124
Dr1__CPX,0.0
Serp2__CPX,0.5
Dnase1l1__CPX,3.018887530556709
Zbtb11os1__CPX,37.02206278745346
Tnfsf13os__CPX,7.650458953519673
Zfp217__CPX,2.8522208638900426
Cebpd__CPX,11.57651354769724
2810021J22Rik__CPX,6.024373211511148
Gm15587__CPX,0.0
Polr1c__CPX,0.037679425837320576
Lgr4__CPX,0.0
2410124H12Rik__CPX,468.99680696600205
Vps37d__CPX,413.0995982296812
Vmp1__CPX,0.0
C130021I20Rik__CPX,0.0
Abitram__CPX,1.6697055878466849
Zfp300__CPX,0.0
Sfi1__CPX,0.0
Nit2__CPX,34.47045643243323
Ndn__CPX,0.0
2310014F06Rik__CPX,12.63505309811156
Junb__CPX,0.0
Sympk__CPX,0.0
Hmga1__CPX,62.323795530800275
Rai14__CPX,0.0
Eipr1__CPX,0.05956586608499349
Bnip1__CPX,428.8734994805598
Glod4__CPX,150.33466904774318
Atrazine desethyl__PLS,0.0
mt-Tl1__CPX,1.672572630233727
Sh2b3__CPX,2853.696657864571
Tubgcp2__CPX,0.5408975816935891
L-Cysteine__PLS,0.0
Xylitol__PLS,0.0
Ptges3__CPX,70.65979926719561
Kif21b__CPX,0.5528582338609661
Cep78__CPX,106.12397761156643
Cyren__CPX,0.0
Chdh__CPX,0.0
"D-(+)-Talofuranose, pentakis__PLS",0.0
Chi3l1__CPX,667.457303675666
Foxc2__CPX,0.0
Usp22__CPX,0.09090909090909091
Ppp4c__CPX,340.8002867973797
Reep2__CPX,0.0
Rlbp1__CPX,432.89001522369307
Tgfb1i1__CPX,0.0
Gm17530__CPX,0.0
mt-Tv__CPX,0.5532459432679754
9-Hexadecenoic acid__PLS,0.0
Eif3l__CPX,0.0
Plscr2__CPX,33.52135861016145
Micall2__CPX,0.0
Cebpa__CPX,0.0
Zfp760__CPX,0.0
Rec8__CPX,0.0
Mtmr2__CPX,0.0
Carfentrazone-ethyl__PLS,0.0
BC065397__CPX,772.051747325216
Men1__CPX,0.0
Adamtsl1__CPX,0.0
Gm43513__CPX,970.3937957484732
Stk33__CPX,0.0
Doconexent__PLS,0.0
Arhgap15__CPX,90.32669063829267
Cox18__CPX,0.0
Twsg1__CPX,217.0661636981341
Adamts15__CPX,0.0
Pdlim1__CPX,191.24270809234872
Dcp2__CPX,0.0
Ada__CPX,8.913472964064582
Lrrc75b__CPX,0.0
Prpf3__CPX,52.05561354931565
Pigyl__CPX,0.0
Ser-Leu__PLS,0.0
Mpi__CPX,0.0
B230398E01Rik__CTX,215.0000000000002
Arhgap5__CTX,514.8509933354118
Zfp74__CTX,16.766159246300973
Adsl__CTX,0.0
Ppp1r26__CTX,0.0
Dap3__CTX,0.0
C030013C21Rik__CTX,0.0
Plpp3__CTX,219.49538935756476
Mto1__CTX,464.7624874691205
Mob4__CPX,0.0
UNKNOWN_1473__CTX,0.0
Ddt__CTX,986.8055146396999
Kdelr1__CTX,44.02768124287562
Nosip__CTX,0.1382333500122176
Ywhah__CTX,9.605225604935884
Cdc27__CTX,711.6169136611927
Ttc8__CTX,0.0
Klhl22__CTX,2489.0031542013544
Mrgbp__CTX,14.445057847822735
Yars1__CTX,1111.7163885806451
Extl1__CTX,4.597594992912475
Mfn2__CTX,2.8630340953003572
Asphd2__CTX,0.0
Tsen34__CTX,0.0
Lrfn5__CTX,32.21378854553218
Zc3hc1__CTX,1661.5577955191852
Oaz2__CTX,0.1952701547214856
Patl1__CTX,0.0
Mir9-2hg__CTX,0.0
Tnfrsf19__CTX,279.9765468523086
H3f3a__CTX,166.5568526668957
B9d2__CTX,17.05248926893331
Urm1__CTX,117.29458391954724
Nkain2__CTX,47.39629585658822
Ftx__CTX,55.920711942812346
Gm12999__CTX,21.396350132134856
Gab2__CTX,2575.748807780723
Rbm7__CTX,43.998043459016365
Nol3__CTX,0.2683438384573359
Gdf9__CTX,107.45749824914564
Mtpap__CTX,83.32321967954259
Sgf29__CTX,0.0
Sema6c__CTX,107.54250175085365
Kcnj4__CTX,0.0
Taf1b__CTX,0.0
Glmn__CTX,0.0
Pcdha8__CTX,0.0
Manea__CTX,1115.545964491199
Klhl26__CTX,266.16525144863994
Cmtm7__CTX,375.1911324332105
Gm3687__CTX,123.73796560513442
Gm43311__CTX,0.0
Jam2__CTX,152.82223230271472
Rnaset2b__CTX,855.2761879862554
Myct1__CTX,0.0
Scarf1__CTX,2286.1259130565227
Hspb8__CTX,243.05436166678697
Zcchc12__CTX,6.136894755046973
Zfp704__CTX,0.0
Slf2__CTX,272.84887197959273
Gm37420__CTX,115.20710601537836
Gm42837__CTX,0.0
Cdc73__CTX,0.0
Fcho2__CTX,188.33365301949183
Bclaf3__CTX,589.4147624779655
Med12l__CTX,1.9512544479130556
Scrt2__CTX,1503.9430546701585
Exoc5__CTX,827.5120955326926
Rpl31__CTX,21.614034124674454
Ccdc97__CTX,190.78492149753635
Spata7__CTX,52.82377556832471
Mterf3__CTX,184.53447789100304
Eps8l2__CTX,1.1983944392362915
H2az2__CPX,0.0
Abca4__CTX,416.5750647404218
Mrps18c__CTX,1658.8440321734654
Brwd1__CTX,1429.5975477770019
Lrba__CTX,979.2776751499632
Smco3__CTX,617.3507609091834
Gdf11__CTX,33.523392983265985
Ubr5__CTX,1091.9022118106152
Dctpp1__CTX,1.944507733170108
Rps9__CTX,0.0
Ip6k2__CTX,0.0
Hmgb2__CTX,214.9999999999989
Fsbp__CTX,1.7838366733212943
Gm28523__CTX,595.3182881550842
Slc2a4rg-ps__CTX,215.0000000000057
Gaa__CTX,0.0
Gpbp1l1__CTX,0.0
Gm13340__CTX,0.05714285714285714
Furin__CTX,617.4578245980554
Atosb__CTX,3079.1333012793943
Tmtc4__CTX,131.24964021252305
Nudt2__CTX,83.62632463141614
Srprb__CTX,380.62438685208144
Ercc1__CTX,10.21433644259289
Gh__CTX,1134.849598725777
Tulp3__CTX,0.0
Mtmr10__CTX,322.7054704742384
Psmd10__CTX,162.12742334134563
Gm43066__CTX,0.0
Ipo4__CPX,0.0
Gm10221__CTX,0.0
Gm43176__CTX,247.31600493436244
Gm43420__CTX,1693.184054153727
Zswim5__CPX,0.0
Trp53i13__CTX,25.155948223011475
Gm42463__CPX,11.548299113828078
Zmym6__CTX,1194.869201198964
Gm42989__CTX,0.0
Galnt15__CPX,0.0
Kmt2c__CTX,332.8304896191513
Fadd__CTX,246.33434813114798
Neu1__CTX,0.6501009387375578
Arhgap19__CTX,195.39709066895495
Gm26652__CTX,645.0000000000235
Sp4__CTX,0.24011851124709424
Sigirr__CTX,0.0
Arhgef7__CPX,0.0
Tmem242__CTX,0.0
Sqstm1__CTX,0.0
Gde1__CTX,0.0
Tmem232__CTX,0.0
Ppil6__CTX,0.0
Kank3__CTX,1533.9892794607867
Fam168a__CTX,0.8297599327030591
Ctu1__CTX,0.0
Phip__CTX,429.99999999999926
Serpinb1b__CTX,387.5703410124335
Iqgap3__CTX,19.231967617356034
Fastk__CPX,0.0
H1f10__CTX,58.14321575704551
Zfp869__CTX,504.6188245109488
Heg1__CTX,0.0
Dqx1__CTX,3.250841494265308
Rtl8b__CTX,167.91608487977143
Gm38077__CTX,369.06419064575346
Ccnyl1__CTX,54.58702509491981
Atg4d__CTX,0.0
Gm42853__CTX,123.06022304142226
Ess2__CPX,26.619867922328037
Erbin__CTX,13.68339338479305
Tfip11__CTX,0.0
Gm38104__CTX,0.0
Wdr47__CTX,509.2633484739926
Rpl28-ps1__CTX,6.877280866795986
Trdmt1__CTX,2287.061715752335
Erh__CTX,78.44126530193832
Gm15542__CTX,0.0
Mllt6__CTX,263.23201397938504
Gm26592__CTX,0.0
Gm42941__CTX,0.0
Gm42679__CTX,215.00000000000117
Pcdhb19__CTX,0.0
Fbxl22__CTX,4536.9259503234325
Mmp24__CTX,1.2193016720799963
Tor1aip1__CTX,0.0
Zfp677__CTX,279.63576873919175
Ess2__CTX,1.9134007008772391
Itgb1bp1__CTX,135.32538143404005
1700047K16Rik__CTX,0.0
Shh__CTX,694.4061576677451
Etv1__CTX,1.7028217158253913
Habp4__CTX,2783.875572810688
Flnb__CTX,221.52072770945563
Msi2__CTX,0.0
Skic3__CTX,0.0
Cbx6__CTX,0.0
Selenon__CPX,0.0
Mpst__CTX,139.04707551218021
Cand1__CTX,0.0
Tmem229b__CTX,0.0
Rfx1__CTX,1.650161955797249
Gm37941__CTX,570.4479279491958
Rnf13__CTX,0.026597524255603883
5730408A14Rik__CTX,220.31911370841624
Cfap418__CTX,1174.8687411012943
Rab24__CTX,212.92226678630692
Ankrd9__CTX,273.6349451972486
D630023F18Rik__CTX,599.0174658024652
Cables1__CTX,0.0
Rfxank__CTX,429.99999999999505
St14__CTX,623.0781996703095
Cemip__CTX,0.0
Gm42727__CTX,0.22486872255705137
Dalrd3__CTX,945.7051606532937
Sypl2__CTX,0.0
Dlg3__CTX,387.85397644001154
Psme1__CTX,288.4960398357765
Kmt2b__CTX,0.0
Naa40__CTX,12.023515420260566
Rps26__CTX,0.15804110039711652
Atp1b1__CTX,0.0
Nans__CTX,0.7804912478825522
Rpgr__CTX,359.7308668347737
Ptk2b__CTX,0.0
Zbtb45__CTX,830.6246346829956
A430018G15Rik__CTX,0.7227129805096538
Rhebl1__CTX,215.01851851851725
Nudt6__CTX,226.31119263647219
Paxbp1__CTX,0.0
Zpr1__CTX,0.0
Ncoa5__CPX,0.0
Zfp799__CTX,0.0
Dnmt3a__CTX,214.99999999999952
Pwp2__CTX,0.0
Nlgn2__CTX,4.42242479870437
Arl1__CTX,41.47466751504033
Abhd11__CTX,0.0
Cntd1__CTX,0.0
Plcg1__CTX,823.9122907169556
Ptch2__CTX,0.2217432950191571
Flna__CTX,49.814849817629955
Mtm1__CTX,325.5373489100983
Gm37777__CTX,0.42436922159238966
Gm43765__CTX,0.0
Rab40c__CTX,114.20138574643647
Plekhg5__CTX,0.0
Med18__CTX,0.16775941952967915
Ndst2__CTX,169.78387734792705
Gne__CTX,42.57035122358618
Thap11__CTX,145.77829136095716
Kdm3b__CTX,357.60691802637984
Smyd5__CTX,0.0
Utp4__CPX,0.0
Tcf23__CTX,0.0
Tnrc18__CTX,0.0
Brwd3__CTX,1378.4148555903944
Gm37452__CTX,4.5
Fdft1__CTX,2.8072861432304035
Fry__CTX,0.0
Cry2__CTX,0.0
Ss18__CTX,936.1417369332538
Ndufb9__CTX,8.152231352154672
Csnk2b__CTX,0.0
Ppme1__CTX,45.86731808213102
4933439C10Rik__CTX,70.33415346340463
Ripply3__CPX,0.0
Gm37061__CTX,0.0
Xpnpep1__CTX,1.3337765643019577
Csrp1__CTX,235.97102241596815
Nr3c2__CTX,0.44771241830065356
Dgkh__CTX,0.0
Mib1__CTX,12.71508623913268
Nphp3__CTX,214.06917296132895
Dipk1b__CTX,0.0
Tceal3__CTX,0.0
Fgf12__CTX,617.4365460279456
Chmp6__CTX,0.9690198832607064
Gdap1__CTX,128.2640572962938
Tbc1d30__CTX,0.0
Gm14634__CTX,772.1946044680731
Zfp646__CPX,0.0
Slc25a12__CTX,16.160716564528023
Gas1__CTX,298.9673779178399
Gypc__CTX,344.36182849144444
Myo9a__CTX,0.8297599327030591
Pkd2__CTX,0.0
Tarbp1__CTX,227.34108287130138
UNKNOWN_1343__CTX,0.0
Larp4__CTX,0.0
Nufip2__CTX,0.0
Slc38a9__CTX,0.0
Gigyf1__CTX,36.800730843427694
Rasa2__CTX,5.33056633176837
Arhgef1__CTX,0.0
Gm15513__CTX,225.6034943575119
Samd5__CTX,2.4022877795942406
Gm38217__CTX,237.42675784957163
Gm14798__CPX,0.0
Trpv4__CTX,0.0
Ncaph__CTX,258.878384937103
H2bc27__CTX,0.4969199153797043
Trib1__CTX,0.0
D030028A08Rik__CTX,0.0
Rom1__CTX,0.0
Gm15124__CTX,0.013271852445870088
Gpr65__CPX,0.0
Popdc3__CTX,0.0
Dhtkd1__CTX,0.0
Arhgef26__CTX,0.0
Gdf10__CTX,215.0000000000035
Zfp689__CTX,0.0
Dynlt1f__CPX,0.0
Zfp738__CTX,0.0
Fam199x__CTX,0.0
Arb2a__CTX,0.0
Uty__CTX,0.0
Gm43677__CTX,0.0
Zbtb44__CTX,0.0
Bean1__CTX,0.43791796505454794
Fads3__CTX,0.0
Usp33__CPX,1.604745269768272
Mettl5__CTX,0.0
Fra10ac1__CTX,1.604745269768272
Aatf__CTX,119.7558265671688
Gm43133__CTX,0.13225806451612904
Sncg__CTX,0.0
Ppp1r3g__CTX,15.109770862281175
Pheta1__CPX,0.0
Vmac__CTX,0.0
Gm3764__CTX,0.0
Fam91a1__CTX,8.913472964064582
Adamts15__CTX,0.0
Gria4__CTX,121.78749456866527
Zranb2__CTX,0.0
Nptn__CTX,0.0
Vps39__CTX,22.304317519157753
Grk3__CTX,0.0
Eid2__CTX,68.67011040968156
Hook2__CPX,509.17902118003775
Zfp638__CTX,214.99999999999906
Wwc2__CTX,248.90925536726243
Mier3__CTX,111.48366163912685
Kcnma1__CTX,509.17902118003775
Gm37266__CTX,0.0
Vps13a__CTX,4.737062463178917
E230020A03Rik__CTX,0.0
Ascc3__CTX,0.0
Zfp382__CTX,0.0
Hmgcs1__CTX,95.24417343283214
Mipol1__CTX,0.15242112360642263
Alkbh1__CTX,473.133188614386
Notch3__CTX,0.0
2310034G01Rik__CTX,0.0
Hspa1b__CPX,0.0
Cdk7__CTX,260.71464618956617
Acsbg3__CTX,0.0
Sox30__CTX,1.0310690187005978
Cdc42bpa__CTX,0.0
Crygn__CTX,0.0
Setd2__CTX,0.0
Tle5__CTX,117.17403656500093
Dusp28__CPX,0.0
Pigv__CTX,0.0
Mrps34__CPX,0.0
Frmd3__CTX,0.0
Ptrh1__CPX,0.0
Gm5845__CTX,5783.97112153528
Gprin2__CTX,555.2608844229792
Rpl8__CTX,0.0
Hmox2__CTX,44.39391048595892
Serpina3n__CTX,2.477042790321191
Ctso__CTX,100.13258782616911
Tubg2__CTX,644.2370775630988
C130023A14Rik__CTX,0.0
Mitd1__CTX,0.0
Preb__CPX,0.0
Exoc1__CPX,271.94997074124404
Patz1__CTX,233.70429331810226
5730409E04Rik__CTX,174.44151208772
Gm3364__CTX,0.0
Ascl4__CTX,0.0
Brdt__CTX,0.0
Retreg3__CPX,0.0
Phldb1__CTX,763.2193846950436
Gm37529__CTX,214.9999999999999
Sdr39u1__CTX,338.97941133085766
Ubb__CTX,0.0
Tmem138__CTX,0.0
Sh2b1__CTX,0.0
4921524J17Rik__CTX,866.7285449896469
Pard6a__CTX,0.0
Zgrf1__CTX,922.0893144864331
Ppm1j__CTX,567.6448919055134
Zfp523__CTX,290.50521206951436
Mrpl34__CTX,0.0
Nudt22__CTX,1225.1977748574463
Gm38357__CTX,119.93356402981439
Slc13a5__CTX,1328.6065689412715
Cxcl14__CTX,5.227978997305024
Nudt16l1__CTX,0.0
Slc7a14__CTX,159.7721434832312
Pnkp__CTX,1.7761450106803043
Adrb3__CPX,127.59185993161141
Agk__CTX,0.0
Acot6__CPX,17.477062585257368
Ece2__CTX,0.0
Pcmtd1__CTX,0.0
Gm17259__CTX,51.46386682974908
Gm29488__CTX,0.0
Muc3a__CTX,430.00000000000034
Zfp874a__CTX,0.0
Sdhb__CTX,0.0
Alx3__CPX,0.0
Rimbp3__CTX,0.0
Snx22__CTX,214.99999999999704
Zfp469__CTX,262.17207028888106
Wdr6__CPX,0.0
F9__CTX,0.0
Gm10654__CTX,0.0
Fam193b__CTX,0.0
A930024E05Rik__CPX,0.0
Mchr1__CTX,0.0
Tcea1-ps1__CTX,234.40304608563744
Xpr1__CTX,0.0
4833417C18Rik__CTX,445.7485331364949
Etohd2__CPX,0.0
Ptpn4__CTX,18.110296399316013
Wbp1__CTX,0.0
Gm38299__CTX,354.7827708604553
Folh1__CTX,0.0
Plag1__CTX,0.0
Vps13d__CTX,0.0
Epcip__CTX,0.0
St8sia6__CTX,0.0
Iqank1__CTX,297.91338700303373
Idi1__CTX,0.0
Tmem104__CTX,169.85678238186188
Cul4b__CTX,462.5954387938225
Map3k20__CTX,0.0
Zc3h11a__CTX,0.0
Utp20__CTX,0.0
Cops8__CTX,0.0
Dpp10__CPX,0.0
1700007L15Rik__CPX,0.0
St8sia2__CPX,0.0
Comt__CTX,0.0
Slc7a11__CTX,475.2520613566753
Aldh8a1__CTX,0.0
Mrps22__CPX,0.0
Hycc1__CTX,851.8126974348868
Cd24a__CTX,0.0
Gm37834__CTX,0.0
Map3k2__CTX,0.037679425837320576
Dcp2__CTX,85.63817150855489
Gm15764__CTX,0.0
Steap3__CTX,3581.7178448126588
Usp48__CPX,0.0
Med13l__CTX,1.759689439589209
Elmo2__CPX,0.0
Pstpip2__CTX,115.47939253380076
Gm42442__CTX,0.0
Ncl__CTX,217.0661636981341
Stard4__CTX,0.0
Mthfd1l__CPX,0.0
Ndufv3__CTX,0.0
Lrp4__CTX,0.0
Ankrd16__CTX,0.0
Pole__CTX,0.0
Svil__CTX,0.0
Hlx__CTX,0.0
Minar1__CTX,60.33966762263342
UNKNOWN_1345__CTX,0.0
Nod1__CPX,0.0
Gm26225__CTX,28.22138287634409
Psd3__CTX,109.067167028403
Ddx6__CTX,164.54991237830822
Vps13c__CTX,67.3505351854353
1810021B22Rik__CTX,6.233732974445847
Prkn__CPX,0.0
Cdc25c__CTX,695.9035531888476
Phka1__CTX,882.7106795628335
Socs5__CTX,0.0
Fpgt__CTX,184.41561459521964
Col25a1__CTX,180.78588476240594
Gopc__CTX,0.0
Yars1__CPX,0.0
2810021J22Rik__CTX,0.0
Wdr27__CTX,0.0
Gm10516__CTX,30785.69806775192
Knstrn__CTX,0.0
Sp3__CTX,0.0
Nicn1__CTX,0.0
Tmem250__CTX,0.015930790736930947
Ints5__CPX,0.0
Ncbp2__CPX,0.0
Gm43187__CTX,0.03443449048152296
Sec24a__CTX,0.16666666666666666
Gm43417__CTX,0.0
Hmmr__CPX,0.0
Zcwpw2__CTX,402.5083424137518
Btbd1__CTX,0.0
Mpnd__CPX,0.0
Psmd2__CTX,1566.597025515218
Nek1__CTX,144.66584653659518
Emc6__CTX,0.0
Kmt5b__CPX,0.0
Rgs5__CTX,0.0
Farsa__STM,217.61201794761632
Tpd52l2__CTX,0.0
Cacul1__STM,36.04315172717263
Casp8__STM,175.71446527226274
Epor__STM,134.8987226418247
Ints6l__STM,233.95004919935283
Fchsd1__STM,1.1328601264128635
Vps35l__STM,1288.786628838735
Sema4d__STM,0.5546247406969153
Phex__STM,74.73486894124288
Gm29155__STM,215.00000000000077
Plekha3__CTX,0.0
Qars1__STM,214.9999999999987
Smad2__STM,0.25
Gnl2__STM,0.0
Pcdhgc5__STM,1.8887039156218681
Sugp1__STM,1196.0941282158367
Bend5__STM,846.4500196092314
Chia1__STM,189.58853706763904
Katnal1__STM,5.187453176929283
Apc__CTX,0.0
Ccno__STM,95.5057768319296
Zfp523__STM,1351.5970255152106
Ccnt1__CTX,1.3961251167133517
Mon1b__STM,1.3373015873015872
Gm20045__STM,0.058823529411764705
Mllt11__STM,430.18856297747817
Lpl__CTX,0.0
Pabpn1__STM,333.42635209932615
Bltp3b__STM,843.3670864668469
Pgap2__STM,404.6612536168363
Ace2__STM,0.0
Mrpl16__STM,0.0
Scg2__STM,166.49209423857786
Atad5__CTX,0.0
Ankub1__STM,2.541637640775572
Pnck__STM,480.7484280916466
Ly6h__STM,107.58293594382604
AI593442__STM,3682.8227607911303
Atat1__STM,0.0
Appbp2__CTX,0.0
Psmc5__STM,13.182827662752098
Psmd12__STM,0.0
Gm19967__STM,778.7711049571878
Mydgf__CTX,0.0
Pgam1__STM,218.74358064008868
Gnl3l__STM,135.06412530551484
Rab29__STM,0.0
Gm3294__STM,1.6608410558165059
Col6a4__STM,0.0
Ddx46__STM,0.1479802848674535
Gm4924__STM,26.54709044189445
Spaca6__STM,877.17008590064
Baz1a__STM,329.57758414263185
Tekt1__CTX,0.0
Hs1bp3__STM,107.60775366827582
Slc1a4__STM,358.5125066545518
Cep63__STM,296.75270085394783
Mxra7__CTX,0.0
Arl2bp__STM,119.4671548783905
Mia2__CTX,0.0
Smpdl3a__STM,0.0
Szt2__STM,0.0
Amz2__STM,16.457939363544018
Nfatc4__STM,1.320197044334975
Cbln2__STM,2558.0183529163037
St8sia5__STM,1087.5792960180204
C2cd2l__STM,2766.364293108343
Trp53bp1__STM,161.17291031347673
Rpgrip1__STM,0.07194352541875021
Oxt__STM,0.0
Gemin6__STM,0.0
Zdhhc20__CTX,0.0
Wif1__STM,159.3565308094153
Copg1__STM,229.13328042749845
Slc22a17__CTX,0.0
Dlx5__STM,79.1128477723654
Pcdhb20__STM,230.3423711479475
Cmbl__CTX,0.0
Ndufaf8__STM,215.00000000000188
Shisa9__CTX,6.800833113895652
Macroh2a1__STM,51.9787069113502
Timm17b__STM,221.8008331138978
Hapln3__STM,552.4338957816005
Abi2__STM,1496.0504762585756
Msrb2__CTX,0.0
Tomm70a__STM,12.165897049376461
Fam13b__STM,1019.5693071524429
Gm15446__STM,0.0
Cmtr1__CTX,2.1468093666107944
Cmas__STM,89.4239517785045
Tubb2b__STM,0.178206185549918
2510002D24Rik__STM,0.0
1810044D09Rik__STM,0.0
Ddhd1__STM,0.0
4930447M23Rik__STM,0.0
Sting1__CTX,16.45166154219217
Galnt16__STM,231.35642344695228
Tnks__STM,215.09523809523645
Spata24__CTX,0.0
Pnoc__STM,550.6874190337177
Me2__STM,61.791862900662856
Iws1__CTX,0.0
Bcor__STM,0.0
Impact__CTX,0.0
Fchsd2__STM,27.407857179706475
Cyria__STM,215.00000000000136
Fads2__CTX,7.770639590064929
Msh2__STM,95.29364296384358
Klhdc10__STM,19.19162574079957
Pcx__CTX,0.0
Ttc22__STM,266.2121081533948
Efemp2__CTX,0.0
Casq2__STM,37.369017143170105
Col27a1__STM,0.17085667600373483
Car5a__CTX,422.01707277612024
Gad2__STM,660.8093399613389
Mafa__STM,431.60609879990585
Adam17__STM,0.0
Gm10699__STM,0.211957336604648
Luc7l2__STM,1469.995622700155
Mrps12__STM,5.678644954759485
Snrnp70__STM,937.8662564835357
Cfap92__STM,224.75814719088308
Aste1__STM,0.08839285714285713
4833418N02Rik__STM,41.16084840993743
Thoc3__CTX,0.0
Zfp512b__STM,21.718580207925037
Zfand2b__CTX,0.6785575048732944
Crlf1__STM,0.0
Sez6l__STM,393.98658133296135
Smim8__STM,2.0661636981349094
Spp2__CTX,0.0
Pantr2__STM,0.07597215818018137
Cfh__CTX,7.770639590064929
Emd__STM,28.113238784042117
Dctn2__STM,1387.858685878102
Rgs2__STM,439.3714431824798
Ywhag__STM,1918.5173700393264
Gm37569__STM,618.1656970942732
Soat1__CTX,0.0
Tyro3__STM,923.9190217074472
Fam174c__STM,208.5248248232391
Nkx2-9__STM,901.8706979247385
Lypd6b__CTX,1.71754269826559
Snai3__STM,665.7268316089078
AB041806__STM,1.6975230414746545
Spopl__CTX,0.0045019150166208995
Ptk7__STM,93.5066937663106
Alas1__STM,0.0
Sgsm1__STM,128.56955693880386
Ift122__STM,63.13473405875035
Slc35e2__STM,67.08740577402597
Htr1d__STM,295.8131357860312
Luzp1__STM,45.34089309026659
Shfl__STM,0.0
Casq2__CTX,0.0
Ano2__STM,3.7110733787419647
Snx7__STM,761.6720939344294
Gsta3__STM,216.39799131299506
Eif1b__STM,134.4447053624778
BC004004__STM,0.0
Ybx1__CTX,70.70807193903872
Hbp1__STM,0.059571619812583666
Osbpl8__STM,166.76543797206
Lmo2__STM,126.99252127357168
Tmem130__STM,556.5630861240916
Scn4b__STM,3259.26327836228
Macf1__CTX,20.721220311415895
Cct8__STM,0.0
Cd99l2__STM,0.2446405156207437
Ccdc28b__CTX,0.0
Itgam__STM,0.0
Nat10__STM,185.6669936374452
Sike1__STM,215.76292243685145
Vrk1__STM,409.5987500619652
Psme4__STM,224.7319693121227
Cd44__STM,0.0
Sbk2__CTX,0.0
Atr__STM,0.006535947712418301
Niban1__STM,23.044026926419757
Trp53rkb__STM,0.0
Smyd4__STM,321.32814438866103
Lpin2__STM,76.52649848645815
Ip6k2__STM,9.878199464665897
Dll3__STM,307.83516962432276
Scap__STM,215.63899468836703
Zfp512__STM,0.0
Ncoa5__STM,0.0
Txnl1__STM,108.7611156710696
Mecp2__CTX,0.0
Rnf144a__STM,181.70232713390251
Tgfa__STM,39.00186899965115
Spock3__STM,189.51988449025163
Eif4ebp1__CTX,2.0661636981349094
Thop1__STM,2.8921174437632886
H13__STM,132.0699164442027
Gemin7__STM,9.798192839355735
Nanp__STM,0.0
Msmo1__CTX,3.3465262724751073
Lrtm2__STM,142.10818377909254
Syne2__STM,0.12376316644436254
Med25__STM,0.0
Cpped1__STM,408.078199670306
2310030G06Rik__CTX,6.1107008799056945
Acadvl__STM,340.3419812196582
Poglut1__STM,2.895018580959407
Syt3__STM,21.360174890747235
Pigb__STM,0.0
Itgb2__STM,214.99999999999932
Gm7467__STM,243.2213828763472
Csnk1g1__CTX,0.0
Cyp4f15__STM,0.19743589743589743
Me1__CTX,0.0
Klhdc3__STM,0.0
Gm11696__STM,0.0
Micu1__STM,259.446253971224
Lyzl4__CTX,0.0
Ino80__STM,163.9169980739377
Map3k14__STM,3.029744885563763
Mrpl3__CTX,5.5207035118972385
Rps6ka3__STM,9.208853776514726
Lmtk2__STM,880.5843352173373
Dync2i2__STM,388.39871164077664
Dock3__STM,290.6888165594054
Pip5k1b__STM,0.019418601051719213
Slc39a12__STM,12.884173551558032
Rnf207__STM,24.78400632220384
Stk19__STM,4.630373782037394
Angptl1__CTX,0.16507936507936508
Prkcsh__STM,32.40767722074519
Pmm1__STM,569.6241908733845
Wdr89__STM,473.6563657831096
Map3k13__CTX,0.0
Cep350__CTX,4.967987073649425
Ebf1__STM,8.798404016404744
Rpap2__CTX,215.0000000000002
Rhou__STM,0.0
Sting1__STM,51.61830587206936
Accs__STM,285.3857092225767
Hhip__STM,1.3917561731162158
2700049A03Rik__CTX,11.696457369551107
Mcrs1__STM,165.87659571727175
Hey1__STM,1057.8199718222138
Emcn__STM,433.3743266061108
Mapre2__STM,25.703831697956595
Ptpn6__STM,19.281376301061012
S100a13__STM,28.91371599478507
Mir9-3hg__STM,0.0
Hectd1__CTX,0.0
Mturn__STM,3123.823326837601
Zbtb3__STM,8.318915724534925
Ak2__STM,215.00000000000085
Slc18a1__CTX,983.9254887986913
Tpmt__STM,0.6430894359847725
Ebag9__STM,0.0
Ric8a__STM,0.0
Trappc3__STM,0.0
Nmnat1__STM,0.0
Smurf1__STM,99.44582389578318
Dtx4__STM,0.22436418027739968
Otulinl__STM,361.4153232952289
Gm16339__STM,7.042875957844558
Elf1__CTX,0.0
Cnot1__CTX,215.00000000000045
Acadm__STM,245.8578316044888
Casc3__STM,0.0
Alg5__CTX,215.0000000000026
Brd3__STM,0.0
Zdhhc18__STM,452.8236283028777
Tmem241__STM,644.9999999999972
Zdhhc9__CTX,0.0
Vps41__STM,1.6745976170974353
Aldh3a2__STM,22.18920748195875
Efnb2__STM,1016.4617564738228
Dbndd1__STM,860.0000000000394
Trappc5__STM,653.3759038608422
Ddhd1__CTX,0.0
Dzip1l__CTX,0.0
Prdm1__CTX,6.30878700032431
Pdia5__STM,525.791118628994
Il15ra__STM,104.5341243971715
Strip2__STM,409.1623678858073
Gm42725__STM,253.31063024894144
Sesn1__CTX,0.0
Parva__STM,0.0
Ubr7__STM,215.00000000000398
Fbxo25__CTX,214.99999999999736
C130026L21Rik__STM,0.0
Mrnip__STM,221.75054591115295
Nop56__STM,189.5179682653534
Dock10__CTX,0.0
Synj2bp__STM,0.0
Dscam__STM,2061.2077109771544
Pea15a__STM,1772.7671387613088
Pmvk__STM,413.1160527915072
Hyls1__STM,0.0
Rxrb__CTX,0.0
Nhsl1__CTX,0.0
Coro1c__STM,0.0
Ltbp4__CTX,0.0
Htatsf1__STM,686.9896991164428
Rad54l2__CTX,0.0
Wwp1__CTX,0.0
AI504432__STM,0.0
Myzap__CTX,0.0
Kansl1__STM,0.0
Kctd12b__CTX,214.99999999999932
Trnt1__STM,214.99999999999932
Acbd5__STM,0.0
Klf8__CTX,0.0
Rpl37__CTX,0.0
Mapk8ip2__STM,1437.7394074195638
Gm42588__STM,10.727635774066105
Immp1l__CTX,0.0
Hic2__STM,0.0
Krtcap2__CTX,0.0
Rad51ap1__STM,0.0
Marchf10__STM,430.43922752021996
Adamts3__CTX,0.0
Stk25__STM,0.0
Ift172__STM,4.179479246872384
Rbmx__STM,178.6431455804199
Ackr3__CTX,0.0792963417963418
Rundc3a__STM,255.12377905853924
Akr1b1__STM,0.0
Ndufa13__STM,689.78706177445
Insyn2a__STM,0.010309278350515464
Inha__STM,433.646395716401
Ilf2__STM,0.5
Gphn__CTX,0.0
Yipf6__CTX,0.0
Ckb__STM,0.0
Gjb6__STM,0.0
Ccdc169__CTX,215.49717130986693
Ift46__STM,27.47306577172404
Stx3__STM,0.0
Col6a3__STM,225.50276956871298
Gm8186__CTX,0.0
Oxr1__STM,678.5957442030677
Lpar4__CTX,0.0
Mib2__STM,429.99999999999466
D16Ertd472e__STM,14.985910303608405
Snip1__CTX,0.0
Lca5__STM,162.60076187794363
Spr__STM,1587.4958353099933
B230217C12Rik__CTX,411.6330064273252
Zfp719__STM,215.82463216813673
Myo1a__STM,713.6674743393041
Mterf1b__CTX,10.727635774066105
C130075A20Rik__STM,0.25
Tcf4__CTX,0.0
Pcdhga5__STM,186.9748657660995
Tprkb__CTX,0.0
Cdh15__STM,0.0
Gimap4__CTX,0.0
Impdh1__STM,0.0
Polr3c__STM,0.0
Ddias__STM,0.0
Ep300__CTX,0.24025391760905374
Synpo2__STM,364.83429593978116
Mrfap1__CTX,0.0
Mpp7__CTX,2.234107495215182
Abcg1__STM,0.0
Mmel1__CTX,214.99999999999932
Gm17322__STM,0.0
Tubb2a__CTX,0.0
Col13a1__CTX,2.6203039708101605
Tcf7__STM,34.263262636145285
Kcnq5__STM,174.0376117687114
Polg2__STM,0.19859587802541073
Gm26814__STM,953.9186829876892
1110002L01Rik__STM,0.0
Wars1__STM,0.0
Cdk17__STM,684.1852608568945
Manbal__STM,447.59229635704787
Gpr180__STM,450.7029638044597
Efcc1__CTX,14.942439827673812
Aard__CTX,0.0
Firre__STM,0.0
Flnc__CTX,0.0
Qrich1__STM,0.0
Tmem100__CTX,0.0
Podxl2__STM,340.1415688169176
C030034I22Rik__CTX,788.9021876884098
Fyn__STM,574.1527839995516
St3gal5__STM,77.88026330664518
Nbeal1__CTX,0.0
Nr2f6__STM,0.05575935436537051
4930513N10Rik__CTX,0.0
Saraf__STM,408.1314595549417
D930028M14Rik__CTX,45.99137158864607
Gfra2__STM,313.1781837532824
Col4a2__STM,0.1968073069928237
Pgap4__STM,429.5423578033678
D430036J16Rik__STM,85.07375118550029
Chst14__CTX,0.0
Lca5l__STM,0.0
UNKNOWN_1454__CTX,0.0
Tmem8b__CTX,0.0
Car8__STM,258.13318861440837
Rps3a3__STM,0.0
Taco1os__CTX,9.67169243718168
Rarb__STM,62.89643795479397
Fkbp1b__STM,6.745353638420142
Hspa1a__STM,165.883312883159
Npr2__STM,250.19520777615782
Vav3__STM,108.01265524252092
Tcf15__STM,235.89992991546723
A330040F15Rik__CTX,2.6451534002752433
Hacd3__STM,0.0
Efhd2__STM,245.42741118023358
Rhobtb2__STM,211.15186990374306
Pdpk1__STM,12.274867515049907
Tbx3os1__CTX,215.00000000000085
D17H6S53E__STM,0.0
Gm43359__STM,0.0
Tfr2__STM,0.0
Gm18284__CTX,0.0
Egfem1__STM,0.7095238095238094
Zfp346__STM,75.52831915999539
6030458C11Rik__STM,138.50901749484834
Mrc1__STM,0.0
Tmem201__STM,214.9999999999977
Adcy5__STM,2840.0612174593603
Fbxl16__STM,3058.6419107728457
Agbl5__STM,2290.236431785338
Tpbg__STM,0.0
Klf16__STM,592.7157289276354
Penk__STM,3544.8035565217974
Slc24a3__STM,3999.714346072356
Ap1ar__STM,2202.202114803068
Aasdhppt__STM,429.9999999999953
4930519P11Rik__CTX,644.9999999999972
Zbtb40__STM,429.9999999999894
Rundc1__STM,1.251386904495958
Bvht__CTX,52.40721642680606
Gm4804__CTX,0.0
Polr1g__STM,173.9633653401013
Gm29155__CTX,215.00000000000009
Sh3bp1__STM,0.0
Cog4__STM,0.0
Efl1__STM,215.18944088616166
6430511E19Rik__CTX,0.0
Gm37258__CTX,40.58194263564702
Uqcr10__STM,36.909475084986866
Lamtor5__STM,0.574448717101389
Gm38254__CTX,215.00000000000267
Polr1b__STM,0.0
Gm37745__CTX,0.0
Cacna2d3__STM,1697.6993505904627
Gabra4__STM,690.024440687011
Adra2a__STM,470.74522496860453
Pld5__STM,79.08042142518488
Rad51ap2__STM,153.50067606832752
Gm20712__STM,0.16939663420686513
Wdsub1__STM,0.0
Phf12__STM,7.165818274391634
Grb2__STM,47.93573082657387
Prmt8__STM,0.0
Gm37033__CTX,0.0
Gm43413__CTX,26.186172118550566
Chmp2a__STM,215.00000000000128
Gm42482__CTX,0.0
Gm43009__CTX,92.33162955669799
Cxcl16__STM,0.07692307692307693
Itpr3__STM,1.4377754497516164
Gm37124__STM,6.929440063800727
Tmx3__STM,118.47650585989234
Ddx31__STM,1183.39849429558
Slco5a1__STM,0.0
Gm43795__CTX,0.0
Peg13__CTX,0.0
Tiam2__STM,272.72202322468473
Gm42897__CTX,0.040675766548397795
Isl1__STM,3.5652764438228526
Gm42600__CTX,0.0
Fam8a1__STM,0.0
Ckmt1__STM,100.4120961314195
Ggct__STM,432.471399943621
Snap47__STM,53.061509776826114
Mpped2__STM,161.9353216276061
Rbms1__STM,434.968456029186
Prps1__STM,52.525356906152766
Rbm8a__STM,207.93466009403366
Tbc1d22b__STM,50.050639293839545
Trank1__STM,386.69020535520235
Acvrl1__STM,231.91536521537847
Calb2__STM,3.1359550191959866
Rxrg__STM,15.142127463164742
Adora2a__STM,68.63535759761656
Vti1b__STM,156.41867064277554
Strn__STM,177.10190174980573
Kcnab1__STM,314.50293723221984
Jcad__STM,532.597369279251
Dgki__STM,0.0
Scube3__STM,629.6599407483826
Basp1__STM,82.64409128366864
Gng7__STM,63.016903030686336
Slc35d3__STM,175.3442223993873
Kcnip1__STM,475.46188215982005
Fxyd6__STM,13.900864181089712
Gpr88__STM,256.89259863628865
Tlnrd1__STM,127.79073910490447
Gm6556__STM,0.0
Sec14l1__STM,82.33185006565085
Fsbp__STM,0.06865079365079364
Slc5a5__STM,202.71633099655455
Zim1__STM,53.49259188452333
Cacng4__STM,164.73502908353035
Coch__STM,345.8745274488147
Laptm4b__STM,202.38323057376172
Fkbp4__STM,3.584337067306868
Cisd3__STM,190.71729669880722
Dnajc5__STM,462.49141170143935
Erlin1__STM,538.2740668740114
Arel1__STM,739.1754493863168
1500015L24Rik__STM,21.84928866291021
Kctd10__STM,0.0
Gtf3c1__STM,162.34028870848695
Gm29325__STM,430.0926791277249
Jup__STM,0.0
Ctnna1__STM,225.86557590228244
Tspan33__STM,4.933333333333334
1700017B05Rik__STM,251.515787442161
Esam__STM,215.07824510832168
Naa40__STM,0.0
Enho__STM,828.3341518927377
Derl1__STM,65.66702403578579
4921539H07Rik__STM,368.76953230940364
Tmem25__STM,44.62448809730477
Htr1a__STM,3.0266902972976766
Itga4__STM,10.96195541572798
Clec12a__STM,5.3712254141135825
Smg9__STM,0.20146726540740256
Kndc1__STM,205.48019750297493
Rgs20__STM,15.51170452048575
Cacng2__STM,216.02313525938376
Lrrc4c__STM,35.399513240849096
Map1lc3b__STM,11.692132720208518
Tspyl5__STM,50.51496124324512
Pcdhb13__STM,0.9720568845929725
Stk32a__STM,140.90842754620695
Ctnnbip1__STM,0.5976831505134983
Cdip1__STM,29.1171960504402
Tmem160__STM,0.5851590440442332
Uqcr11__STM,404.8067580501406
Atp5po__STM,900.143987508318
Dtx2__STM,0.0
Rgl2__STM,216.76424891624393
Celf1__STM,494.33239293488475
Spryd3__STM,0.47518141776108636
Pcdhb7__STM,387.93741576688876
C230014O12Rik__STM,73.93073920395223
mt-Nd1__STM,0.5430598696624817
Mapt__STM,123.87089728694768
Id4__STM,162.41813140159283
Ly6e__STM,500.5734468988675
Acot7__STM,400.26768530563265
Gucy1a1__STM,139.11987060902948
Arx__STM,2.311175610207868
Gm5093__STM,23.355162892542225
Gclc__STM,404.0016435501943
Fbxo28__STM,42.62297853965381
Elavl2__STM,3.4039530260771333
Rsrp1__STM,39.85135770027809
Abhd2__STM,101.33984254733284
Parm1__STM,16.94087808240339
Rapgef5__STM,292.2842300461007
Elapor2__STM,2.948308564288843
Rps5__STM,215.00000000000136
Mrpl30__STM,0.0
Plekhj1__STM,0.0
Nars2__STM,38.23241000584815
Xk__STM,0.0
Dennd6b__STM,4.409318153270763
Adcy2__STM,13.354341472273376
Mkrn1__STM,143.8736801811006
Hes6__STM,198.52948963839071
Pdlim3__STM,214.99999999999872
Timm17a__STM,483.2412560692099
Gm26881__STM,624.540484567908
Atxn10__STM,5.754486581595206
mt-Cytb__STM,60.515811160649434
Mrps18c__STM,0.0
Wdr17__STM,295.5543598784894
Galnt13__STM,32.60908377092214
Ccdc177__STM,81.13551557627534
Mrpl58__STM,0.0
Sh3d19__STM,182.8569961567842
Samd14__STM,387.3103223458356
Tspear__STM,0.0
P3h2__STM,186.46796299360355
Lrrc8b__STM,184.8200534726639
Utrn__STM,122.63075747678079
Pcdhga6__STM,26.18795634103437
Fbxo25__STM,14.888503699542412
Cfap54__STM,0.0
Ccdc30__STM,168.79846452087696
Gm9930__STM,46.20153547912225
Nmnat3__STM,294.42963816191593
Kctd1__STM,24.38821841343911
Zfp389__STM,0.0
Spns2__STM,404.95940449962876
Ip6k1__STM,200.61417148136778
Lamtor4__STM,218.09649566940973
Cntnap4__STM,10.83229140092128
Mfsd6__STM,1270.6635016737014
Mtx3__STM,0.125
Adgra1__STM,353.54342484467156
Entpd3__STM,97.41926237519438
Ncln__STM,0.0
Slc36a1__STM,0.0
Sntg2__STM,211.70259647081176
P2ry14__STM,3.939594050836448
Tox__STM,13.735860664513647
Greb1l__STM,126.3728526861209
Fam241a__STM,0.010633938005419034
Acin1__STM,264.4084022073539
Snx16__STM,1.3064841919105197
Prnp__STM,215.48961631140216
Mhrt__STM,661.3398471869399
Gm42600__STM,0.0
Slc25a29__STM,21.75958337016678
Gm42722__STM,28.567764330615425
Ppp1r13b__STM,2.35
Alg5__STM,41.86942697897384
Arhgef28__STM,613.527683032767
Insl5__STM,30.332182342064538
Nid2__STM,3.3020220209679256
Serpina9__STM,6.876640834810435
Elmod2__STM,0.0
Tmem191__STM,0.29562101735276614
Traip__STM,365.1998584287688
Thrsp__STM,215.30636986398193
Stambpl1__STM,0.16293848707641811
Gm37397__STM,0.0
Nit2__STM,250.80631395851293
Gdpd1__STM,35.80631395851117
Ngef__STM,177.2133453929806
Nadsyn1__STM,4.770229280445366
Cxadr__STM,0.0
Ttc39c__STM,215.00000000000125
Mob2__STM,0.05958163973431149
Parp3__STM,0.0
Insc__STM,539.1336646673252
Hs3st5__STM,0.0
Epm2aip1__STM,9.442780673408377
Mrps18b__STM,0.0
Gm42869__STM,97.7667123204324
Map4k2__STM,0.0
Stip1__STM,0.0
Sufu__STM,0.0
Caly__STM,0.0
Rap2a__STM,526.2648833157592
Faf2__STM,3.4957868729584165
Irs2__STM,0.005263157894736842
Bet1__STM,0.0
Zfp142__STM,0.0
Dusp12__STM,0.0
Gm27200__STM,0.0
Ccdc34__STM,0.0
Crls1__STM,0.0
Dhx35__STM,0.0
Stxbp3__STM,0.0
Ddx20__STM,214.9999999999997
Ttc12__STM,0.0
Psmc2__STM,0.0
Mthfd2l__STM,5.014363410332404
Kdm3b__STM,5.665205920117039
Mrm2__STM,7.23699758002446
Rasgrp3__STM,181.966715423315
Kras__STM,79.10185773471407
Neu2__STM,1.8176276886048246
Nptn__STM,170.83259544411197
Crebzf__STM,168.67441320148714
Stx4a__STM,0.02857142857142857
Fbxw4__STM,92.77435960075103
Ttc21b__STM,638.0133186606508
Ccdc9b__STM,204.94163929047116
Chmp1b2__STM,0.0
Krt80__STM,0.0
Kcnip3__STM,0.0
Tspoap1__STM,0.0
Mroh5__STM,429.9999999999928
Fmnl2__STM,200.47613165107995
Dync1li1__STM,0.0
Rasgrp2__STM,11.103710214411352
Eif3b__STM,215.00000000000188
Npat__STM,0.0
Dcun1d4__STM,0.0
Lrch1__STM,2.9316182744613397
Gm42463__STM,4.756543965749623
Arsj__STM,211.509476284927
Hmcn1__STM,0.17885529503176562
Mrm3__STM,0.0
Mesd__STM,11.768747565361123
Osbpl6__STM,0.005810823792628257
Zfp811__STM,0.0
Gm4491__STM,0.0
Polr2j__STM,0.0
Cbln3__STM,0.0
Kcnk6__STM,0.0
AA986860__STM,0.0
Zmpste24__STM,214.99999999999906
Irx1__STM,0.0
She__STM,0.0
Abhd17b__STM,0.0
4930444P10Rik__STM,214.9999999999998
Ccdc187__STM,0.0
Cox6b2__STM,0.0
Gm37534__STM,0.0
Slc25a16__STM,214.99999999999827
Gm17530__STM,0.0
