ID,Name,Tissue
3782,"(2,2-Dimethyl-5-[2-(2-ethoxymethoxy)propyl][1,3]dioxolan-4-yl)methanol",Feces
3160,"(2S,3R)-3-[(4E,7E)-Nona-4,7-dienoyl]-N,N-bis(trimethylsilyl)oxirane-2-carboxamide ",Plasma
3783,"(4,4-Dimethyl-5-methylene-4,5-dihydro-3H-pyrrol-2-yl)-(4,4-dimethyl-5-methylene-pyrrolidin-2-ylidene)-acetonitrile",Feces
3162,"(7a-Isopropenyl-4,5-dimethyloctahydroinden-4-yl)methanol",Plasma
3163,"(9H-fluoren-9-yl)methanol, O-methoxycarbonyl-",Plasma
3164,(CH3)2C=NC2H558,Plasma
3165,(pm)-alpha-Tocopherol acetate,Plasma
3166,(pm)-N-Propylamphetamine,Plasma
3167,(pm)-Norketamine,Plasma
3168,(pm)-Phenylpropanolamine,Plasma
3169,"(R*,S*)-2,3-Dihydroxybutanoic acid",Plasma
3170,"(S,S)-(-)-Hydrobenzoin",Plasma
276,0610040J01Rik,Choroid Plexus
3173,1-(3-Methylphenyl)piperazine,Plasma
3174,1-(4-Hydroxybenzylidene)acetone,Plasma
3175,"1-(4-Methoxyphenyl)-4,6-dimethyl-2(1H)-pyrimidinone",Plasma
3176,1-Aminocyclopropanecarboxylic acid,Plasma
3177,"1-Butanamine, N,N-diethyl-",Plasma
3179,1-Cyclopentylethanol,Plasma
3181,"1-Decene, 8-methyl-",Plasma
3182,1-Deoxypentitol,Plasma
3801,1-Dodecanol,Feces
3803,1-Hexacosene,Feces
3183,1-Hexadecanol,Plasma
3184,1-Hexanol,Plasma
3805,1-Hexanol,Feces
3185,1-Hydroxy-3-methoxy-6-methylanthraquinone,Plasma
3808,1-Methyl-4-hydroxy-1H-imidazol-2-amine,Feces
3186,"1-Methyl-N,N-bis(trimethylsilyl)-4-[(trimethylsilyl)oxy]-1H-imidazol-2-amine",Plasma
3187,1-Monoacetin,Plasma
3810,1-Monopalmitin,Feces
3811,1-Octadecanol,Feces
3190,1-Octanol,Plasma
3812,1-Octanol,Feces
3189,"1-Octanol, 2-butyl-",Plasma
3191,"1-Octene, 2-methyl-",Plasma
3193,1-Phenethylamine,Plasma
3194,"1-Phenyl-1,2-ethanediol",Plasma
3195,1-Phenylethanol,Plasma
3196,"1-Piperazineethanol, 4-dibenzo[b,f][1,4]thiazepin-11-yl-",Plasma
3814,"1-Propanamine, N,N-diethyl-",Feces
3815,1-Tetracosene,Feces
3198,1-Tetradecanol,Plasma
3816,1-Tetradecanol,Feces
3199,"1,1'-Biphenyl, 3,4-diethyl-",Plasma
3200,"1,2-Benzenedicarboxylic acid",Plasma
3201,"1,2-Butadiene, 1,1,4-triphenyl-3-trimethylsilyl-4-trimethylsilyloxy-",Plasma
3207,"1,2,3,10,11,11a-Hexahydro-6,7,8-trimethoxy-3-oxo-5H-dibenzo(a,d)cycloheptene",Plasma
3208,"1,3-bis[(Trimethylsilyl)ethynyl]benzene",Plasma
3209,"1,3-Cyclohexanebis(methylamine)",Plasma
3210,"1,3-Dioxane-4-methanol, 4,5-dimethyl-",Plasma
3790,"1,3-Dioxane, 2,2-dimethyl-5-hydroxy-",Feces
3211,"1,3,5-Benzetriol",Plasma
3212,"1,3,5-Trimethyl-1H-pyrazol-4-amine",Plasma
3791,"1,4-Butanediol",Feces
3214,"1,4-diazabicyclo[4.3.0]nonan-2,5-dione, 3-methyl ",Plasma
3216,"1,5-Anhydroglucitol",Plasma
3792,"1,5-Anhydroglucitol",Feces
3793,"1,7-Dimethyl-4-(1-methylethyl)cyclodecane",Feces
3217,10-Heptadecenoic acid,Plasma
3794,11-Hydroxy-.DELTA.-9-tetrahydrocannabinol,Feces
3795,11-Methyldodecanol,Feces
2261,1110002L01Rik,Striatum
99,1110004F10Rik,Choroid Plexus
2811,1110035H17Rik,Remaining Brain
3219,12-Hydroxyoctadecanoic acid,Plasma
3220,12-Oxooctadecanoate,Plasma
3796,12-Oxooctadecanoate,Feces
3221,13-Docosenamide,Plasma
3797,13-Docosenamide,Feces
3222,"15-Oxo-11Z,13E-eicosadienoic acid",Plasma
2805,1500002F19Rik,Remaining Brain
2299,1500009L16Rik,Striatum
2314,1500015L24Rik,Striatum
3798,17-alpha-Hydroxypregnenolone,Feces
617,1700007L15Rik,Choroid Plexus
2813,1700008J07Rik,Remaining Brain
1946,1700017B05Rik,Striatum
2548,1700017B05Rik,Remaining Brain
328,1700018L02Rik,Choroid Plexus
1488,1700047K16Rik,Cortex
353,1700125H03Rik,Choroid Plexus
1487,1810021B22Rik,Cortex
2331,1810044D09Rik,Striatum
3806,"1H-Indole-2-carboxylic acid, 5-ethyl-1-(trimethylsilyl)",Feces
3225,"1H-Pyrazole, 3,4-bis(trimethylsilyl)-",Plasma
3226,"2-(2,5-Dimethoxy-phenyl)-propionaldehyde",Plasma
3228,"2-(Decanoyloxy)propane-1,3-diyl dioctanoate",Plasma
3229,"2-Acetyl-3-(1-methyl-2-pyrrolyl)-1,4-benzenediol",Plasma
3230,2-Acetyl-5-chloro-3-methylbenzo(b)thiophene,Plasma
3231,"2-Allyl-1,4-dimethoxybenzene",Plasma
3832,"2-Allyl-1,4-dimethoxybenzene ",Feces
3232,2-Amino-4-methylphenol,Plasma
3233,"2-Amino-4,6-dihydroxypyrimidine",Plasma
3234,2-Aminoadipic acid,Plasma
3834,2-Aminoadipic acid,Feces
3235,2-Aminobutanoic acid,Plasma
3835,2-Aminobutanoic acid,Feces
3837,"2-Butenoic acid, 2-hydroxy-",Feces
3838,"2-Butenoic acid, 2-methyl-, 2-methyl-2-propenyl ester",Feces
3238,2-Ethyl-3-hydroxypropionic acid,Plasma
3841,2-Ethylacetoacetate,Feces
3842,2-Ethylhexanoic acid,Feces
3843,"2-Furanacetaldehyde, tetrahydro-alpha",Feces
3239,2-Furoic acid,Plasma
3240,"2-Heptanone, 4,6-dimethyl-",Plasma
3241,2-Heptenoic acid,Plasma
3242,2-Hexen-1-ol,Plasma
3243,"2-Hexenoic acid, 2-[(trimethylsilyl)oxy]-",Plasma
3244,2-Hydroxy-2-methylbutyric acid,Plasma
3245,2-Hydroxy-3-methylbutyric acid,Plasma
3846,2-Hydroxy-3-methylbutyric acid,Feces
3246,2-Hydroxy-5-methoxybenzaldehyde,Plasma
3847,2-Hydroxy-5-methoxybenzaldehyde,Feces
3247,2-Hydroxybutyric acid,Plasma
3249,2-Isopropyl-5-methyl-1-heptanol,Plasma
3250,2-Ketoisocaproic acid,Plasma
3251,2-Methyl-4-pentenoic acid,Plasma
3253,2-Methylglutaconic acid,Plasma
3254,2-Naphthol,Plasma
3853,2-Palmitoylglycerol,Feces
3855,2-Pentenedioic acid,Feces
3854,"2-Pentenedioic acid, 2-hydroxy-",Feces
3257,2-Pentenoic acid,Plasma
3856,2-Piperidinone,Feces
3259,"2-Propanone, bis(1-methylethyl)hydrazone",Plasma
3260,"2-Propenamide, 3-phenyl-N-2-propenyl-",Plasma
3857,"2-Propenoic acid, 2-hydroxy-3-(4-hydroxyphenyl)",Feces
3263,2-Pyrrolidinone,Plasma
3858,2-Pyrrolidinone,Feces
3859,2-tert-Butyl-4-ethylphenol,Feces
3265,"2,2-Diallylpyrrolidine",Plasma
3266,"2,2,4-Trimethyl-1,3-pentanediol diisobutyrate",Plasma
3267,"2,2,8,8-Tetramethyl-3,7-dioxa-4-aza-2,8-disilanon-4-ene",Plasma
3269,"2,3-Butanediol",Plasma
3821,"2,3-Butanediol",Feces
3822,"2,3-Dihydroxy-2-methylpropanoic acid",Feces
3820,"2,3,4-Trihydroxybutyric acid",Feces
3270,"2,3,4-Trihydroxybutyric acid tetrakis",Plasma
3819,"2,3,4,5-Tetrahydroxypentanoic acid-1,4-lactone",Feces
3825,"2,4-Di-tert-butylphenol",Feces
3274,"2,4-Imidazolidinedione, 5,5-dimethyl-",Plasma
3826,"2,5-Cyclohexadiene-1,4-dione, 2,6-bis(1,1-dimethylethyl)",Feces
3275,"2,5-Cyclohexadiene-1,4-dione, 2,6-bis(1,1-dimethylethyl)-",Plasma
3276,"2,5-di-tert-Butyl-1,4-benzoquinone",Plasma
3830,"2,5-Di-tert-butyl-4-hydroxyphenol",Feces
3278,"2,5-Di-tert-butylhydroquinone",Plasma
3280,"2,5-Dimethoxy-4-methylamphetamine",Plasma
3827,"2,5-Dimethoxybenzhydrazide",Feces
3282,"2,5-Dimethoxybenzonitrile",Plasma
3283,"2,5-Dimethoxymandelic acid",Plasma
3828,"2,5-Dimethoxymandelic acid",Feces
3284,"2,5-Dimethoxyphenol",Plasma
3829,"2,5-Dimethoxyphenol",Feces
3285,"2,5-Dimethyl-1-aza-bicyclo[2.2.1]heptane",Plasma
3287,"2,5-Piperazinedione, 3-benzyl-6-isopropyl-",Plasma
3289,"2,6-Bis[2-[2-S-thiosulfuroethylamino]ethoxy]pyrazine",Plasma
3831,"2,6-Di-O-methyl-d-galactopyranose",Feces
3292,"2,6-Dimethyl-N-[3-(trimethylsilyl)-1,3-thiazinan-2-ylidene]aniline",Plasma
3839,2'-Deoxyribolactone,Feces
3840,2'-Desoxyuridine,Feces
3295,"2',2,3,6'-Tetramethoxychalcone",Plasma
3817,"2',2,3,6'-Tetramethoxychalcone",Feces
736,2310014F06Rik,Choroid Plexus
2161,2310022A10Rik,Striatum
1104,2310030G06Rik,Cortex
1528,2310034G01Rik,Cortex
1225,2310057M21Rik,Cortex
604,2410124H12Rik,Choroid Plexus
2695,2410124H12Rik,Remaining Brain
2801,2500002B13Rik,Remaining Brain
2262,2510002D24Rik,Striatum
644,2610020C07Rik,Choroid Plexus
1145,2700049A03Rik,Cortex
2221,2700097O09Rik,Striatum
592,2810021J22Rik,Choroid Plexus
891,2810021J22Rik,Cortex
593,2810408A11Rik,Choroid Plexus
3297,"3-(3-Cyclohexylaminopropionylamino)-5-ethylthiophene-2-carboxylic acid, ethyl ester",Plasma
3860,3-(3-Hydroxyphenyl)propanoic acid,Feces
3298,3-Amino-2-piperidone,Plasma
3868,3-Amino-2-piperidone,Feces
3299,3-Amino-5-morpholinomethyl-2-oxazolidinone,Plasma
3300,3-Aminobenzoic acid,Plasma
3301,3-Aminobutanoic acid,Plasma
3760,3-Aminobutanoic acid,Feces
3870,3-Buten-2-one,Feces
3302,"3-Buten-2-one, 3-trimethylsilyloxy-",Plasma
3303,"3-Buten-2-one, 4-(4-methoxyphenyl)-",Plasma
3304,"3-Cyclohexyl-L-alanine amide, N,N,N'N'-tetramethyl-",Plasma
3871,3-Deoxyhexitol,Feces
3306,3-Hexenedinitrile,Plasma
3873,3-Hexenedioic acid,Feces
3307,"3-Hydroxy-2,3-dihydromaltol",Plasma
3874,"3-Hydroxy-2,3-dihydromaltol",Feces
3308,3-Hydroxybutyric acid,Plasma
3875,3-Hydroxybutyric acid,Feces
3309,3-Hydroxyisovaleric acid,Plasma
3876,3-Hydroxyisovaleric acid,Feces
3761,3-Hydroxypicolinic acid,Feces
3310,3-Indoleacetic acid,Plasma
3311,3-Indolepropionic acid,Plasma
3312,"3-Methoxyamphetamine, 4-Trimethylsilyloxy, N,N-bis(Trimethylsilyloxy)-",Plasma
3313,3-Methoxysalicylic acid,Plasma
3877,3-Methyl-2-furoic acid,Feces
3317,3-Methyladenine,Plasma
3318,"3-Methylpiperazine-2,5-dione, (R)-",Plasma
3320,3-Nonen-1-ol,Plasma
3880,3-O-methyl-beta-D-Glucopyranose,Feces
3883,3-Pyridylcarbinol,Feces
3885,3-Undecene,Feces
3321,3-Ureidopropionic acid,Plasma
3863,"3,4-Dihydrocoumarin, 4,4-dimethyl-6-dimethylamino",Feces
3322,"3,4-Dihydrocoumarin, 4,4-dimethyl-6-dimethylamino-",Plasma
3323,"3,4-Dihydroxymandelic acid, ethyl ester",Plasma
3324,"3,4-dimethyl-5-(3,4-methylenedioxy)phenyloxazolidine",Plasma
3325,"3,4,5-Trihydroxypentanoic acid, tetrakis(trimethylsilyl)-",Plasma
3327,"3,5-di-tert-Butyl-4-hydroxyacetophenone",Plasma
3329,"3,5-Dimethylpyrazole",Plasma
3330,3'-(Trimethylsilyl)oxy-beta-naphthoflavone,Plasma
3331,3'-Hydroxyacetophenone,Plasma
3332,"3beta-TRIMETHYLSILOXY-5alpha,6alpha-EPOXYCHOLESTANE",Plasma
3333,"3beta,4beta-Bis(trimethylsiloxy)cholest-5-ene",Plasma
3334,4-(Methoxycarbonyl)phenol,Plasma
3888,4-Aminobenzoic acid,Feces
3889,4-Coumaric acid,Feces
3338,4-Cumylphenol,Plasma
3887,4-hydroxy-3-penten-2-one,Feces
3340,4-Hydroxy-5-(hydroxymethyl)oxolan-2-one,Plasma
3890,4-Hydroxy-5-(hydroxymethyl)oxolan-2-one,Feces
3341,4-Hydroxybenzaldehyde,Plasma
3891,4-Hydroxybenzaldehyde,Feces
3342,4-Hydroxybenzeneacetic acid,Plasma
3892,4-Hydroxybenzeneacetic acid,Feces
3343,4-Hydroxybenzoic acid,Plasma
3893,4-Hydroxybenzoic acid,Feces
3344,4-Hydroxybutanoic acid,Plasma
3894,4-Hydroxybutanoic acid,Feces
3345,4-Hydroxyphenyllactic acid,Plasma
3895,4-Hydroxyphenyllactic acid,Feces
3896,4-Methoxyphenol,Feces
3897,4-Methyl-5-thiazoleethanol,Feces
3348,4-Methylvaleric acid,Plasma
3762,4-Pentenoic acid,Feces
3349,4-Pyridinol,Plasma
3900,4-Pyridinol,Feces
408,4632415L05Rik,Choroid Plexus
1480,4833417C18Rik,Cortex
2292,4833418N02Rik,Striatum
308,4921504A21Rik,Choroid Plexus
1177,4921524J17Rik,Cortex
2344,4921539H07Rik,Striatum
41,4930412C18Rik,Choroid Plexus
443,4930444P10Rik,Choroid Plexus
2247,4930444P10Rik,Striatum
2300,4930447M23Rik,Striatum
1446,4930513N10Rik,Cortex
1519,4930519P11Rik,Cortex
275,4930550C14Rik,Choroid Plexus
253,4930556M19Rik,Choroid Plexus
2802,4930556M19Rik,Remaining Brain
261,4930579K19Rik,Choroid Plexus
2769,4931440P22Rik,Remaining Brain
1440,4933439C10Rik,Cortex
712,4933439K11Rik,Choroid Plexus
3351,5-(2-Aminopropyl)-2-methylphenol,Plasma
3352,5-Aminovaleric acid,Plasma
3907,5-Aminovaleric acid,Feces
3353,"5-Androsten-17alpha-methyl-3beta,17beta-diol",Plasma
3354,"5-Cholesten-3beta, 7alpha-bis[(trimethylsilyl)oxy]- ",Plasma
3355,5-Ethyluracil,Plasma
3356,5-Henicosylresorcinol,Plasma
3910,5-Hydroxy-2-methylpyridine,Feces
3440,5-Hydroxyhexanoic acid,Plasma
3911,5-Hydroxymethyl-2-furoic acid,Feces
3358,5-Hydroxyquinoline,Plasma
3359,5-Hydroxytryptophan,Plasma
3912,5-Methyluridine,Feces
3913,5-Oxohexanoic Acid,Feces
3903,"5,10-Diethoxy-2,3,7,8-tetrahydro-1H,6H-dipyrrolo[1,2-a:1',2'-d]pyrazine",Feces
3363,"5,6-Dimethyl-4-phenyl-3-cyanopyridine-2(1H)-thione",Plasma
1485,5330413P13Rik,Cortex
545,5330425B07Rik,Choroid Plexus
508,5430402O13Rik,Choroid Plexus
1561,5730408A14Rik,Cortex
1445,5730409E04Rik,Cortex
362,5730455P16Rik,Choroid Plexus
3364,"5alpha-Pregnane-3,20-dione",Plasma
3365,6-Hydroxyflavone-beta-D-glucoside,Plasma
3915,6-Hydroxyhexanoic acid,Feces
3367,"6-Methoxy-1-methyl-1,2,3,4-tetrahydroisoquinolin-7-ol ",Plasma
3368,"6,7,4'-Trihydroxyisoflavone",Plasma
3369,"6,8-Dioxapentadecane",Plasma
1747,6030458C11Rik,Striatum
1534,6430511E19Rik,Cortex
2770,6430550D23Rik,Remaining Brain
3371,7-(Trimethylsilyl)amino-4-methylcoumarin,Plasma
3372,"7-Acetyl-6-ethyl-1,1,4,4-tetramethyltetralin ",Plasma
3373,"7-Isoquinolinol, 1,2,3,4-tetrahydro-1-[(4-hydroxyphenyl)methyl]-6-methoxy-",Plasma
3916,"7,9-Di-tert-butyl-1-oxaspiro(4,5)deca-6,9-diene-2,8-dione",Feces
3917,8-Hydroxy-5-(hydroxymethyl)quinoline,Feces
3378,9-Hexadecenoic acid,Plasma
3921,9-Octadecen-1-ol,Feces
3379,9-Octadecenamide,Plasma
3922,9-Octadecenamide,Feces
3380,9-Octadecenoic acid,Plasma
3924,9-Octadecenoic acid,Feces
3381,"9,12-Octadecadienoic acid",Plasma
2804,9230116N13Rik,Remaining Brain
2807,9330136K24Rik,Remaining Brain
2318,9330151L19Rik,Striatum
2803,9330151L19Rik,Remaining Brain
835,9330159F19Rik,Cortex
2761,9330160F10Rik,Remaining Brain
2736,9430002A10Rik,Remaining Brain
587,9530026P05Rik,Choroid Plexus
3383,"9H-Fluorene, 9-methylene-",Plasma
3920,9H-Purin-6-ol,Feces
3385,"9H-Purine, 9-(trimethylsilyl)-2,6,8-tris[(trimethylsilyl)oxy]-",Plasma
2711,A230083G16Rik,Remaining Brain
2524,A2m,Remaining Brain
1482,A330040F15Rik,Cortex
2788,A330040F15Rik,Remaining Brain
1477,A430018G15Rik,Cortex
601,A430108G06Rik,Choroid Plexus
1570,A530041M06Rik,Cortex
555,A930024E05Rik,Choroid Plexus
2781,AA414768,Remaining Brain
2105,AA986860,Striatum
1420,Aard,Cortex
619,Aasdhppt,Choroid Plexus
1822,Aasdhppt,Striatum
874,Aatf,Cortex
2133,AB041806,Striatum
1037,Abca4,Cortex
2672,Abca6,Remaining Brain
1776,Abcg1,Striatum
1233,Abhd11,Cortex
2145,Abhd17b,Striatum
2055,Abhd2,Striatum
1841,Abi2,Striatum
769,Abitram,Choroid Plexus
2585,Abraxas1,Remaining Brain
133,Abtb2,Choroid Plexus
232,Acacb,Choroid Plexus
646,Acad9,Choroid Plexus
1860,Acad9,Striatum
2227,Acadm,Striatum
1678,Acadvl,Striatum
791,Acbd4,Choroid Plexus
1840,Acbd5,Striatum
2071,Accs,Striatum
1666,Ace2,Striatum
3386,"Acetamide, 2,2,2-trifluoro-",Plasma
3925,"Acetamide, N-(2-butyl)-N-methyl-",Feces
3387,"Acetamide, N,N-diethyl-",Plasma
3388,"Acetic acid, bis[(trimethylsilyl)oxyl]-",Plasma
3389,"Acetin, bis-1,3-trimethylsilyl ether",Plasma
3390,Acetoacetic acid,Plasma
3928,Acetoacetic acid,Feces
3391,"Acetohydrazide, 2-(2-isopropyl-5-methylphenoxy)-N2-benzylideno-",Plasma
3763,Acetohydroxamic acid,Feces
3392,Aceturic acid,Plasma
1745,Acin1,Striatum
1280,Ackr3,Cortex
2422,Acly,Remaining Brain
3929,Aconitic acid,Feces
499,Acot6,Choroid Plexus
1887,Acot7,Striatum
173,Acox1,Choroid Plexus
955,Acsbg3,Cortex
2277,Acsf2,Striatum
2592,Acss3,Remaining Brain
231,Actr3,Choroid Plexus
1600,Acvrl1,Striatum
345,Ada,Choroid Plexus
1354,Adam10,Cortex
273,Adam15,Choroid Plexus
2181,Adam17,Striatum
2609,Adam32,Remaining Brain
2486,Adam33,Remaining Brain
427,Adamts15,Choroid Plexus
1130,Adamts15,Cortex
1271,Adamts3,Cortex
376,Adamtsl1,Choroid Plexus
2424,Adck1,Remaining Brain
305,Adck2,Choroid Plexus
1733,Adcy2,Striatum
1762,Adcy5,Striatum
98,Adcy9,Choroid Plexus
1815,Adgra1,Striatum
3394,Adipoyl-L-carnitine,Plasma
1696,Adora2a,Striatum
2359,Adora3,Remaining Brain
342,Adprh,Choroid Plexus
1979,Adra2a,Striatum
490,Adrb3,Choroid Plexus
932,Adsl,Cortex
405,Afg3l1,Choroid Plexus
201,Agbl3,Choroid Plexus
1893,Agbl5,Striatum
1065,Agk,Cortex
2019,Ago2,Striatum
14,Agrn,Choroid Plexus
504,Ahcyl2,Choroid Plexus
1450,AI429214,Cortex
2202,AI504432,Striatum
2278,AI593442,Striatum
2366,Aif1l,Remaining Brain
1883,Ak2,Striatum
1612,Akr1b1,Striatum
293,Akt3,Choroid Plexus
1967,Alas1,Striatum
3395,Albizziin,Plasma
2704,Aldh1a1,Remaining Brain
516,Aldh1l1,Choroid Plexus
2403,Aldh3a1,Remaining Brain
2391,Aldh3a2,Remaining Brain
1656,Aldh3a2,Striatum
1185,Aldh8a1,Cortex
285,Aldh9a1,Choroid Plexus
1172,Alg5,Cortex
2018,Alg5,Striatum
1462,Alkbh1,Cortex
393,Alkbh6,Choroid Plexus
3396,Alloxanic acid,Plasma
3397,Allylescaline,Plasma
3930,alpha-D-(+)-Talopyranose,Feces
3933,alpha-D-Xylopyranose,Feces
3934,alpha-Ketoisovaleric acid,Feces
3935,alpha-L-(-)-Fucopyranose,Feces
3399,"alpha-L-Galactopyranoside, methyl 6-deoxy-, (R,R,R,S,S)-",Plasma
3400,alpha-Linolenic acid,Plasma
3937,alpha-Linolenic acid,Feces
3401,alpha-Tocopherol,Plasma
3938,alpha-Tocopheryl acetate,Feces
528,Alx3,Choroid Plexus
2457,Alyref,Remaining Brain
924,Amer2,Cortex
210,Amfr,Choroid Plexus
2154,Amigo2,Striatum
3402,Ammeline,Plasma
1706,Amz2,Striatum
2512,Anapc4,Remaining Brain
1131,Angptl1,Cortex
1227,Ankib1,Cortex
24,Ankmy2,Choroid Plexus
919,Ankra2,Cortex
2428,Ankra2,Remaining Brain
2588,Ankrd11,Remaining Brain
59,Ankrd12,Choroid Plexus
1308,Ankrd16,Cortex
56,Ankrd34a,Choroid Plexus
2679,Ankrd34c,Remaining Brain
1192,Ankrd9,Cortex
2273,Ankub1,Striatum
2038,Ano2,Striatum
349,Ano8,Choroid Plexus
2564,Antxr1,Remaining Brain
291,Aox3,Choroid Plexus
2270,Ap1ar,Striatum
283,Ap1g2,Choroid Plexus
792,Ap2a1,Choroid Plexus
1388,Ap2a1,Cortex
330,Ap2b1,Choroid Plexus
339,Ap3b1,Choroid Plexus
658,Ap3s2,Choroid Plexus
842,Apc,Cortex
303,Apc2,Choroid Plexus
2410,Apc2,Remaining Brain
2484,Api5,Remaining Brain
2660,Apobr,Remaining Brain
873,Appbp2,Cortex
1236,Appl1,Cortex
378,Aqp11,Choroid Plexus
3404,Arabinaric acid,Plasma
3940,Arabinitol,Feces
3941,"Arabinofuranose, 1,2,3,5-tetrakis",Feces
3405,"Arabinofuranose, 1,2,3,5-tetrakis-O-",Plasma
3943,Arabinose,Feces
3944,Arachidic acid,Feces
3407,Arachidonic acid,Plasma
1406,Arb2a,Cortex
2102,Arel1,Striatum
161,Arf2,Choroid Plexus
2425,Arg2,Remaining Brain
3764,Argininosuccinic acid,Feces
2023,Arhgap10,Striatum
2605,Arhgap10,Remaining Brain
432,Arhgap15,Choroid Plexus
978,Arhgap19,Cortex
167,Arhgap5,Choroid Plexus
1150,Arhgap5,Cortex
2534,Arhgap6,Remaining Brain
1237,Arhgef1,Cortex
156,Arhgef12,Choroid Plexus
1176,Arhgef26,Cortex
2600,Arhgef26,Remaining Brain
1735,Arhgef28,Striatum
531,Arhgef37,Choroid Plexus
85,Arhgef7,Choroid Plexus
26,Arid2,Choroid Plexus
429,Arid4a,Choroid Plexus
1393,Arl1,Cortex
777,Arl2bp,Choroid Plexus
1940,Arl2bp,Striatum
390,Armcx2,Choroid Plexus
818,Arrdc2,Cortex
671,Arrdc4,Choroid Plexus
3408,Arsenous acid,Plasma
2139,Arsj,Striatum
394,Art4,Choroid Plexus
2000,Arx,Striatum
451,Asb16,Choroid Plexus
431,Asb8,Choroid Plexus
1208,Ascc3,Cortex
1475,Ascl4,Cortex
2784,Ascl4,Remaining Brain
595,Ash1l,Choroid Plexus
3409,Aspartic acid,Plasma
1060,Asphd2,Cortex
1957,Aste1,Striatum
869,Atad5,Cortex
1786,Atat1,Striatum
1014,Atf3,Cortex
2480,Atf3,Remaining Brain
80,Atf6b,Choroid Plexus
817,Atg4d,Cortex
1199,Atg9b,Cortex
715,Atn1,Choroid Plexus
1160,Atosb,Cortex
2643,Atp1a3,Remaining Brain
1011,Atp1b1,Cortex
454,Atp5me,Choroid Plexus
1206,Atp5mf,Cortex
332,Atp5mg,Choroid Plexus
1766,Atp5po,Striatum
445,Atp6v1f,Choroid Plexus
731,Atp7a,Choroid Plexus
1187,Atp8a1,Cortex
1950,Atr,Striatum
3410,Atrazine desethyl,Plasma
1672,Atxn10,Striatum
2775,AU041133,Remaining Brain
3411,Azatadine,Plasma
3945,Azelaic acid,Feces
3946,"Azetidine, 1-acetyl-2-methyl",Feces
3412,"Azetidine, 1-acetyl-2-methyl-",Plasma
3413,"Aziridine, 1-(2-buten-2-yl)-",Plasma
741,B130034C11Rik,Choroid Plexus
1327,B230217C12Rik,Cortex
629,B230219D22Rik,Choroid Plexus
1493,B230398E01Rik,Cortex
1400,B9d2,Cortex
2461,Baiap2,Remaining Brain
130,Baiap2l1,Choroid Plexus
2130,Basp1,Striatum
2481,Batf3,Remaining Brain
1996,Baz1a,Striatum
578,Baz1b,Choroid Plexus
2291,BB031773,Striatum
2182,BC004004,Striatum
258,BC065397,Choroid Plexus
404,Bcat1,Choroid Plexus
607,Bcl2l12,Choroid Plexus
535,Bcl7a,Choroid Plexus
105,Bclaf1,Choroid Plexus
1275,Bclaf3,Cortex
2073,Bcor,Striatum
2499,Bdh2,Remaining Brain
1100,Bean1,Cortex
2541,Bean1,Remaining Brain
1198,Bend3,Cortex
1879,Bend5,Striatum
2502,Bend5,Remaining Brain
2153,Bend7,Striatum
3414,"Benzaldehyde, 2,5-dimethyl-",Plasma
3415,"Benzene, 1-acetoxy-2,6-dimethoxy-4-(2-propenyl)-",Plasma
3416,"Benzene, 1,1'-(1,2-cyclobutanediyl)bis-",Plasma
3417,"Benzene, 1,3-bis(1,1-dimethylethyl)-",Plasma
3418,"Benzene, 3-cyclohexen-1-yl-",Plasma
3419,"Benzene, 4-ethenyl-1,2-dimethoxy-",Plasma
3420,Benzeneacetamide,Plasma
3421,Benzeneacetic acid,Plasma
3422,"Benzeneethanamine, N-[(pentafluorophenyl)methylene]-4-[(trimethylsilyl)oxy]-",Plasma
3423,"Benzenemethanamine, 2,3-dimethoxy-",Plasma
3950,"Benzenepropanoic acid, 3,5-bis(1,1-dimethylethyl)-4-hydroxy-, methyl ester",Feces
3426,"Benzimidazole, 5-trifluoromethyl-2-methyl-",Plasma
3427,"Benzo[b]fluorene, 5-amino-7-methyl-1,2,3,4,6,7,8,9-octahydro-11-thia-10-aza-",Plasma
3951,Benzoic Acid,Feces
3428,"Benzoic acid, methyl ester",Plasma
3429,"Benzoic acid, pentadecyl ester",Plasma
3432,Benzophenone,Plasma
3433,Benzyl alcohol,Plasma
1965,Bet1,Striatum
3952,beta-Alanine,Feces
3953,beta-Arabinopyranose,Feces
3954,beta-D-(-)-Ribopyranose,Feces
3434,"beta-d-Fructopyranose, 1-deoxy-1-(4-morpholinyl)-2,3,4,5-tetrakis-O-(trimethylsilyl)-",Plasma
3435,"beta-D-Galactofuranose, 1,2,3,5,6-pentakis-O-(trimethylsilyl)-",Plasma
3955,"beta-D-Galactopyranoside, methyl-, acetate",Feces
3436,beta-D-Glucopyranose,Plasma
3956,"beta-d-Glucopyranose, 2-(acetylamino)-3,6-anhydro-2-deoxy",Feces
3437,beta-Hydroxypyruvic acid,Plasma
3438,beta-Lyxopyranose,Plasma
2763,Bhlhb9,Remaining Brain
367,Bhlhe41,Choroid Plexus
30,Bhmt2,Choroid Plexus
825,Bicd1,Cortex
125,Birc2,Choroid Plexus
3441,Bis(trimethylsilyl)acetylene,Plasma
764,Bloc1s1,Choroid Plexus
2630,Bltp3a,Remaining Brain
1689,Bltp3b,Striatum
462,Bnip1,Choroid Plexus
3443,Boric acid,Plasma
2648,Brca2,Remaining Brain
259,Brd2,Choroid Plexus
1844,Brd3,Striatum
540,Brd4,Choroid Plexus
1058,Brdt,Cortex
2375,Brinp2,Remaining Brain
943,Brwd1,Cortex
1402,Brwd3,Cortex
977,Btbd1,Cortex
104,Btbd2,Choroid Plexus
236,Btg1,Choroid Plexus
2443,Btg3,Remaining Brain
2533,Btk,Remaining Brain
3444,"Butanal, 2,3,4-tris[(trimethylsilyl)oxy]-, O-methyloxime, [R-(R*,R*)]-",Plasma
3957,Butanedioic acid,Feces
3446,"Butanoic acid, 2-methyl-3-[(trimethylsilyl)oxy]-",Plasma
3447,"Butanoic acid, 2,4-bis[(trimethylsilyl)oxy]-",Plasma
3958,"Butanoic acid, 3,4-dihydroxy-",Feces
3765,Butyl caprylate,Feces
3959,Butyl Succinate,Feces
3448,Butylated Hydroxytoluene,Plasma
3449,Butylmethylamine,Plasma
609,Bvht,Choroid Plexus
1523,Bvht,Cortex
1474,C030013C21Rik,Cortex
1441,C030034I22Rik,Cortex
648,C130021I20Rik,Choroid Plexus
2703,C130021I20Rik,Remaining Brain
1541,C130023A14Rik,Cortex
2183,C130026L21Rik,Striatum
2345,C130075A20Rik,Striatum
331,C130089K02Rik,Choroid Plexus
2731,C1qtnf7,Remaining Brain
2298,C230014O12Rik,Striatum
1944,C2cd2l,Striatum
2449,C3,Remaining Brain
1238,Cables1,Cortex
334,Cables2,Choroid Plexus
1878,Cachd1,Striatum
1739,Cacna2d3,Striatum
1683,Cacng2,Striatum
1715,Cacng4,Striatum
1976,Cacul1,Striatum
3451,Cadaverine,Plasma
1633,Calb2,Striatum
1768,Calcoco1,Striatum
1814,Caly,Striatum
634,Camk1d,Choroid Plexus
3452,Campesterol,Plasma
3962,Campesterol,Feces
546,Camsap2,Choroid Plexus
885,Cand1,Cortex
2717,Capg,Remaining Brain
316,Capn15,Choroid Plexus
466,Capn2,Choroid Plexus
980,Car5a,Cortex
2082,Car8,Striatum
995,Carf,Cortex
3455,Carfentrazone-ethyl,Plasma
926,Carmil3,Cortex
2281,Casc3,Striatum
2393,Casd1,Remaining Brain
287,Casp8,Choroid Plexus
1827,Casp8,Striatum
1032,Casq2,Cortex
1864,Casq2,Striatum
121,Cast,Choroid Plexus
918,Cast,Cortex
406,Casz1,Choroid Plexus
218,Cbarp,Choroid Plexus
1794,Cbln2,Striatum
2074,Cbln3,Striatum
1498,Cbx6,Cortex
774,Ccar1,Choroid Plexus
2386,Ccdc124,Remaining Brain
1416,Ccdc134,Cortex
940,Ccdc14,Cortex
248,Ccdc148,Choroid Plexus
1289,Ccdc149,Cortex
2774,Ccdc162,Remaining Brain
1312,Ccdc169,Cortex
2228,Ccdc177,Striatum
178,Ccdc18,Choroid Plexus
639,Ccdc180,Choroid Plexus
761,Ccdc186,Choroid Plexus
2151,Ccdc187,Striatum
2755,Ccdc190,Remaining Brain
1050,Ccdc28b,Cortex
1881,Ccdc30,Striatum
2504,Ccdc30,Remaining Brain
385,Ccdc33,Choroid Plexus
1848,Ccdc34,Striatum
208,Ccdc59,Choroid Plexus
2560,Ccdc85a,Remaining Brain
417,Ccdc88a,Choroid Plexus
2693,Ccdc96,Remaining Brain
813,Ccdc97,Cortex
2131,Ccdc9b,Striatum
150,Ccn4,Choroid Plexus
2376,Ccn4,Remaining Brain
57,Ccnd1,Choroid Plexus
2369,Ccne1,Remaining Brain
2104,Ccno,Striatum
855,Ccnt1,Cortex
1432,Ccnyl1,Cortex
666,Ccpg1,Choroid Plexus
518,Cct4,Choroid Plexus
1818,Cct8,Striatum
2463,Cd151,Remaining Brain
1299,Cd24a,Cortex
1641,Cd44,Striatum
262,Cd47,Choroid Plexus
2007,Cd99l2,Striatum
401,Cdc14a,Choroid Plexus
1277,Cdc25c,Cortex
896,Cdc27,Cortex
1008,Cdc42bpa,Cortex
2651,Cdc42ep4,Remaining Brain
1001,Cdc73,Cortex
1942,Cdh15,Striatum
2677,Cdh19,Remaining Brain
2728,Cdh24,Remaining Brain
230,Cdh4,Choroid Plexus
1635,Cdip1,Striatum
1692,Cdk17,Striatum
2426,Cdk20,Remaining Brain
1426,Cdk7,Cortex
94,Cdkl3,Choroid Plexus
254,Cdkn1c,Choroid Plexus
65,Cdr2l,Choroid Plexus
722,Cebpa,Choroid Plexus
586,Cebpd,Choroid Plexus
1435,Cebpd,Cortex
49,Cebpz,Choroid Plexus
1645,Celf1,Striatum
1521,Celrr,Cortex
1337,Cemip,Cortex
2251,Cenpb,Striatum
2743,Cenpj,Remaining Brain
1773,Cenpq,Striatum
2641,Cep126,Remaining Brain
66,Cep128,Choroid Plexus
1129,Cep15,Cortex
699,Cep290,Choroid Plexus
1134,Cep350,Cortex
222,Cep41,Choroid Plexus
530,Cep57,Choroid Plexus
1956,Cep63,Striatum
635,Cep78,Choroid Plexus
198,Cep95,Choroid Plexus
936,Cep97,Cortex
3456,"Cephalotaxine, 3-deoxy-3,11-epoxy-, (3alpha,11alpha)-",Plasma
719,Cerkl,Choroid Plexus
465,Cerox1,Choroid Plexus
3457,"Cetaben, N,O-bis(trimethylsilyl)-",Plasma
1382,Cfap418,Cortex
496,Cfap46,Choroid Plexus
2586,Cfap53,Remaining Brain
1691,Cfap54,Striatum
1229,Cfap69,Cortex
2302,Cfap92,Striatum
1102,Cfdp1,Cortex
1002,Cfh,Cortex
808,Cfp,Cortex
2706,Chchd3,Remaining Brain
687,Chchd7,Choroid Plexus
2741,Chd4,Remaining Brain
575,Chd5,Choroid Plexus
738,Chdh,Choroid Plexus
511,Chi3l1,Choroid Plexus
2225,Chia1,Striatum
1087,Chic1,Cortex
1928,Chmp1b2,Striatum
1983,Chmp2a,Striatum
28,Chmp4c,Choroid Plexus
984,Chmp6,Cortex
3458,"Cholest-22-ene-21-ol, 3,5-dehydro-6-methoxy-, pivalate",Plasma
3460,"Cholest-7-en-3-ol, (3beta,5alpha)-",Plasma
3462,"Cholesta-3,5-dien-7-one",Plasma
3463,"Cholesta-3,5-diene ",Plasma
3465,Cholesterol,Plasma
3963,Cholesterol,Feces
1452,Chst14,Cortex
2593,Cimap1d,Remaining Brain
3466,Cinnamic acid,Plasma
3467,cis-4-Trimethylsilyloxy-cyclohexyl(trimethylsilyl)carboxylate,Plasma
3966,"cis-4,5-Dihydroxy-o-dithiane",Feces
3965,"cis,cis,cis-1-Isobutyl-2,5-dimethylcyclohexane",Feces
2282,Cisd3,Striatum
3469,Citric acid,Plasma
3967,Citric acid,Feces
1609,Ckb,Striatum
1599,Ckmt1,Striatum
2496,Cks1b,Remaining Brain
653,Clcn2,Choroid Plexus
2433,Cldn10,Remaining Brain
448,Cldn22,Choroid Plexus
2184,Clec12a,Striatum
547,Clec14a,Choroid Plexus
2520,Clec5a,Remaining Brain
953,Clip4,Cortex
523,Clpp,Choroid Plexus
457,Cltb,Choroid Plexus
1909,Cmas,Striatum
929,Cmbl,Cortex
407,Cmc4,Choroid Plexus
2658,Cmklr1,Remaining Brain
1117,Cmtm7,Cortex
168,Cmtm8,Choroid Plexus
951,Cmtr1,Cortex
1303,Cmya5,Cortex
643,Cnih2,Choroid Plexus
2478,Cnih3,Remaining Brain
775,Cnnm4,Choroid Plexus
1170,Cnot1,Cortex
1458,Cntd1,Cortex
2614,Cntln,Remaining Brain
779,Cntn1,Choroid Plexus
1971,Cntnap3,Striatum
1939,Cntnap4,Striatum
1411,Cntnap5b,Cortex
1720,Coch,Striatum
1938,Cog4,Striatum
33,Cog8,Choroid Plexus
1378,Col13a1,Cortex
931,Col14a1,Cortex
1379,Col25a1,Cortex
2725,Col25a1,Remaining Brain
2127,Col27a1,Striatum
1934,Col4a2,Striatum
327,Col5a3,Choroid Plexus
2152,Col6a3,Striatum
1958,Col6a4,Striatum
515,Col8a1,Choroid Plexus
1417,Col8a1,Cortex
514,Col9a2,Choroid Plexus
804,Comt,Cortex
2479,Copa,Remaining Brain
3,Cope,Choroid Plexus
160,Copg1,Choroid Plexus
1907,Copg1,Striatum
1142,Cops8,Cortex
2654,Coq5,Remaining Brain
1638,Coro1c,Striatum
2059,Coro7,Striatum
141,Cox18,Choroid Plexus
2177,Cox6b2,Striatum
2686,Cox7b2,Remaining Brain
2239,Cpped1,Striatum
1027,Cpxm1,Cortex
1856,Cpxm1,Striatum
140,Cpxm2,Choroid Plexus
182,Cracr2b,Choroid Plexus
2740,Crb1,Remaining Brain
2683,Crebrf,Remaining Brain
2174,Crebzf,Striatum
1653,Crlf1,Striatum
1853,Crls1,Striatum
2365,Crnkl1,Remaining Brain
1422,Cry2,Cortex
1897,Crybb3,Striatum
803,Crygn,Choroid Plexus
1194,Crygn,Cortex
2372,Cse1l,Remaining Brain
2598,Csgalnact1,Remaining Brain
460,Csnk1a1,Choroid Plexus
2455,Csnk1a1,Remaining Brain
1114,Csnk1g1,Cortex
965,Csnk2b,Cortex
88,Cspg5,Choroid Plexus
1005,Csrp1,Cortex
700,Cstf2,Choroid Plexus
102,Ctdspl2,Choroid Plexus
2563,Ctdspl2,Remaining Brain
2032,Ctnna1,Striatum
2623,Ctnnal1,Remaining Brain
1888,Ctnnbip1,Striatum
525,Ctr9,Choroid Plexus
277,Ctsc,Choroid Plexus
1034,Ctso,Cortex
1210,Ctu1,Cortex
1081,Cul4b,Cortex
392,Cul7,Choroid Plexus
2179,Cx3cr1,Striatum
1765,Cxadr,Striatum
915,Cxcl14,Cortex
1681,Cxcl16,Striatum
2402,Cxcl16,Remaining Brain
554,Cxxc4,Choroid Plexus
1371,Cyb5d2,Cortex
3470,Cyclo-(l-leucyl-l-phenylalanyl),Plasma
3471,Cyclo(L-prolyl-L-valine),Plasma
3968,Cyclo(L-prolyl-L-valine),Feces
3472,cyclobutanecarboxylic acid,Plasma
3473,Cyclobutanol,Plasma
3969,Cyclohexanecarboxylic acid,Feces
3970,Cyclohexanemethanol,Feces
3474,Cyclohexanol,Plasma
3971,Cyclohexanol,Feces
3476,"Cyclohexene, 3-butyl-3-methyl-1-trimethylsilyloxy-",Plasma
3972,"Cyclopenta[g]-2-benzopyran, 1,3,4,6,7,8-hexahydro-4,6,6,7,8,8-hexamethyl",Feces
3478,"Cyclopentaneacetic acid, 3-oxo-2-pentyl-",Plasma
3479,"Cyclopentanone, 2,2,4-trimethyl-",Plasma
2599,Cyld,Remaining Brain
2394,Cyp2j9,Remaining Brain
2266,Cyp4f15,Striatum
678,Cyren,Choroid Plexus
892,Cyria,Cortex
1704,Cyria,Striatum
3974,Cytosine,Feces
155,Cyyr1,Choroid Plexus
3480,D-(-)-Citramalic acid,Plasma
3976,D-(-)-Fructofuranose,Feces
3481,"D-(-)-Fructofuranose, pentakis",Plasma
3977,D-(-)-Fructopyranose,Feces
3482,"D-(-)-Lyxose, tetrakis",Plasma
3978,D-(-)-Ribofuranose,Feces
3483,"D-(-)-Ribofuranose, tetrakis",Plasma
3980,D-(+)-Glucosamine,Feces
3981,"D-(+)-Ribono-1,4-lactone ",Feces
3485,"D-(+)-Ribono-1,4-lactone (R,S,R)-",Plasma
3982,D-(+)-Talofuranose,Feces
3486,"D-(+)-Talofuranose, pentakis",Plasma
3983,D-Allofuranose,Feces
3488,D-Arabinose,Plasma
3984,D-Arabinose,Feces
3990,"D-Erythro-Pentitol, 2-deoxy-",Feces
3489,"D-Erythro-Pentofuranose, 2-deoxy-1,3-bis-O-",Plasma
3991,"D-Erythro-Pentofuranose, 2-deoxy-1,3-bis-O-posphate",Feces
3992,d-Erythrotetrofuranose,Feces
3490,D-Fructose,Plasma
3994,D-Fructose,Feces
3996,D-Glucose,Feces
3492,"D-Isoleucine, N-acetyl-",Plasma
3493,D-Leucylglycylglycine,Plasma
4001,D-Mannopyranose,Feces
3494,D-Mannose,Plasma
3496,D-Proline,Plasma
4006,D-Psicofuranose,Feces
3498,D-Ribose,Plasma
4008,D-Ribose,Feces
3499,D-Threitol,Plasma
3500,"D-Xylofuranose, 1,2,3,5-tetrakis-O-",Plasma
1459,D030028A08Rik,Cortex
1764,D16Ertd472e,Striatum
2110,D17H6S53E,Striatum
2322,D430036J16Rik,Striatum
1283,D630023F18Rik,Cortex
354,D630036H23Rik,Choroid Plexus
1449,D930028M14Rik,Cortex
2710,Dach1,Remaining Brain
876,Dalrd3,Cortex
16,Dap3,Choroid Plexus
1423,Dap3,Cortex
464,Dbndd1,Choroid Plexus
1943,Dbndd1,Striatum
361,Dbpht2,Choroid Plexus
640,Dcaf12l1,Choroid Plexus
2604,Dcaf15,Remaining Brain
2407,Dcbld1,Remaining Brain
2814,Dchs2,Remaining Brain
387,Dcp2,Choroid Plexus
967,Dcp2,Cortex
110,Dctn2,Choroid Plexus
1812,Dctn2,Striatum
1258,Dctpp1,Cortex
2176,Dcun1d4,Striatum
782,Dcxr,Choroid Plexus
200,Ddb1,Choroid Plexus
1619,Ddb2,Striatum
1188,Ddhd1,Cortex
2030,Ddhd1,Striatum
1916,Ddias,Striatum
61,Ddit4,Choroid Plexus
810,Ddt,Cortex
1978,Ddx19b,Striatum
1867,Ddx20,Striatum
419,Ddx23,Choroid Plexus
1843,Ddx31,Striatum
1732,Ddx46,Striatum
1107,Ddx6,Cortex
3501,Decanoic acid,Plasma
3985,Decanoic acid,Feces
3986,Decyl oleate,Feces
3987,Dehydroabietic acid,Feces
3502,Dehydronorketamine,Plasma
190,Dek,Choroid Plexus
3503,Delorazepam,Plasma
472,Dennd2c,Choroid Plexus
1665,Dennd6b,Striatum
3504,Deoxycholic Acid,Plasma
3988,Deoxycholic Acid,Feces
3766,Deoxyglucose,Feces
3989,Deoxyribopyranose,Feces
1752,Derl1,Striatum
3505,Desmosterol,Plasma
2438,Dgcr8,Remaining Brain
1398,Dgkeos,Cortex
1146,Dgkh,Cortex
2047,Dgki,Striatum
991,Dhtkd1,Cortex
46,Dhx29,Choroid Plexus
2380,Dhx34,Remaining Brain
1859,Dhx35,Striatum
614,Dhx36,Choroid Plexus
785,Dhx9,Choroid Plexus
2514,Diablo,Remaining Brain
2576,Diaph2,Remaining Brain
3507,Dihydrouracil,Plasma
3997,Dihydrouracil,Feces
3998,Dihydroxyacetone,Feces
3508,Dimethyl fumarate,Plasma
3999,"Dimethyl hexopyranosiduronate, alpha-D",Feces
3509,"Dimethyl hexopyranosiduronate, alpha-D-",Plasma
3510,Dinoseb,Plasma
3511,Diphenyl ether,Plasma
343,Dipk1a,Choroid Plexus
1163,Dipk1b,Cortex
3512,DL-Glyceraldehyde,Plasma
3513,DL-Ornithine,Plasma
3514,DL-Phenylalanine,Plasma
4000,DL-Phenylalanine,Feces
3515,"DL-Proline, 5-oxo-",Plasma
806,Dlg3,Cortex
668,Dlg4,Choroid Plexus
565,Dlgap4,Choroid Plexus
1631,Dll3,Striatum
2094,Dlx1,Striatum
1901,Dlx5,Striatum
1260,Dmtf1,Cortex
1183,Dmxl1,Cortex
1056,Dnajb6,Cortex
627,Dnajc13,Choroid Plexus
2459,Dnajc14,Remaining Brain
18,Dnajc21,Choroid Plexus
1605,Dnajc5,Striatum
144,Dnajc7,Choroid Plexus
1350,Dnajc8,Cortex
773,Dnase1l1,Choroid Plexus
2440,Dnm1l,Remaining Brain
895,Dnmt3a,Cortex
3516,Dobutamine,Plasma
1801,Doc2g,Striatum
478,Dock10,Choroid Plexus
1205,Dock10,Cortex
2061,Dock3,Striatum
1109,Dock6,Cortex
2178,Dock8,Striatum
3517,Doconexent,Plasma
4003,Dodecanamide,Feces
3520,"Dodecanamide, N-(2-hydroxyethyl)-",Plasma
3521,"Dodecane, 4,6-dimethyl-",Plasma
3523,Dodecanoic acid,Plasma
3522,"Dodecanoic acid, 1-methylethyl ester",Plasma
3524,Dodecylcyclohexane,Plasma
351,Dok1,Choroid Plexus
3525,Dopamine,Plasma
2566,Dph5,Remaining Brain
615,Dpp10,Choroid Plexus
502,Dpysl4,Choroid Plexus
853,Dqx1,Cortex
797,Dr1,Choroid Plexus
975,Drap1,Cortex
324,Drc3,Choroid Plexus
2164,Dscam,Striatum
441,Dstn,Choroid Plexus
2026,Dtl,Striatum
2723,Dtnbp1,Remaining Brain
1640,Dtx2,Striatum
2066,Dtx4,Striatum
894,Dus4l,Cortex
425,Dusp1,Choroid Plexus
1066,Dusp11,Cortex
1838,Dusp12,Striatum
411,Dusp28,Choroid Plexus
732,Dync1h1,Choroid Plexus
1952,Dync1li1,Striatum
470,Dync2i2,Choroid Plexus
2060,Dync2i2,Striatum
207,Dync2li1,Choroid Plexus
765,Dynll1,Choroid Plexus
1504,Dynlt1a,Cortex
326,Dynlt1f,Choroid Plexus
163,Dynlt2b,Choroid Plexus
1190,Dzip1l,Cortex
1564,E230020A03Rik,Cortex
497,E2f2,Choroid Plexus
863,E2f3,Cortex
1751,Ebag9,Striatum
2204,Ebf1,Striatum
941,Ece2,Cortex
2666,Ecm2,Remaining Brain
2636,Edrf1,Remaining Brain
229,Eea1,Choroid Plexus
312,Eef1a1,Choroid Plexus
439,Eeig1,Choroid Plexus
1009,Efcab2,Cortex
1418,Efcc1,Cortex
974,Efemp2,Cortex
574,Efhb,Choroid Plexus
2076,Efhd2,Striatum
2044,Efl1,Striatum
1610,Efnb2,Striatum
2233,Egfem1,Striatum
1255,Ehbp1,Cortex
789,Ehd1,Choroid Plexus
3527,Eicosapentaenoic acid,Plasma
1291,Eid2,Cortex
83,Eid2b,Choroid Plexus
1652,Eif1b,Striatum
1451,Eif2s2,Cortex
2200,Eif3b,Striatum
386,Eif3g,Choroid Plexus
292,Eif3h,Choroid Plexus
696,Eif3l,Choroid Plexus
1092,Eif4ebp1,Cortex
126,Eipr1,Choroid Plexus
2198,Elapor2,Striatum
1654,Elavl2,Striatum
1167,Elf1,Cortex
1082,Elf4,Cortex
663,Elmo2,Choroid Plexus
1997,Elmod2,Striatum
224,Emc10,Choroid Plexus
463,Emc3,Choroid Plexus
1301,Emc6,Cortex
2191,Emcn,Striatum
124,Emd,Choroid Plexus
1615,Emd,Striatum
833,Emg1,Cortex
2436,Emp2,Remaining Brain
2435,Endou,Remaining Brain
1876,Enho,Striatum
553,Enpp5,Choroid Plexus
2447,Enpp5,Remaining Brain
2091,Entpd3,Striatum
2652,Entpd3,Remaining Brain
624,Entpd6,Choroid Plexus
2124,Eola1,Striatum
1357,Ep300,Cortex
2448,Epas1,Remaining Brain
1224,Epcip,Cortex
2513,Epha5,Remaining Brain
2141,Epm2aip1,Striatum
1646,Epor,Striatum
2503,Eps15,Remaining Brain
987,Eps8l2,Cortex
795,Erap1,Choroid Plexus
673,Erbin,Choroid Plexus
920,Erbin,Cortex
322,Erc2,Choroid Plexus
827,Ercc1,Cortex
359,Ergic2,Choroid Plexus
909,Erh,Cortex
1808,Erlin1,Striatum
1171,Ermard,Cortex
682,Errfi1,Choroid Plexus
1053,Errfi1,Cortex
3528,Erythritol,Plasma
3768,Erythritol,Feces
4011,"Erythrono-1,4-lactone",Feces
3529,"Erythrono-1,4-lactone, (Z)-",Plasma
1614,Esam,Striatum
107,Ess2,Choroid Plexus
826,Ess2,Cortex
867,Etaa1,Cortex
3769,Ethanamine,Feces
3530,"Ethanamine, N,N-diethyl-2,2-dimethyl-2-[(3,5-dimethoxy)phenyl]-",Plasma
3532,Ethanolamine,Plasma
3533,"Ethanone, 1-(2,5-dimethoxyphenyl)-",Plasma
3534,"Ethanone, 1-(5-methoxy-2-methyl-3(1H)-indolyl)-",Plasma
4013,Ethyl alpha-D-glucopyranoside,Feces
3536,Ethyl cis-2-trimethylsilyl-cyclopropane-1-carboxylate,Plasma
4014,Ethyl glycolate,Feces
576,Etohd2,Choroid Plexus
832,Etv1,Cortex
822,Etv3,Cortex
510,Evi5,Choroid Plexus
438,Exoc1,Choroid Plexus
1394,Exoc5,Cortex
2396,Exosc10,Remaining Brain
2493,Exosc9,Remaining Brain
15,Exph5,Choroid Plexus
1052,Extl1,Cortex
2384,Ezh1,Remaining Brain
1083,F9,Cortex
549,Faap24,Choroid Plexus
1080,Fadd,Cortex
969,Fads2,Cortex
968,Fads3,Cortex
1821,Faf2,Striatum
857,Fam120b,Cortex
2612,Fam13a,Remaining Brain
101,Fam13b,Choroid Plexus
2017,Fam13b,Striatum
180,Fam167b,Choroid Plexus
1061,Fam168a,Cortex
2004,Fam174c,Striatum
914,Fam193b,Cortex
1261,Fam199x,Cortex
2167,Fam241a,Striatum
2690,Fam241a,Remaining Brain
2691,Fam78a,Remaining Brain
2253,Fam8a1,Striatum
1181,Fam91a1,Cortex
766,Fam98b,Choroid Plexus
1730,Fancc,Striatum
647,Fance,Choroid Plexus
1634,Farsa,Striatum
95,Fastk,Choroid Plexus
2776,Fastkd5,Remaining Brain
1792,Fbn2,Striatum
2734,Fbxl12os,Remaining Brain
1820,Fbxl16,Striatum
1326,Fbxl22,Cortex
1990,Fbxo16,Striatum
1202,Fbxo25,Cortex
2040,Fbxo25,Striatum
2146,Fbxo28,Striatum
2080,Fbxw4,Striatum
21,Fcf1,Choroid Plexus
745,Fcho2,Choroid Plexus
1250,Fcho2,Cortex
2043,Fchsd1,Striatum
212,Fchsd2,Choroid Plexus
1917,Fchsd2,Striatum
911,Fdft1,Cortex
718,Fer,Choroid Plexus
2489,Fermt1,Remaining Brain
935,Fgf12,Cortex
2485,Fgf7,Remaining Brain
561,Fgfr1op2,Choroid Plexus
654,Fgl2,Choroid Plexus
567,Fhad1,Choroid Plexus
164,Fhl1,Choroid Plexus
485,Fhod3,Choroid Plexus
2293,Firre,Striatum
2364,Fkbp10,Remaining Brain
1708,Fkbp1b,Striatum
1913,Fkbp4,Striatum
1625,Fkbp7,Striatum
2373,Fkbp7,Remaining Brain
132,Flcn,Choroid Plexus
1670,Fli1,Striatum
1088,Flna,Cortex
979,Flnb,Cortex
1421,Flnc,Cortex
713,Flvcr1,Choroid Plexus
2011,Fmnl2,Striatum
32,Fn3krp,Choroid Plexus
251,Fndc3a,Choroid Plexus
1975,Fntb,Striatum
811,Folh1,Cortex
2603,Foxa2,Remaining Brain
714,Foxc2,Choroid Plexus
169,Foxk2,Choroid Plexus
1346,Fpgt,Cortex
1349,Fra10ac1,Cortex
2148,Frat2,Striatum
519,Frg1,Choroid Plexus
1314,Frmd3,Cortex
1368,Fry,Cortex
36,Fsbp,Choroid Plexus
1510,Fsbp,Cortex
2313,Fsbp,Striatum
1484,Ftx,Cortex
571,Fundc2,Choroid Plexus
2462,Fuom,Remaining Brain
3539,"Furan, 2-pentyl-",Plasma
1073,Furin,Cortex
638,Fxr1,Choroid Plexus
2243,Fxyd6,Striatum
2434,Fyb1,Remaining Brain
1687,Fyn,Striatum
2779,Fzd10,Remaining Brain
1285,Fzd5,Cortex
585,Fzr1,Choroid Plexus
538,G2e3,Choroid Plexus
988,Gaa,Cortex
836,Gab2,Cortex
1637,Gab2,Striatum
1026,Gabpb1,Cortex
1894,Gabra4,Striatum
1842,Gad2,Striatum
3540,Galactopyranose,Plasma
2217,Galnt13,Striatum
75,Galnt15,Choroid Plexus
2431,Galnt15,Remaining Brain
1723,Galnt16,Striatum
676,Ganab,Choroid Plexus
1339,Gas1,Cortex
209,Gas6,Choroid Plexus
2577,Gbx2,Remaining Brain
2483,Gca,Remaining Brain
1949,Gclc,Striatum
2624,Gcnt1,Remaining Brain
2794,Gcnt4,Remaining Brain
990,Gdap1,Cortex
1137,Gde1,Cortex
922,Gdf10,Cortex
982,Gdf11,Cortex
872,Gdf9,Cortex
2219,Gdpd1,Striatum
223,Gdpd3,Choroid Plexus
2172,Gdpgp1,Striatum
2500,Gem,Remaining Brain
2197,Gemin6,Striatum
2119,Gemin7,Striatum
1742,Gfra2,Striatum
1626,Ggct,Striatum
897,Gh,Cortex
1063,Gigyf1,Cortex
1351,Gimap4,Cortex
1330,Gimap9,Cortex
106,Gin1,Choroid Plexus
2067,Gjb6,Striatum
2579,Gjc1,Remaining Brain
2582,Glis1,Remaining Brain
1057,Glmn,Cortex
2363,Glmp,Remaining Brain
3541,Gln-Ala,Plasma
599,Glod4,Choroid Plexus
997,Gls,Cortex
4016,"Gluconolactone (3R,4S,5R,6R)",Feces
3542,Glucopyranose,Plasma
3543,Glucose,Plasma
2476,Glul,Remaining Brain
3544,Glyceric acid,Plasma
4018,Glyceric acid,Feces
4021,Glycerol,Feces
4020,Glycerol tricaprylate,Feces
3545,Glycine,Plasma
3546,"Glycine, N-(1-oxobutyl)-",Plasma
3547,"Glycine, N-(N-DL-leucylglycyl)-",Plasma
3548,"Glycine, N-[4-[(trimethylsilyl)oxy]benzoyl]-",Plasma
3549,Glycolic acid,Plasma
4022,Glycolic acid,Feces
3551,Glyoxime,Plasma
1413,Gm10221,Cortex
1515,Gm10516,Cortex
2767,Gm10643,Remaining Brain
1448,Gm10654,Cortex
2816,Gm10657,Remaining Brain
2272,Gm10699,Striatum
2790,Gm11532,Remaining Brain
2782,Gm11637,Remaining Brain
2203,Gm11696,Striatum
424,Gm11767,Choroid Plexus
2798,Gm11942,Remaining Brain
1481,Gm12144,Cortex
119,Gm12346,Choroid Plexus
2715,Gm12500,Remaining Brain
1467,Gm12902,Cortex
1489,Gm12999,Cortex
1495,Gm13031,Cortex
1471,Gm13340,Cortex
2276,Gm13375,Striatum
2785,Gm13861,Remaining Brain
1479,Gm14634,Cortex
301,Gm14798,Choroid Plexus
473,Gm15083,Choroid Plexus
1478,Gm15124,Cortex
2786,Gm15201,Remaining Brain
73,Gm15408,Choroid Plexus
2303,Gm15446,Striatum
1483,Gm15513,Cortex
1470,Gm15542,Cortex
2296,Gm15564,Striatum
674,Gm15587,Choroid Plexus
152,Gm15675,Choroid Plexus
1492,Gm15764,Cortex
1499,Gm16168,Cortex
2304,Gm16339,Striatum
1520,Gm17259,Cortex
2323,Gm17322,Striatum
605,Gm17530,Choroid Plexus
2338,Gm17530,Striatum
1506,Gm18284,Cortex
2820,Gm19391,Remaining Brain
1580,Gm19439,Cortex
783,Gm1976,Choroid Plexus
1409,Gm1976,Cortex
684,Gm19817,Choroid Plexus
2312,Gm19967,Striatum
2341,Gm20045,Striatum
255,Gm20052,Choroid Plexus
2311,Gm20712,Striatum
1496,Gm23751,Cortex
471,Gm2445,Choroid Plexus
395,Gm25517,Choroid Plexus
1407,Gm26225,Cortex
1518,Gm26592,Cortex
1517,Gm26652,Cortex
1522,Gm26691,Cortex
2321,Gm26814,Striatum
2316,Gm26881,Striatum
1527,Gm27151,Cortex
2809,Gm27184,Remaining Brain
2328,Gm27200,Striatum
1529,Gm28523,Cortex
1530,Gm29155,Cortex
2332,Gm29155,Striatum
2330,Gm29325,Striatum
1532,Gm29488,Cortex
2310,Gm3294,Striatum
1574,Gm3364,Cortex
1500,Gm3687,Cortex
1563,Gm37033,Cortex
1552,Gm37061,Cortex
1543,Gm37124,Cortex
2335,Gm37124,Striatum
296,Gm37204,Choroid Plexus
286,Gm37219,Choroid Plexus
1539,Gm37258,Cortex
1537,Gm37266,Cortex
2815,Gm37390,Remaining Brain
1559,Gm37397,Cortex
2342,Gm37397,Striatum
1553,Gm37420,Cortex
1554,Gm37452,Cortex
1549,Gm37529,Cortex
2336,Gm37534,Striatum
2334,Gm37569,Striatum
1514,Gm3764,Cortex
1556,Gm37678,Cortex
2343,Gm37735,Striatum
1544,Gm37745,Cortex
1538,Gm37777,Cortex
1547,Gm37834,Cortex
1555,Gm37941,Cortex
2818,Gm37963,Remaining Brain
1535,Gm37968,Cortex
67,Gm38037,Choroid Plexus
2340,Gm38071,Striatum
1562,Gm38077,Cortex
1558,Gm38104,Cortex
1548,Gm38217,Cortex
1540,Gm38254,Cortex
1560,Gm38299,Cortex
1545,Gm38357,Cortex
753,Gm38380,Choroid Plexus
728,Gm4017,Choroid Plexus
2792,Gm4117,Remaining Brain
1586,Gm42442,Cortex
72,Gm42463,Choroid Plexus
2351,Gm42463,Striatum
1572,Gm42482,Cortex
2348,Gm42588,Striatum
1597,Gm42600,Cortex
2355,Gm42600,Striatum
479,Gm42636,Choroid Plexus
1584,Gm42679,Cortex
2353,Gm42722,Striatum
2349,Gm42725,Striatum
1591,Gm42727,Cortex
2354,Gm42727,Striatum
1587,Gm42771,Cortex
1576,Gm42837,Cortex
1595,Gm42853,Cortex
2346,Gm42869,Striatum
1596,Gm42897,Cortex
1565,Gm42941,Cortex
2352,Gm42942,Striatum
1571,Gm42989,Cortex
1578,Gm43009,Cortex
1568,Gm43066,Cortex
1566,Gm43133,Cortex
1588,Gm43176,Cortex
1579,Gm43187,Cortex
1582,Gm43311,Cortex
48,Gm43339,Choroid Plexus
2347,Gm43359,Striatum
398,Gm43360,Choroid Plexus
1569,Gm43413,Cortex
1594,Gm43417,Cortex
1583,Gm43420,Cortex
400,Gm43513,Choroid Plexus
257,Gm43568,Choroid Plexus
1577,Gm43663,Cortex
2350,Gm43672,Striatum
1585,Gm43677,Cortex
1575,Gm43751,Cortex
1573,Gm43765,Cortex
1589,Gm43795,Cortex
1593,Gm43800,Cortex
2301,Gm4491,Striatum
1524,Gm4804,Cortex
2267,Gm4924,Striatum
2307,Gm5093,Striatum
482,Gm5141,Choroid Plexus
1490,Gm5475,Cortex
1546,Gm5845,Cortex
1466,Gm5909,Cortex
2789,Gm6117,Remaining Brain
269,Gm6548,Choroid Plexus
2325,Gm6556,Striatum
2595,Gm7008,Remaining Brain
2327,Gm7467,Striatum
1315,Gm8186,Cortex
2159,Gm8186,Striatum
2705,Gm9905,Remaining Brain
347,Gm9920,Choroid Plexus
2188,Gm9930,Striatum
2597,Gmip,Remaining Brain
649,Gmppa,Choroid Plexus
384,Gnas,Choroid Plexus
1042,Gne,Cortex
2799,Gng14,Remaining Brain
2155,Gng7,Striatum
1885,Gnl2,Striatum
1810,Gnl3l,Striatum
459,Golm2,Choroid Plexus
883,Gopc,Cortex
1955,Gorasp1,Striatum
307,Gpaa1,Choroid Plexus
113,Gpank1,Choroid Plexus
2796,Gpank1,Remaining Brain
290,Gpatch2l,Choroid Plexus
1139,Gpbp1l1,Cortex
1304,Gphn,Cortex
2650,Gpr12,Remaining Brain
2745,Gpr139,Remaining Brain
577,Gpr162,Choroid Plexus
1743,Gpr180,Striatum
191,Gpr19,Choroid Plexus
310,Gpr4,Choroid Plexus
314,Gpr65,Choroid Plexus
2252,Gpr88,Striatum
377,Gprc5c,Choroid Plexus
1433,Gprin2,Cortex
415,Gpsm3,Choroid Plexus
2214,Grb2,Striatum
250,Grcc10,Choroid Plexus
2108,Greb1l,Striatum
1157,Grhpr,Cortex
993,Gria4,Cortex
898,Grin2c,Cortex
1254,Grk3,Cortex
87,Grpel1,Choroid Plexus
346,Gsk3b,Choroid Plexus
115,Gsta3,Choroid Plexus
1823,Gsta3,Striatum
786,Gsta4,Choroid Plexus
350,Gstm6,Choroid Plexus
1966,Gtf3c1,Striatum
852,Gtpbp3,Cortex
758,Gtpbp4,Choroid Plexus
3552,Guanabenz,Plasma
4023,"Guanidine, N,N-dimethyl",Feces
1982,Gucy1a1,Striatum
430,Guk1,Choroid Plexus
4024,"Gulonic acid, gamma-lactone",Feces
683,Gxylt1,Choroid Plexus
2522,Gxylt2,Remaining Brain
1502,Gypc,Cortex
2305,Gypc,Striatum
1685,H13,Striatum
446,H1f10,Choroid Plexus
1284,H1f10,Cortex
2714,H2-T22,Remaining Brain
37,H2az2,Choroid Plexus
1369,H2bc27,Cortex
1392,H3f3a,Cortex
913,Habp4,Cortex
1977,Hacd3,Striatum
2726,Hadhb,Remaining Brain
1915,Hapln3,Striatum
787,Haus4,Choroid Plexus
1930,Haus7,Striatum
1628,Hbp1,Striatum
455,Hcn3,Choroid Plexus
2389,Hdac5,Remaining Brain
69,Hdac9,Choroid Plexus
725,Hdgfl3,Choroid Plexus
304,Heatr3,Choroid Plexus
807,Heatr6,Cortex
1153,Hectd1,Cortex
1453,Heg1,Cortex
1086,Heph,Cortex
3555,Heptadecanoic acid,Plasma
4025,Heptadecanoic acid,Feces
2246,Hes6,Striatum
4026,Hexacosanoic acid,Feces
4027,"Hexadecanoic acid, 4-hydroxybutyl ester",Feces
4028,"Hexadecanoic acid, ethyl ester",Feces
4029,"Hexadecanoic acid, methyl ester",Feces
4030,"Hexadecanoic acid, tetradecyl ester",Feces
3557,Hexanedioic acid,Plasma
4031,Hexanedioic acid,Feces
3558,Hexanoic acid,Plasma
1268,Hexim2,Cortex
2072,Hey1,Striatum
2236,Hhip,Striatum
2163,Hic2,Striatum
2404,Hint3,Remaining Brain
562,Hip1,Choroid Plexus
321,Hk1,Choroid Plexus
282,Hkdc1,Choroid Plexus
711,Hlf,Choroid Plexus
1215,Hlx,Cortex
44,Hmces,Choroid Plexus
2244,Hmcn1,Striatum
58,Hmga1,Choroid Plexus
534,Hmgb2,Choroid Plexus
1355,Hmgb2,Cortex
1508,Hmgcs1,Cortex
772,Hmmr,Choroid Plexus
830,Hmox2,Cortex
366,Hook2,Choroid Plexus
1380,Hopx,Cortex
2772,Hps6,Remaining Brain
1705,Hs1bp3,Striatum
2417,Hs1bp3,Remaining Brain
2753,Hs3st3b1,Remaining Brain
1431,Hs3st3b1,Cortex
2116,Hs3st5,Striatum
2540,Hsd17b2,Remaining Brain
369,Hsdl2,Choroid Plexus
2771,Hspa12b,Remaining Brain
2309,Hspa1a,Striatum
402,Hspa1b,Choroid Plexus
1243,Hspb8,Cortex
2507,Hspg2,Remaining Brain
2248,Htatsf1,Striatum
1737,Htr1a,Striatum
2257,Htr1d,Striatum
2756,Htr1d,Remaining Brain
1049,Htr6,Cortex
1882,Htr6,Striatum
1054,Hycc1,Cortex
3562,Hydantoic acid,Plasma
3563,Hydracrylic acid,Plasma
4035,Hydracrylic acid,Feces
3564,Hydroquinidine,Plasma
3565,Hydroquinone,Plasma
4036,Hydroquinone,Feces
2169,Hyls1,Striatum
4037,Hymexazole,Feces
730,Iba57,Choroid Plexus
100,Ibtk,Choroid Plexus
2591,Ibtk,Remaining Brain
2362,Icam2,Remaining Brain
583,Icam4,Choroid Plexus
2544,Ice2,Remaining Brain
1601,Icosl,Striatum
691,Id1,Choroid Plexus
2419,Id2,Remaining Brain
1728,Id4,Striatum
602,Ide,Choroid Plexus
1373,Idi1,Cortex
2162,Idnk,Striatum
4038,Idoxuridine,Feces
588,Ifi209,Choroid Plexus
529,Ifi30,Choroid Plexus
297,Ifih1,Choroid Plexus
1069,Ift122,Cortex
1910,Ift122,Striatum
2045,Ift172,Striatum
2620,Ift172,Remaining Brain
1617,Ift46,Striatum
2559,Igdcc4,Remaining Brain
2567,Igf2bp2,Remaining Brain
238,Igfbp2,Choroid Plexus
776,Igfbp6,Choroid Plexus
2441,Igsf11,Remaining Brain
2034,Igsf8,Striatum
320,Ikbke,Choroid Plexus
487,Ikzf5,Choroid Plexus
1106,Il10ra,Cortex
1769,Il15ra,Striatum
442,Ildr2,Choroid Plexus
1606,Ilf2,Striatum
74,Ilkap,Choroid Plexus
621,Ilvbl,Choroid Plexus
1262,Immp1l,Cortex
533,Imp3,Choroid Plexus
966,Impact,Cortex
1632,Impdh1,Striatum
2226,Impdh2,Striatum
1246,Inava,Cortex
3566,Indole-3-carboxaldehyde,Plasma
3567,Indole-3-lactic acid,Plasma
3568,Indole-5-carboxylic acid,Plasma
2737,Ing2,Remaining Brain
1969,Inha,Striatum
1987,Ino80,Striatum
433,Ino80c,Choroid Plexus
3569,"Inosose-2, 1,3,4,5,6-pentakis-",Plasma
4039,"Inosose-2, myo",Feces
763,Inpp4a,Choroid Plexus
34,Inpp5a,Choroid Plexus
2558,Inppl1,Remaining Brain
2157,Insc,Striatum
2240,Insl5,Striatum
2749,Insm1,Remaining Brain
2268,Insyn2a,Striatum
274,Ints10,Choroid Plexus
450,Ints11,Choroid Plexus
751,Ints5,Choroid Plexus
2010,Ints6l,Striatum
1960,Ip6k1,Striatum
1125,Ip6k2,Cortex
1962,Ip6k2,Striatum
1974,Ipo13,Striatum
60,Ipo4,Choroid Plexus
1533,Iqank1,Cortex
84,Iqcc,Choroid Plexus
383,Iqgap2,Choroid Plexus
1035,Iqgap3,Cortex
2642,Iqsec3,Remaining Brain
428,Irak1bp1,Choroid Plexus
2546,Irak1bp1,Remaining Brain
563,Irak3,Choroid Plexus
2696,Irf2bp2,Remaining Brain
51,Irf3,Choroid Plexus
2089,Irf8,Striatum
2052,Irs2,Striatum
2216,Irx1,Striatum
2537,Irx3,Remaining Brain
2465,Iscu,Remaining Brain
657,Isg15,Choroid Plexus
2100,Isl1,Striatum
4040,Isocitric acid lactone,Feces
3570,Isofucosterol,Plasma
3571,Isonicotinic Acid,Plasma
4041,Isonicotinic Acid,Feces
3572,Isopropyl palmitate,Plasma
4043,Isopropyl palmitate,Feces
3574,Isoxaben,Plasma
3575,Itaconic acid,Plasma
4044,Itaconic acid,Feces
458,Itch,Choroid Plexus
2545,Itga11,Remaining Brain
1847,Itga4,Striatum
2358,Itga5,Remaining Brain
1920,Itgam,Striatum
1395,Itgb1bp1,Cortex
1598,Itgb2,Striatum
2420,Itgb4,Remaining Brain
2106,Itpr3,Striatum
964,Iws1,Cortex
1340,Jam2,Cortex
1984,Jcad,Striatum
213,Jmjd4,Choroid Plexus
2810,Jmjd7,Remaining Brain
509,Josd1,Choroid Plexus
513,Jph1,Choroid Plexus
2777,Jrkl,Remaining Brain
755,Junb,Choroid Plexus
2702,Junb,Remaining Brain
1611,Jup,Striatum
1253,Kank3,Cortex
1677,Kansl1,Striatum
620,Kat8,Choroid Plexus
2084,Katnal1,Striatum
489,Kcmf1,Choroid Plexus
1862,Kcnab1,Striatum
1200,Kcnh2,Cortex
1384,Kcnh7,Cortex
2186,Kcnip1,Striatum
2285,Kcnip3,Striatum
1278,Kcnj4,Cortex
91,Kcnk5,Choroid Plexus
2137,Kcnk6,Striatum
1399,Kcnma1,Cortex
1870,Kcnq5,Striatum
2015,Kctd1,Striatum
1608,Kctd10,Striatum
1247,Kctd12b,Cortex
816,Kdelr1,Cortex
1207,Kdm3b,Cortex
2049,Kdm3b,Striatum
3576,Ketamine,Plasma
4045,Ketamine,Feces
2738,Kif1b,Remaining Brain
729,Kif21a,Choroid Plexus
373,Kif21b,Choroid Plexus
616,Kif22,Choroid Plexus
912,Kif26a,Cortex
147,Kif2a,Choroid Plexus
1119,Kif9,Cortex
2539,Kifc3,Remaining Brain
76,Kin,Choroid Plexus
89,Klc1,Choroid Plexus
2002,Klf16,Striatum
217,Klf3,Choroid Plexus
784,Klf8,Choroid Plexus
1248,Klf8,Cortex
2653,Klf8,Remaining Brain
1903,Klhdc10,Striatum
2232,Klhdc3,Striatum
591,Klhl18,Choroid Plexus
937,Klhl22,Cortex
1363,Klhl26,Cortex
2708,Klhl5,Remaining Brain
846,Kmt2b,Cortex
1193,Kmt2c,Cortex
1309,Kmt2d,Cortex
788,Kmt5b,Choroid Plexus
2241,Kndc1,Striatum
1025,Knstrn,Cortex
2487,Knstrn,Remaining Brain
4046,Kojic acid,Feces
716,Kpna3,Choroid Plexus
447,Kpna4,Choroid Plexus
2494,Kpna4,Remaining Brain
365,Kras,Choroid Plexus
1908,Kras,Striatum
278,Krcc1,Choroid Plexus
202,Krt23,Choroid Plexus
1401,Krt73,Cortex
2024,Krt80,Striatum
1263,Krtcap2,Cortex
2430,Ktn1,Remaining Brain
4047,L-(-)-Sorbofuranose,Feces
4048,L-(+)-Lactic acid,Feces
4049,L-(+)-Rhamnopyranose,Feces
3578,L-5-Oxoproline,Plasma
4050,L-5-Oxoproline,Feces
3579,L-Alanine,Plasma
3580,L-Asparagine,Plasma
3770,L-Asparagine,Feces
3581,L-Aspartic acid,Plasma
4053,L-Aspartic acid,Feces
3583,L-Cysteine,Plasma
3584,L-Glutamic acid,Plasma
4057,L-Glutamic acid,Feces
3585,L-Glutamine,Plasma
3771,L-Glutamine,Feces
3586,l-Histidine ethyl ester,Plasma
3587,L-Hydroxyproline,Plasma
3772,L-Hydroxyproline,Feces
3588,L-Isoleucine,Plasma
4059,L-Isoleucine,Feces
3589,L-Leucine,Plasma
4060,L-Leucine,Feces
4061,l-Leucyl-l-valine,Feces
3590,L-Lysine,Plasma
3591,"L-Lysine, ethyl ester ",Plasma
3593,L-Norleucine,Plasma
3774,L-Norvaline,Feces
4062,L-Proline,Feces
4063,L-Rhamnose,Feces
3775,L-Serine,Feces
3596,L-Threitol,Plasma
4065,L-Threonine,Feces
3598,L-Tryptophan,Plasma
3599,"L-Tryptophan, N-acetyl-1",Plasma
3747,L-Tyrosine,Plasma
4066,"L-Valinamide, N(2),N(2)-dimethyl",Feces
4067,L-Valine,Feces
4068,L-Valyl-L-leucine,Feces
879,L3hypdh,Cortex
1155,L3mbtl1,Cortex
1824,Lactb2,Striatum
2467,Lactb2,Remaining Brain
3601,Lactic Acid,Plasma
4051,Lactic Acid,Feces
802,Lama1,Choroid Plexus
2168,Lamtor4,Striatum
2297,Lamtor5,Striatum
1748,Laptm4b,Striatum
946,Larp4,Cortex
42,Las1l,Choroid Plexus
3602,Latanoprost lactone diol,Plasma
1945,Lca5,Striatum
2125,Lca5l,Striatum
172,Lepr,Choroid Plexus
686,Leprotl1,Choroid Plexus
4054,Levoglucosan,Feces
3604,Levulinic acid,Plasma
4055,Levulinic acid,Feces
2750,Lgals1,Remaining Brain
705,Lgr4,Choroid Plexus
2661,Lgr6,Remaining Brain
4058,Lignoceric acid,Feces
325,Limch1,Choroid Plexus
1797,Lipo3,Striatum
1221,Lmbrd2,Cortex
1964,Lmo2,Striatum
2053,Lmtk2,Striatum
148,Lmtk3,Choroid Plexus
2681,Lonp2,Remaining Brain
1947,Loxl1,Striatum
2551,Loxl1,Remaining Brain
1319,Lpar4,Cortex
122,Lpgat1,Choroid Plexus
1777,Lpin2,Striatum
860,Lpl,Cortex
1036,Lrba,Cortex
2249,Lrch1,Striatum
939,Lrch3,Cortex
1158,Lrfn5,Cortex
123,Lrguk,Choroid Plexus
660,Lrp2bp,Choroid Plexus
1023,Lrp4,Cortex
623,Lrp6,Choroid Plexus
206,Lrrc17,Choroid Plexus
2634,Lrrc17,Remaining Brain
1397,Lrrc40,Cortex
2739,Lrrc43,Remaining Brain
2170,Lrrc4c,Striatum
746,Lrrc75b,Choroid Plexus
388,Lrrc8a,Choroid Plexus
2256,Lrrc8b,Striatum
526,Lrrc8c,Choroid Plexus
1663,Lrrk1,Striatum
2192,Lrtm2,Striatum
1230,Ltbp4,Cortex
1904,Luc7l2,Striatum
418,Lurap1,Choroid Plexus
579,Luzp1,Choroid Plexus
1607,Luzp1,Striatum
1757,Ly6e,Striatum
1756,Ly6h,Striatum
1017,Lypd6b,Cortex
1121,Lyzl4,Cortex
1047,Macf1,Cortex
227,Maco1,Choroid Plexus
1669,Macroh2a1,Striatum
2578,Mad2l1bp,Remaining Brain
1360,Maf,Cortex
2147,Mafa,Striatum
610,Mafg,Choroid Plexus
2678,Mageh1,Remaining Brain
374,Magix,Choroid Plexus
3606,Malic acid,Plasma
2490,Mall,Remaining Brain
2547,Man2c1,Remaining Brain
2229,Manbal,Striatum
1232,Manea,Cortex
693,Mansc4,Choroid Plexus
2694,Map10,Remaining Brain
1941,Map1lc3b,Striatum
1707,Map2k6,Striatum
1133,Map3k13,Cortex
1719,Map3k14,Striatum
963,Map3k2,Cortex
512,Map3k20,Choroid Plexus
831,Map3k20,Cortex
737,Map3k5,Choroid Plexus
134,Map3k8,Choroid Plexus
1804,Map4k2,Striatum
2645,Map7d2,Remaining Brain
13,Map9,Choroid Plexus
1758,Mapk8ip2,Striatum
1782,Mapre2,Striatum
1676,Mapt,Striatum
2280,Marchf10,Striatum
1344,Mast1,Cortex
174,Mcfd2,Choroid Plexus
1320,Mchr1,Cortex
1833,Mcm6,Striatum
2464,Mcrip2,Remaining Brain
2028,Mcrs1,Striatum
889,Mdh1,Cortex
1116,Me1,Cortex
1789,Me2,Striatum
522,Meaf6,Choroid Plexus
1090,Mecp2,Cortex
1366,Med12l,Cortex
871,Med13l,Cortex
1408,Med18,Cortex
1690,Med23,Striatum
1627,Med25,Striatum
793,Mef2a,Choroid Plexus
598,Meis2,Choroid Plexus
501,Men1,Choroid Plexus
4071,Menthol,Feces
2042,Mesd,Striatum
3608,Metanephrine,Plasma
2596,Metap2,Remaining Brain
3611,"Methyl (3,4-dimethoxyphenyl)(hydroxy)acetate",Plasma
4072,"Methyl (3,4-dimethoxyphenyl)(hydroxy)acetate",Feces
4073,Methyl 2-acetamido-2-deoxy-3-O-methyl-alpha-D-galactopyranoside,Feces
3614,Methyl aminoacetate,Plasma
4077,Methyl beta-Arabinofuranoside,Feces
4078,"Methyl galactoside (1S,2S,3S,4R,5R)",Feces
3616,Methyl isovanillate,Plasma
4079,Methyl stearate,Feces
3618,Methyl-3-methoxy-5-methyl benzoate,Plasma
4080,Methylmaleic acid,Feces
3619,Methylmalonic monoamide,Plasma
4081,Methylsuccinic acid,Feces
1334,Mettl5,Cortex
717,Mex3a,Choroid Plexus
318,Mfge8,Choroid Plexus
1055,Mfn2,Cortex
71,Mfsd2a,Choroid Plexus
153,Mfsd3,Choroid Plexus
2087,Mfsd6,Striatum
2406,Mgat4c,Remaining Brain
1272,Mgat5b,Cortex
2324,Mhrt,Striatum
790,Mia2,Choroid Plexus
903,Mia2,Cortex
959,Mib1,Cortex
1891,Mib2,Striatum
145,Micall2,Choroid Plexus
1693,Micu1,Striatum
1127,Mier3,Cortex
2557,Mier3,Remaining Brain
1214,Minar1,Cortex
1298,Mipol1,Cortex
1324,Mir9-2hg,Cortex
2317,Mir9-3hg,Striatum
3621,Mirin,Plasma
996,Mitd1,Cortex
1905,Mkrn1,Striatum
568,Mkrn3,Choroid Plexus
2754,Mkrn3,Remaining Brain
2185,Mllt11,Striatum
1203,Mllt6,Cortex
2398,Mlx,Remaining Brain
1372,Mmel1,Cortex
1029,Mmp24,Cortex
1774,Mmut,Striatum
1807,Mob2,Striatum
8,Mob4,Choroid Plexus
2283,Mon1b,Striatum
4083,Monolaurin,Feces
4084,Monomethyl succinate,Feces
17,Morn4,Choroid Plexus
3624,"Morpholine, 4-[2,3,4,6-tetrakis-O-(trimethylsilyl)-alpha-d-mannopyranosyl]-",Plasma
2773,Morrbid,Remaining Brain
476,Mospd3,Choroid Plexus
492,Mpi,Choroid Plexus
781,Mpnd,Choroid Plexus
739,Mpp2,Choroid Plexus
706,Mpp7,Choroid Plexus
1370,Mpp7,Cortex
2721,Mpp7,Remaining Brain
1671,Mpped2,Striatum
1437,Mpst,Cortex
2635,Mrap,Remaining Brain
1839,Mrc1,Striatum
1711,Mrc2,Striatum
1359,Mrfap1,Cortex
1028,Mrgbp,Cortex
752,Mrln,Choroid Plexus
2408,Mrln,Remaining Brain
1899,Mrm2,Striatum
2036,Mrm3,Striatum
1703,Mrnip,Striatum
2265,Mroh5,Striatum
1795,Mrpl16,Striatum
120,Mrpl17,Choroid Plexus
183,Mrpl28,Choroid Plexus
1124,Mrpl3,Cortex
1828,Mrpl30,Striatum
2469,Mrpl30,Remaining Brain
1148,Mrpl34,Cortex
2427,Mrpl36,Remaining Brain
1880,Mrpl37,Striatum
1175,Mrpl41,Cortex
1680,Mrpl58,Striatum
665,Mrps11,Choroid Plexus
2132,Mrps12,Striatum
272,Mrps18a,Choroid Plexus
1787,Mrps18b,Striatum
865,Mrps18c,Cortex
1673,Mrps18c,Striatum
636,Mrps22,Choroid Plexus
294,Mrps24,Choroid Plexus
414,Mrps34,Choroid Plexus
2068,Mrps35,Striatum
1,Mrps5,Choroid Plexus
90,Msh2,Choroid Plexus
1780,Msh2,Striatum
1430,Msi2,Cortex
1095,Msmo1,Cortex
949,Msrb2,Cortex
97,mt-Cytb,Choroid Plexus
2238,mt-Cytb,Striatum
2237,mt-Nd1,Striatum
204,mt-Nd2,Choroid Plexus
2744,mt-Nd4,Remaining Brain
698,mt-Tl1,Choroid Plexus
642,mt-Tv,Choroid Plexus
196,Mtap,Choroid Plexus
1341,Mterf1b,Cortex
916,Mterf3,Cortex
62,Mterf4,Choroid Plexus
558,Mtf1,Choroid Plexus
680,Mthfd1l,Choroid Plexus
1898,Mthfd2l,Striatum
1890,Mthfr,Striatum
864,Mtif3,Cortex
1089,Mtm1,Cortex
1072,Mtmr10,Cortex
329,Mtmr2,Choroid Plexus
1113,Mto1,Cortex
11,Mtor,Choroid Plexus
957,Mtpap,Cortex
397,Mtpn,Choroid Plexus
625,Mtrex,Choroid Plexus
2037,Mturn,Striatum
1736,Mtx3,Striatum
1512,Muc3a,Cortex
295,Mx2,Choroid Plexus
902,Mxra7,Cortex
1296,Myct1,Cortex
878,Mydgf,Cortex
1316,Myef2l,Cortex
1811,Myo1a,Striatum
1219,Myo9a,Cortex
524,Myof,Choroid Plexus
2656,Myrip,Remaining Brain
3625,Myristic acid,Plasma
4085,Myristic acid,Feces
1242,Myzap,Cortex
4088,N-(2-hydroxyethyl)-succinimide,Feces
3626,"N-(Trifluoroacetyl)-N,O,O'-tris(trimethylsilyl)normetanephrine",Plasma
3627,N-(Trimethylsilyl)hexanamide,Plasma
4089,N-Acetyl glucosamine methoxime,Feces
4090,"N-Acetyl-D-galactosamine, (R,R,R,R)",Feces
3629,N-Acetyl-L-glutamic acid,Plasma
4091,N-Acetyl-L-glutamic acid,Feces
4092,N-Acetyl-L-phenylalanine,Feces
3776,N-Acetylglucosamine,Feces
3631,N-Acetyltyrosine,Plasma
4094,N-Ethyldiethanolamine,Feces
3634,"N-isobutyl-2-(trimethylsilyloxy]-4,5-dihydro-1H-imidazole-1-carboxamide",Plasma
3636,N-Isobutyrylglycine,Plasma
3637,N-Isovaleroylglycine,Plasma
3778,N-Methyl-alpha-aminoisobutyric acid,Feces
4096,N-Methyl-L-proline,Feces
3638,N-Methyl-N-(tetrahydro-2-furanylmethyl)-4-piperidinamine,Plasma
3639,n-Pentadecanol,Plasma
3640,N-Valerylglycine,Plasma
3641,"N,9-bis(Trimethylsilyl)-6-[(trimethylsilyl)oxy]-9H-purin-2-amine",Plasma
3642,"N,N-Diethyl-2-aminoethanol",Plasma
4087,"N,N-Diethyl-2-aminoethanol",Feces
3643,"N,N-Dimethyl-2-cyclohexyloxyethylamine",Plasma
3645,"N,O-Bis(trimethylsilyl)carbamate",Plasma
972,Naa40,Cortex
1796,Naa40,Striatum
1925,Nadsyn1,Striatum
1461,Naip6,Cortex
2778,Nalf1,Remaining Brain
2187,Nanp,Striatum
1040,Nans,Cortex
1377,Nap1l1,Cortex
3646,Naphthofluorescein,Plasma
1682,Nars2,Striatum
1849,Nat10,Striatum
1442,Nbeal1,Cortex
1149,Ncaph,Cortex
112,Ncaph2,Choroid Plexus
756,Ncbp2,Choroid Plexus
1761,Ncbp2,Striatum
1961,Nckipsd,Striatum
999,Ncl,Cortex
1701,Ncln,Striatum
2113,Ncmap,Striatum
199,Ncoa5,Choroid Plexus
2063,Ncoa5,Striatum
2735,Ncs1,Remaining Brain
6,Ndfip1,Choroid Plexus
689,Ndn,Choroid Plexus
1132,Ndn,Cortex
1213,Ndst2,Cortex
2473,Ndufa10,Remaining Brain
2014,Ndufa13,Striatum
948,Ndufa5,Cortex
536,Ndufa8,Choroid Plexus
747,Ndufaf1,Choroid Plexus
1039,Ndufaf4,Cortex
2279,Ndufaf8,Striatum
2531,Ndufb11,Remaining Brain
2492,Ndufb5,Remaining Brain
2571,Ndufb7,Remaining Brain
930,Ndufb9,Cortex
184,Ndufs3,Choroid Plexus
1734,Ndufs6,Striatum
952,Ndufv3,Cortex
7,Nedd4,Choroid Plexus
1097,Nek1,Cortex
203,Nek8,Choroid Plexus
2397,Nek8,Remaining Brain
3647,Neostigmine,Plasma
352,Net1,Choroid Plexus
363,Neto1,Choroid Plexus
850,Neu1,Cortex
1464,Neu2,Cortex
2286,Neu2,Striatum
1771,Nfatc4,Striatum
129,Nfe2l2,Choroid Plexus
263,Nfkbia,Choroid Plexus
1875,Nfx1,Striatum
298,Nfyb,Choroid Plexus
1830,Ngef,Striatum
1223,Nhsl1,Cortex
2633,Nhsl1,Remaining Brain
3648,Niacin,Plasma
4095,Niacin,Feces
3649,Niacinamide,Plasma
3777,Niacinamide,Feces
136,Niban1,Choroid Plexus
1836,Niban1,Striatum
2663,Niban3,Remaining Brain
3650,Niclosamide,Plasma
1126,Nicn1,Cortex
265,Nicol1,Choroid Plexus
1738,Nid2,Striatum
2414,Nipal4,Remaining Brain
539,Nipbl,Choroid Plexus
688,Nit2,Choroid Plexus
1759,Nit2,Striatum
3651,Nitrosothymol,Plasma
1457,Nkain1,Cortex
1428,Nkain2,Cortex
507,Nkapd1,Choroid Plexus
2399,Nkiras2,Remaining Brain
2114,Nkrf,Striatum
2211,Nkx2-9,Striatum
1335,Nlgn2,Cortex
2556,Nlrp3,Remaining Brain
1889,Nmnat1,Striatum
1953,Nmnat3,Striatum
690,Nod1,Choroid Plexus
858,Nol3,Cortex
338,Nol8,Choroid Plexus
2511,Nol9,Remaining Brain
3652,Nonadecanoic acid,Plasma
4098,Nonadecanoic acid,Feces
3653,Nonanal,Plasma
3654,Nonanoic acid,Plasma
4099,Nonanoic acid,Feces
494,Nop16,Choroid Plexus
1855,Nop56,Striatum
3655,Norketamine,Plasma
4100,Norketamine,Feces
824,Nosip,Cortex
1195,Notch3,Cortex
2762,Noxred1,Remaining Brain
444,Npas3,Choroid Plexus
905,Npas3,Cortex
641,Npat,Choroid Plexus
1970,Npat,Striatum
311,Npepps,Choroid Plexus
1123,Nphp3,Cortex
1877,Npr2,Striatum
667,Nprl2,Choroid Plexus
1112,Nptn,Cortex
1948,Nptn,Striatum
1622,Nr2f6,Striatum
1096,Nr3c2,Cortex
1385,Nrm,Cortex
564,Nsg2,Choroid Plexus
542,Nsmf,Choroid Plexus
2506,Nsun4,Remaining Brain
185,Nt5m,Choroid Plexus
934,Nudt16l1,Cortex
1041,Nudt2,Cortex
1182,Nudt22,Cortex
1321,Nudt6,Cortex
1191,Nufip2,Cortex
226,Nup214,Choroid Plexus
1295,Nxph3,Cortex
3656,"O-Methyl-N,N'-diisopropylisourea ",Plasma
1234,Oaz2,Cortex
4102,Octadecyl octyl ether,Feces
3659,Octan-2-yl palmitate,Plasma
3661,"Octane, 1-propoxy-",Plasma
3662,Octanoic acid,Plasma
4103,Octanoic acid,Feces
3663,Octocrylene,Plasma
3664,Octopamine,Plasma
566,Ofd1,Choroid Plexus
2415,Ogdh,Remaining Brain
921,Ogdhl,Cortex
2527,Ogg1,Remaining Brain
552,Ola1,Choroid Plexus
420,Olfm2,Choroid Plexus
2552,Ooep,Remaining Brain
375,Opa1,Choroid Plexus
1274,Or52b2,Cortex
2730,Or8b53,Remaining Brain
2471,Ormdl1,Remaining Brain
3665,Ornithine,Plasma
188,Osbp,Choroid Plexus
2079,Osbpl10,Striatum
2103,Osbpl6,Striatum
1697,Osbpl8,Striatum
692,Osgepl1,Choroid Plexus
2470,Osgepl1,Remaining Brain
1240,Osgin2,Cortex
2199,Otulinl,Striatum
3666,Oxalic acid,Plasma
4104,Oxalic acid,Feces
1750,Oxr1,Striatum
2429,Oxsm,Remaining Brain
1852,Oxt,Striatum
3668,p-Hydroxydiisopropylbenzene,Plasma
3669,p-Toluic acid,Plasma
2016,P2ry14,Striatum
2039,P3h2,Striatum
142,Pabpc1,Choroid Plexus
1746,Pabpn1,Striatum
1799,Pacs1,Striatum
2638,Pacsin1,Remaining Brain
2608,Pafah2,Remaining Brain
43,Pak2,Choroid Plexus
3670,Palmitelaidic acid,Plasma
4106,Palmitelaidic acid,Feces
3671,Palmitic Acid,Plasma
4107,Palmitic Acid,Feces
2610,Pank2,Remaining Brain
2401,Pank3,Remaining Brain
4109,Pantothenic acid,Feces
2729,Pantr1,Remaining Brain
2319,Pantr2,Striatum
503,Papss1,Choroid Plexus
749,Pard6a,Choroid Plexus
841,Pard6a,Cortex
1994,Parm1,Striatum
2619,Parp12,Remaining Brain
300,Parp3,Choroid Plexus
1770,Parp3,Striatum
1919,Parva,Striatum
628,Parvg,Choroid Plexus
1292,Patl1,Cortex
890,Patz1,Cortex
186,Pawr,Choroid Plexus
944,Paxbp1,Cortex
440,Pbx1,Choroid Plexus
1551,Pcdha8,Cortex
2144,Pcdhb13,Striatum
2684,Pcdhb18,Remaining Brain
1267,Pcdhb19,Cortex
2135,Pcdhb20,Striatum
2121,Pcdhb7,Striatum
2337,Pcdhga5,Striatum
2339,Pcdhga6,Striatum
2333,Pcdhgc5,Striatum
86,Pcgf5,Choroid Plexus
608,Pcmtd1,Choroid Plexus
1332,Pcmtd1,Cortex
971,Pcsk5,Cortex
570,Pctp,Choroid Plexus
2416,Pctp,Remaining Brain
973,Pcx,Cortex
211,Pdap1,Choroid Plexus
341,Pdcd4,Choroid Plexus
2667,Pde12,Remaining Brain
2456,Pdgfrb,Remaining Brain
1763,Pdia5,Striatum
268,Pdlim1,Choroid Plexus
1937,Pdlim3,Striatum
116,Pdlim5,Choroid Plexus
1779,Pdpk1,Striatum
246,Pdss1,Choroid Plexus
1667,Pdzd11,Striatum
1660,Pea15a,Striatum
396,Pebp4,Choroid Plexus
1592,Peg13,Cortex
2126,Penk,Striatum
3675,Pentadecanoic acid,Plasma
4110,Pentadecanoic acid,Feces
4111,Pentanedioic acid,Feces
3676,"Pentanedioic acid, 2-[(trimethylsilyl)oxy]-",Plasma
3678,"Pentanedioic acid, 3-methyl-3-[(trimethylsilyl)oxy]-",Plasma
4113,Pentanoic acid,Feces
4112,"Pentanoic acid, 4-methyl-2-oxo-",Feces
3680,"Pentenoic acid, 4-[(trimethylsilyl)oxy]-",Plasma
4114,"Pentitol, 3-desoxy",Feces
3681,Pentylone,Plasma
1404,Pepd,Cortex
2742,Pepd,Remaining Brain
606,Perm1,Choroid Plexus
881,Pex3,Cortex
778,Pfas,Choroid Plexus
1783,Pfdn1,Striatum
2382,Pfdn2,Remaining Brain
733,Pfn1,Choroid Plexus
1658,Pgam1,Striatum
1924,Pgap2,Striatum
2057,Pgap4,Striatum
744,Phactr2,Choroid Plexus
4115,Phenol,Feces
3684,"Phenol, 3,5-bis(1,1-dimethylethyl)-",Plasma
3686,Phenoxyacetic acid,Plasma
4116,phenoxyethanol,Feces
3688,Phenylalanine,Plasma
4117,Phenylalanine,Feces
3689,Phenylpropanolamine,Plasma
340,Pheta1,Choroid Plexus
2206,Phex,Striatum
118,Phf1,Choroid Plexus
2031,Phf12,Striatum
541,Phf3,Choroid Plexus
1241,Phf8,Cortex
1111,Phip,Cortex
1140,Phka1,Cortex
1985,Phka1,Striatum
1311,Phldb1,Cortex
4119,Phloretic acid,Feces
3690,Phlorizin,Plasma
3691,Phloroglucinol,Plasma
3779,Phloroglucinol,Feces
3692,Phosalone,Plasma
1169,Phpt1,Cortex
3693,Phthalazin-1-one,Plasma
421,Pi4ka,Choroid Plexus
4122,Picolinic acid,Feces
2287,Pigb,Striatum
1367,Pign,Cortex
1265,Pigv,Cortex
139,Pigyl,Choroid Plexus
3695,Pimelic acid,Plasma
4123,Pimelic acid,Feces
1800,Pip5k1b,Striatum
3696,Pipecolic acid,Plasma
4124,Pipecolic acid,Feces
708,Pja2,Choroid Plexus
954,Pja2,Cortex
1143,Pkd2,Cortex
2611,Pkd2l1,Remaining Brain
1857,Pkia,Striatum
39,Pkn2,Choroid Plexus
103,Pknox2,Choroid Plexus
391,Pla2g3,Choroid Plexus
821,Plag1,Cortex
323,Plcb4,Choroid Plexus
866,Plcg1,Cortex
1674,Plcg1,Striatum
2791,Plcxd2,Remaining Brain
2195,Pld5,Striatum
815,Plekha3,Cortex
1222,Plekhg5,Cortex
2001,Plekhj1,Striatum
337,Plekhn1,Choroid Plexus
22,Plgrkt,Choroid Plexus
1043,Plin2,Cortex
2538,Pllp,Remaining Brain
1044,Plpp3,Cortex
2590,Plppr3,Remaining Brain
270,Plscr2,Choroid Plexus
1755,Pmm1,Striatum
192,Pmm2,Choroid Plexus
1868,Pmvk,Striatum
1616,Pnck,Striatum
819,Pnkp,Cortex
2764,Pnldc1,Remaining Brain
2129,Pnoc,Striatum
1972,Podxl2,Striatum
38,Poglut1,Choroid Plexus
1986,Poglut1,Striatum
193,Pold1,Choroid Plexus
851,Pole,Cortex
1713,Polg2,Striatum
2674,Poln,Remaining Brain
1317,Polr1a,Cortex
1854,Polr1b,Striatum
650,Polr1c,Choroid Plexus
2149,Polr1g,Striatum
2062,Polr2j,Striatum
1872,Polr3c,Striatum
357,Pomgnt1,Choroid Plexus
2574,Pomt2,Remaining Brain
882,Popdc3,Cortex
78,Por,Choroid Plexus
681,Ppfibp1,Choroid Plexus
2468,Ppil3,Remaining Brain
1456,Ppil6,Cortex
812,Ppm1j,Cortex
1075,Ppme1,Cortex
109,Ppp1r12a,Choroid Plexus
1726,Ppp1r13b,Striatum
111,Ppp1r1b,Choroid Plexus
1159,Ppp1r26,Cortex
2747,Ppp1r3c,Remaining Brain
1325,Ppp1r3g,Cortex
2453,Ppp2r2b,Remaining Brain
461,Ppp4c,Choroid Plexus
165,Ppp5c,Choroid Plexus
315,Pqbp1,Choroid Plexus
189,Pradc1,Choroid Plexus
1251,Pramel1,Cortex
114,Prcc,Choroid Plexus
1196,Prdm1,Cortex
1259,Prdm10,Cortex
435,Preb,Choroid Plexus
3698,"Pregn-16-en-20-one, 3,18-bis(acetyloxy)-14,15-epoxy-, (3beta,5alpha,14beta,15beta)-",Plasma
1084,Prickle3,Cortex
1249,Prima1,Cortex
1062,Prkab1,Cortex
52,Prkaca,Choroid Plexus
2379,Prkaca,Remaining Brain
2432,Prkcd,Remaining Brain
1630,Prkcsh,Striatum
701,Prkn,Choroid Plexus
1643,Prlr,Striatum
1912,Prmt8,Striatum
2284,Prnp,Striatum
4126,"Propane, 2-methyl",Feces
4127,Propanedioic acid,Feces
3699,"Propanetriol, 2-methyl-",Plasma
4130,"Propanoic acid, 2-hydroxy-3-phosphate-",Feces
3700,"Propanoic acid, 2-methyl-",Plasma
4129,"Propanoic acid, 2-oxo",Feces
3701,"Propanoic acid, 2-oxo-",Plasma
3702,"Propiophenone, 3',4'-dimethoxy-",Plasma
3703,Propylamine,Plasma
631,Prpf3,Choroid Plexus
256,Prpf6,Choroid Plexus
1932,Prps1,Striatum
2712,Prr18,Remaining Brain
2381,Prss16,Remaining Brain
2120,Prss22,Striatum
1064,Prss3b,Cortex
299,Prxl2c,Choroid Plexus
1071,Psd3,Cortex
380,Psip1,Choroid Plexus
138,Psma4,Choroid Plexus
1886,Psmc2,Striatum
1712,Psmc5,Striatum
1091,Psmd10,Cortex
1931,Psmd10,Striatum
1714,Psmd12,Striatum
849,Psmd2,Cortex
370,Psmd3,Choroid Plexus
92,Psmd8,Choroid Plexus
927,Psme1,Cortex
2078,Psme4,Striatum
597,Psmg3,Choroid Plexus
2515,Psmg3,Remaining Brain
985,Pstpip2,Cortex
1048,Ptch2,Cortex
651,Pten,Choroid Plexus
333,Ptger1,Choroid Plexus
483,Ptges2,Choroid Plexus
20,Ptges3,Choroid Plexus
742,Ptgr3,Choroid Plexus
760,Pthlh,Choroid Plexus
659,Ptk2b,Choroid Plexus
1381,Ptk2b,Cortex
1775,Ptk7,Striatum
1003,Ptpn4,Cortex
1636,Ptpn6,Striatum
416,Ptrh1,Choroid Plexus
2671,Ptx4,Remaining Brain
1045,Pum1,Cortex
151,Pura,Choroid Plexus
2562,Pus7l,Remaining Brain
1128,Pwp2,Cortex
117,Pycr2,Choroid Plexus
3704,"Pyrazine, 3,6-dihydro-3,6-dimethyl-",Plasma
3705,"Pyrazine, 3,6-dimethyl-2,5-bis(trimethylsilyloxy)-",Plasma
3886,pyrazole,Feces
4134,Pyridoxic acid,Feces
3706,"Pyrimidine, 5-methyl-2,4-bis[(trimethylsilyl)oxy]-",Plasma
4136,Pyrogallol,Feces
3708,Pyrrole-2-carboxylic acid,Plasma
4138,Pyrrole-2-carboxylic acid,Feces
1963,Qars1,Striatum
917,Qng1,Cortex
2724,Qrfpr,Remaining Brain
1650,Qrich1,Striatum
626,Qser1,Choroid Plexus
2568,Qsox1,Remaining Brain
3711,Quazodine,Plasma
3712,"Quinolin-4-one, 1-[2-(3,4-dimethoxyphenyl)ethyl]-octahydro-",Plasma
1364,R3hdm1,Cortex
9,Rab11fip5,Choroid Plexus
498,Rab1b,Choroid Plexus
1147,Rab24,Cortex
1110,Rab27a,Cortex
1835,Rab29,Striatum
886,Rab36,Cortex
989,Rab40c,Cortex
500,Rab5a,Choroid Plexus
589,Rab5c,Choroid Plexus
2758,Rabepk,Remaining Brain
2458,Rabgef1,Remaining Brain
633,Rad50,Choroid Plexus
1911,Rad51ap1,Striatum
2294,Rad51ap2,Striatum
679,Rad54l2,Choroid Plexus
1235,Rad54l2,Cortex
63,Rai14,Choroid Plexus
611,Ralgapa2,Choroid Plexus
544,Ramac,Choroid Plexus
2498,Rap1gds1,Remaining Brain
2175,Rap2a,Striatum
2095,Rapgef5,Striatum
868,Rarb,Cortex
1675,Rarb,Striatum
1115,Rasa2,Cortex
839,Rasa4,Cortex
2413,Rasgef1c,Remaining Brain
1968,Rasgrp2,Striatum
2258,Rasgrp3,Striatum
2808,Rassf10,Remaining Brain
2488,Rassf2,Remaining Brain
559,Rassf4,Choroid Plexus
2383,Rbm14,Remaining Brain
279,Rbm20,Choroid Plexus
266,Rbm27,Choroid Plexus
1256,Rbm7,Cortex
2041,Rbm8a,Striatum
1845,Rbms1,Striatum
2637,Rbms2,Remaining Brain
1926,Rbmx,Striatum
2627,Rbpj,Remaining Brain
2553,Rbpms2,Remaining Brain
1410,Rdh11,Cortex
2746,Rdh11,Remaining Brain
453,Rdx,Choroid Plexus
548,Rec8,Choroid Plexus
372,Recql5,Choroid Plexus
537,Reep2,Choroid Plexus
93,Repin1,Choroid Plexus
452,Retreg3,Choroid Plexus
1099,Rfx1,Cortex
1162,Rfxank,Cortex
2085,Rgl2,Striatum
880,Rgs17,Cortex
1834,Rgs2,Striatum
1623,Rgs20,Striatum
1015,Rgs5,Cortex
735,Rgs7,Choroid Plexus
950,Rhebl1,Cortex
360,Rhob,Choroid Plexus
1741,Rhobtb2,Striatum
2065,Rhou,Striatum
3714,Ribitol,Plasma
4139,Ribitol,Feces
4140,Ribonic acid,Feces
3715,"Ribonic acid, 2,3,4,5-tetrakis-",Plasma
632,Ric3,Choroid Plexus
1817,Ric8a,Striatum
661,Rif1,Choroid Plexus
1434,Rimbp3,Cortex
2639,Rimklb,Remaining Brain
2452,Ring1,Remaining Brain
481,Ripk2,Choroid Plexus
2377,Ripk4,Remaining Brain
242,Ripply3,Choroid Plexus
685,Rit1,Choroid Plexus
2722,Rit2,Remaining Brain
521,Rlbp1,Choroid Plexus
313,Rmnd5b,Choroid Plexus
594,Rnasel,Choroid Plexus
1511,Rnaset2b,Cortex
2090,Rnf123,Striatum
1168,Rnf13,Cortex
1709,Rnf144a,Striatum
2418,Rnf144a,Remaining Brain
187,Rnf187,Choroid Plexus
2210,Rnf207,Striatum
154,Ro60,Choroid Plexus
2699,Robo2,Remaining Brain
2180,Robo2,Striatum
214,Rock1,Choroid Plexus
1436,Rom1,Cortex
2759,Rom1,Remaining Brain
237,Rora,Choroid Plexus
1136,Rpap2,Cortex
1085,Rpgr,Cortex
2205,Rpgrip1,Striatum
2625,Rpl12,Remaining Brain
81,Rpl18a,Choroid Plexus
1375,Rpl28-ps1,Cortex
1443,Rpl31,Cortex
436,Rpl37,Choroid Plexus
1252,Rpl37,Cortex
2720,Rpl38,Remaining Brain
2370,Rpl3l,Remaining Brain
829,Rpl8,Cortex
228,Rplp1,Choroid Plexus
47,Rpn2,Choroid Plexus
1030,Rpn2,Cortex
2012,Rpp25l,Striatum
724,Rpp30,Choroid Plexus
2732,Rps12,Remaining Brain
2793,Rps13,Remaining Brain
1468,Rps13-ps5,Cortex
2388,Rps18,Remaining Brain
983,Rps26,Cortex
1992,Rps29,Striatum
2583,Rps29,Remaining Brain
2213,Rps3a3,Striatum
1659,Rps5,Striatum
2235,Rps6-ps1,Striatum
1929,Rps6ka3,Striatum
847,Rps9,Cortex
2680,Rpsa-ps10,Remaining Brain
1211,Rsad1,Cortex
2510,Rspo1,Remaining Brain
2025,Rsrp1,Striatum
306,Rtkn,Choroid Plexus
1415,Rtl8b,Cortex
2528,Rtn2,Remaining Brain
2668,Rtn4r,Remaining Brain
280,Rufy3,Choroid Plexus
1995,Rundc1,Striatum
1648,Rundc3a,Striatum
2594,Rusc2,Remaining Brain
267,Ruvbl1,Choroid Plexus
355,Rwdd3,Choroid Plexus
1220,Rxrb,Cortex
1668,Rxrg,Striatum
3716,S-Methyl-L-cysteine,Plasma
2101,S100a13,Striatum
2361,S100a3,Remaining Brain
195,S100a8,Choroid Plexus
2713,S100a9,Remaining Brain
2673,S1pr5,Remaining Brain
1098,Sall1,Cortex
3717,Salsoline,Plasma
4141,Salsoline,Feces
2621,Samd10,Remaining Brain
413,Samd14,Choroid Plexus
2143,Samd14,Striatum
1390,Samd5,Cortex
2444,Samsn1,Remaining Brain
1936,Saraf,Striatum
2122,Saysd1,Striatum
2617,Sbf2,Remaining Brain
1070,Sbk2,Cortex
358,Sc5d,Choroid Plexus
2543,Sc5d,Remaining Brain
945,Scaf4,Cortex
1954,Scap,Striatum
2033,Scarb1,Striatum
1197,Scarf1,Cortex
2171,Scg2,Striatum
135,Scg5,Choroid Plexus
2138,Scn4b,Striatum
281,Scp2-ps2,Choroid Plexus
703,Scrib,Choroid Plexus
1387,Scrt2,Cortex
2048,Scube3,Striatum
54,Scyl1,Choroid Plexus
893,Sdc1,Cortex
2477,Sdccag8,Remaining Brain
854,Sdhb,Cortex
928,Sdr39u1,Cortex
4142,Sebacic acid,Feces
1718,Sec14l1,Striatum
1012,Sec16b,Cortex
1165,Sec24a,Cortex
2628,Sec24c,Remaining Brain
288,Sec62,Choroid Plexus
491,Secisbp2l,Choroid Plexus
143,Selenon,Choroid Plexus
2207,Sema3b,Striatum
399,Sema3g,Choroid Plexus
1729,Sema4d,Striatum
2360,Sema4f,Remaining Brain
672,Sema6a,Choroid Plexus
1209,Sema6c,Cortex
2442,Senp2,Remaining Brain
1338,Senp7,Cortex
3719,Ser-Leu,Plasma
4145,Ser-Leu,Feces
35,Serbp1,Choroid Plexus
4144,Serine,Feces
551,Serp2,Choroid Plexus
907,Serpina3n,Cortex
2209,Serpina9,Striatum
1329,Serpinb1b,Cortex
767,Serpinb8,Choroid Plexus
3721,Sertraline carbamoyl glucuronide,Plasma
1201,Sesn1,Cortex
271,Sesn3,Choroid Plexus
704,Setbp1,Choroid Plexus
1282,Setd2,Cortex
2718,Setd3,Remaining Brain
493,Setx,Choroid Plexus
2208,Sez6l,Striatum
694,Sfi1,Choroid Plexus
1806,Sfr1,Striatum
1074,Sgf29,Cortex
2099,Sgsm1,Striatum
1076,Sh2b1,Cortex
750,Sh2b3,Choroid Plexus
527,Sh3bgrl,Choroid Plexus
596,Sh3bgrl2,Choroid Plexus
1753,Sh3bp1,Striatum
1871,Sh3d19,Striatum
2497,Sh3d19,Remaining Brain
403,Shb,Choroid Plexus
2,Shc1,Choroid Plexus
2136,She,Striatum
656,Shfl,Choroid Plexus
2051,Shfl,Striatum
814,Shh,Cortex
2315,Shisa8,Striatum
933,Shisa9,Cortex
780,Shoc2,Choroid Plexus
986,Sigirr,Cortex
1863,Sike1,Striatum
31,Silc1,Choroid Plexus
655,Sin3a,Choroid Plexus
859,Sirt2,Cortex
2575,Six4,Remaining Brain
1138,Skic3,Cortex
798,Slain2,Choroid Plexus
245,Slc11a2,Choroid Plexus
901,Slc13a5,Cortex
1866,Slc16a4,Striatum
179,Slc16a7,Choroid Plexus
157,Slc17a5,Choroid Plexus
1164,Slc18a1,Cortex
840,Slc1a2,Cortex
2378,Slc1a3,Remaining Brain
1694,Slc1a4,Striatum
2367,Slc1a5,Remaining Brain
550,Slc22a17,Choroid Plexus
925,Slc22a17,Cortex
2234,Slc24a3,Striatum
1021,Slc25a12,Cortex
45,Slc25a13,Choroid Plexus
434,Slc25a16,Choroid Plexus
2259,Slc25a16,Striatum
697,Slc25a20,Choroid Plexus
127,Slc25a26,Choroid Plexus
1724,Slc25a29,Striatum
1740,Slc25a30,Striatum
2115,Slc25a53,Striatum
382,Slc27a1,Choroid Plexus
162,Slc29a4,Choroid Plexus
249,Slc2a2,Choroid Plexus
1472,Slc2a4rg-ps,Cortex
600,Slc35a3,Choroid Plexus
2166,Slc35d3,Striatum
2097,Slc35e2,Striatum
2670,Slc35g1,Remaining Brain
1702,Slc36a1,Striatum
1307,Slc38a9,Cortex
2020,Slc39a12,Striatum
4,Slc44a1,Choroid Plexus
1603,Slc5a5,Striatum
2572,Slc66a2,Remaining Brain
319,Slc6a13,Choroid Plexus
2523,Slc6a13,Remaining Brain
1509,Slc6a16,Cortex
1031,Slc7a11,Cortex
1425,Slc7a14,Cortex
2561,Slc7a6os,Remaining Brain
2640,Slco4c1,Remaining Brain
1825,Slco5a1,Striatum
1161,Slf2,Cortex
1998,Slfn8,Striatum
170,Slk,Choroid Plexus
1790,Smad2,Striatum
2532,Smarca1,Remaining Brain
176,Smarca2,Choroid Plexus
748,Smarca5,Choroid Plexus
2554,Smarcc1,Remaining Brain
2647,Smc1a,Remaining Brain
580,Smc4,Choroid Plexus
240,Smc6,Choroid Plexus
1266,Smco3,Cortex
1620,Smg9,Striatum
302,Smim10l1,Choroid Plexus
289,Smim15,Choroid Plexus
1455,Smim24,Cortex
2783,Smim43,Remaining Brain
1873,Smim8,Striatum
1688,Smpdl3a,Striatum
146,Smpdl3b,Choroid Plexus
2675,Smtnl2,Remaining Brain
762,Smurf1,Choroid Plexus
2050,Smurf1,Striatum
77,Smyd2,Choroid Plexus
1679,Smyd4,Striatum
1135,Smyd5,Cortex
1649,Snai3,Striatum
1655,Snap47,Striatum
474,Sncg,Choroid Plexus
947,Sncg,Cortex
1322,Snip1,Cortex
488,Snora35,Choroid Plexus
2752,Snora57,Remaining Brain
233,Snrnp48,Choroid Plexus
2231,Snrnp70,Striatum
389,Sntb2,Choroid Plexus
2649,Sntb2,Remaining Brain
994,Sntg1,Cortex
1710,Sntg2,Striatum
1858,Snx16,Striatum
1216,Snx22,Cortex
1869,Snx7,Striatum
1013,Soat1,Cortex
1180,Socs5,Cortex
2013,Sostdc1,Striatum
702,Sox13,Choroid Plexus
1231,Sox30,Cortex
1022,Sp3,Cortex
348,Sp4,Choroid Plexus
981,Sp4,Cortex
2288,Spaca6,Striatum
796,Spata13,Choroid Plexus
961,Spata24,Cortex
904,Spata7,Cortex
423,Spen,Choroid Plexus
2689,Spink8,Remaining Brain
149,Spmip6,Choroid Plexus
1077,Spns1,Cortex
2075,Spns2,Striatum
2189,Spock3,Striatum
1018,Spopl,Cortex
1000,Spp2,Cortex
252,Sppl3,Choroid Plexus
1981,Spr,Striatum
2021,Spryd3,Striatum
1333,Spryd4,Cortex
1204,Spsb2,Cortex
137,Sptan1,Choroid Plexus
861,Sqstm1,Cortex
768,Src,Choroid Plexus
1347,Srcap,Cortex
2618,Srcin1,Remaining Brain
244,Srebf2,Choroid Plexus
1122,Srprb,Cortex
1179,Ss18,Cortex
2626,Ss18l1,Remaining Brain
2555,Ss18l2,Remaining Brain
2518,Ssc4d,Remaining Brain
1103,St14,Cortex
2201,St3gal5,Striatum
2450,St6gal2,Remaining Brain
50,St6galnac4,Choroid Plexus
618,St8sia2,Choroid Plexus
1813,St8sia5,Striatum
823,St8sia6,Cortex
723,Stag2,Choroid Plexus
1798,Stambpl1,Striatum
1094,Star,Cortex
962,Stard4,Cortex
197,Stat3,Choroid Plexus
2631,Stau1,Remaining Brain
1004,Steap3,Cortex
3725,Stearic acid,Plasma
4147,Stearic acid,Feces
3726,"Stigmast-5-ene, 3beta-",Plasma
960,Sting1,Cortex
1784,Sting1,Striatum
1805,Stip1,Striatum
2218,Stk19,Striatum
1831,Stk25,Striatum
356,Stk26,Choroid Plexus
2064,Stk32a,Striatum
862,Stk32c,Cortex
247,Stk33,Choroid Plexus
560,Strada,Choroid Plexus
2526,Strap,Remaining Brain
2058,Strip2,Striatum
1778,Strn,Striatum
2088,Stx3,Striatum
1921,Stx4a,Striatum
1865,Stxbp3,Striatum
771,Stxbp4,Choroid Plexus
3727,Suberic acid,Plasma
4150,Suberic acid,Feces
3728,Succinic anhydride,Plasma
426,Suclg2,Choroid Plexus
770,Sufu,Choroid Plexus
1809,Sufu,Striatum
1657,Sugp1,Striatum
652,Sulf2,Choroid Plexus
4151,Supraene,Feces
215,Suz12,Choroid Plexus
958,Svil,Cortex
794,Sympk,Choroid Plexus
2230,Syne2,Striatum
2306,Synj2bp,Striatum
475,Synm,Choroid Plexus
1323,Synpo2,Cortex
2165,Synpo2,Striatum
1033,Sypl2,Cortex
4152,Syringaldehyde,Feces
4153,Syringic acid,Feces
108,Syt17,Choroid Plexus
1918,Syt3,Striatum
2495,Syt6,Remaining Brain
710,Sytl2,Choroid Plexus
1973,Szt2,Striatum
1476,Taco1os,Cortex
3731,"Tacrine, N-trimethylsilyl-",Plasma
409,Tada1,Choroid Plexus
1383,Taf1b,Cortex
2727,Taf1b,Remaining Brain
734,Tagln2,Choroid Plexus
2584,Tanc1,Remaining Brain
1501,Tarbp1,Cortex
3733,Tartronic acid,Plasma
456,Tatdn2,Choroid Plexus
205,Tax1bp3,Choroid Plexus
800,Tbc1d2,Choroid Plexus
2098,Tbc1d22b,Striatum
1336,Tbc1d30,Cortex
844,Tbcb,Cortex
379,Tbck,Choroid Plexus
1662,Tbp,Striatum
2357,Tbrg4,Remaining Brain
1491,Tbx3os1,Cortex
1414,Tcea1-ps1,Cortex
1281,Tceal3,Cortex
2535,Tceal6,Remaining Brain
740,Tceal8,Choroid Plexus
336,Tceanc,Choroid Plexus
2250,Tcf15,Striatum
2657,Tcf20,Remaining Brain
848,Tcf23,Cortex
1342,Tcf4,Cortex
1602,Tcf7,Striatum
2688,Tdrp,Remaining Brain
1895,Tec,Striatum
900,Tekt1,Cortex
159,Telo2,Choroid Plexus
2580,Tent4a,Remaining Brain
612,Tep1,Choroid Plexus
82,Tet1,Choroid Plexus
1300,Tet1,Cortex
3734,Tetradecanenitrile,Plasma
4155,Tetrahydrogeranyl formate,Feces
4156,Tetrahydrolinalool,Feces
1874,Tex10,Striatum
2466,Tfap2b,Remaining Brain
1059,Tfip11,Cortex
1900,Tfr2,Striatum
1906,Tgfa,Striatum
260,Tgfb1i1,Choroid Plexus
495,Tgfbr1,Choroid Plexus
2220,Tgif2,Striatum
1166,Thap11,Cortex
3735,"Thiazolo[4,5-f]quinoline, 2,9-dimethyl-",Plasma
992,Thoc3,Cortex
1639,Thop1,Striatum
3780,Thr-Leu,Feces
68,Thra,Choroid Plexus
2006,Thrsp,Striatum
2530,Thumpd1,Remaining Brain
1079,Thumpd1,Cortex
4157,Thymidine,Feces
4158,"Thymidine, 5'-phosphate",Feces
3737,"Thymine, 1,3-dimethyl-6-(trimethylsilyloxymethyl)-",Plasma
4159,"Thymine, 1,3-dimethyl-6-hydroxymethyl",Feces
10,Thyn1,Choroid Plexus
1772,Tiam2,Striatum
754,Timm13,Choroid Plexus
2223,Timm17a,Striatum
1927,Timm17b,Striatum
2508,Tinagl1,Remaining Brain
364,Tkt,Choroid Plexus
1352,Tle5,Cortex
2255,Tlnrd1,Striatum
721,Tm9sf3,Choroid Plexus
2412,Tmbim4,Remaining Brain
1429,Tmem100,Cortex
1290,Tmem104,Cortex
2659,Tmem108,Remaining Brain
2111,Tmem130,Striatum
1141,Tmem132c,Cortex
970,Tmem138,Cortex
1684,Tmem160,Striatum
467,Tmem161b,Choroid Plexus
556,Tmem167,Choroid Plexus
2516,Tmem168,Remaining Brain
675,Tmem184c,Choroid Plexus
2196,Tmem191,Striatum
2118,Tmem201,Striatum
726,Tmem203,Choroid Plexus
219,Tmem204,Choroid Plexus
2822,Tmem217rt,Remaining Brain
410,Tmem229b,Choroid Plexus
1293,Tmem229b,Cortex
2542,Tmem231,Remaining Brain
1287,Tmem232,Cortex
2160,Tmem241,Striatum
838,Tmem242,Cortex
1618,Tmem25,Striatum
1494,Tmem250,Cortex
171,Tmem259,Choroid Plexus
2242,Tmem42,Striatum
5,Tmem62,Choroid Plexus
2190,Tmem62,Striatum
520,Tmem80,Choroid Plexus
1264,Tmem82,Cortex
79,Tmem87a,Choroid Plexus
2765,Tmem88b,Remaining Brain
1460,Tmem8b,Cortex
1244,Tmtc4,Cortex
1793,Tmx3,Striatum
1391,Tnfrsf19,Cortex
506,Tnfrsf1b,Choroid Plexus
582,Tnfsf13os,Choroid Plexus
1935,Tnks,Striatum
1217,Tnrc18,Cortex
2629,Tnrc18,Remaining Brain
2156,Tob2,Striatum
569,Tomm22,Choroid Plexus
194,Tomm34,Choroid Plexus
2374,Tomm40,Remaining Brain
1760,Tomm70a,Striatum
437,Top1,Choroid Plexus
216,Topbp1,Choroid Plexus
1006,Tor1aip1,Cortex
2083,Tox,Striatum
1999,Tpbg,Striatum
805,Tpd52l2,Cortex
64,Tpgs1,Choroid Plexus
1727,Tpmt,Striatum
664,Tppp3,Choroid Plexus
477,Tpr,Choroid Plexus
1348,Tprkb,Cortex
2573,Tpst1,Remaining Brain
637,Trabd,Choroid Plexus
1959,Traip,Striatum
2222,Trank1,Striatum
4160,trans-Coniferryl alchool,Feces
12,Trappc14,Choroid Plexus
1884,Trappc3,Striatum
2070,Trappc5,Striatum
1016,Trdmt1,Cortex
1120,Trib1,Cortex
3738,Tributyl acetylcitrate,Plasma
4162,Tricine,Feces
3740,Triethanolamine,Plasma
1788,Trim26,Striatum
2269,Trim68,Striatum
3741,"Trimethylsilyl (5-benzyl-3,6-dioxopiperazin-2-yl)acetate",Plasma
4164,"Trimethylsilyl (5-benzyl-3,6-dioxopiperazin-2-yl)acetate",Feces
3742,Trimethylsilyl 3-((trimethylsilyl)thio)propanoate,Plasma
3743,Trimethylsilyl oct-2-enoate,Plasma
3744,Trimidox,Plasma
910,Trip11,Cortex
4166,Tripropylene glycol monomethyl ether,Feces
3746,Trisaminol,Plasma
4167,Trisaminol,Feces
1661,Trnt1,Striatum
2112,Trp53bp1,Striatum
1010,Trp53bp2,Cortex
1279,Trp53i13,Cortex
2107,Trp53rkb,Striatum
1861,Trpc3,Striatum
622,Trpc4ap,Choroid Plexus
2615,Trpc4ap,Remaining Brain
2092,Trpc5,Striatum
856,Trpv4,Cortex
707,Tsc22d1,Choroid Plexus
1156,Tsen34,Cortex
2423,Tshr,Remaining Brain
2613,Tspan14,Remaining Brain
1613,Tspan33,Striatum
484,Tspan9,Choroid Plexus
2254,Tspear,Striatum
2655,Tspo,Remaining Brain
1988,Tspoap1,Striatum
2054,Tspyl5,Striatum
2003,Tstd2,Striatum
2501,Tstd3,Remaining Brain
2069,Ttc12,Striatum
1991,Ttc21b,Striatum
1993,Ttc22,Striatum
1785,Ttc39c,Striatum
906,Ttc8,Cortex
23,Ttf1,Choroid Plexus
2622,Ttll6,Remaining Brain
1376,Tubb2a,Cortex
2123,Tubb2b,Striatum
2733,Tubb3,Remaining Brain
1286,Tubg2,Cortex
96,Tubgcp2,Choroid Plexus
809,Tulp3,Cortex
469,Tulp4,Choroid Plexus
677,Twsg1,Choroid Plexus
2616,Txlng,Remaining Brain
1791,Txnl1,Striatum
505,Txnrd2,Choroid Plexus
1851,Tyro3,Striatum
4168,Tyrosine,Feces
877,Ubb,Cortex
670,Ubc,Choroid Plexus
449,Ube2m,Choroid Plexus
743,Ube2q2,Choroid Plexus
2549,Ube2q2,Remaining Brain
613,Ube2v2,Choroid Plexus
2437,Ube2v2,Remaining Brain
759,Ube3c,Choroid Plexus
1951,Ube3d,Striatum
220,Ubl3,Choroid Plexus
1184,Ubr5,Cortex
2093,Ubr7,Striatum
2371,Uck1,Remaining Brain
2664,Uevld,Remaining Brain
2550,Ulk3,Remaining Brain
4169,Undecanoic acid,Feces
899,Unk,Cortex
158,UNKNOWN,Choroid Plexus
1454,UNKNOWN,Cortex
1473,UNKNOWN,Cortex
1531,UNKNOWN,Cortex
1343,UNKNOWN,Cortex
1345,UNKNOWN,Cortex
2797,UNKNOWN,Remaining Brain
2821,UNKNOWN,Remaining Brain
2565,Upb1,Remaining Brain
630,Upf2,Choroid Plexus
517,Uqcc5,Choroid Plexus
2212,Uqcr10,Striatum
1695,Uqcr11,Striatum
3749,Uracil,Plasma
4170,Uracil,Feces
4171,Urea,Feces
3751,Uridine,Plasma
4172,Uridine,Feces
1424,Urm1,Cortex
239,Uros,Choroid Plexus
25,Usf3,Choroid Plexus
2719,Usp13,Remaining Brain
727,Usp22,Choroid Plexus
335,Usp33,Choroid Plexus
2421,Usp43,Remaining Brain
662,Usp48,Choroid Plexus
128,Usp9x,Choroid Plexus
834,Utp20,Cortex
221,Utp4,Choroid Plexus
1686,Utrn,Striatum
2716,Uts2b,Remaining Brain
1419,Uty,Cortex
4174,Valylvaline,Feces
581,Vangl1,Choroid Plexus
4176,Vanillin,Feces
3753,Vanillylmandelic acid,Plasma
1186,Vash2,Cortex
573,Vasp,Choroid Plexus
1980,Vav3,Striatum
1288,Vcpip1,Cortex
1803,Vldlr,Striatum
1356,Vmac,Cortex
669,Vmp1,Choroid Plexus
1294,Vps13a,Cortex
486,Vps13b,Choroid Plexus
1154,Vps13c,Cortex
888,Vps13d,Cortex
1923,Vps35l,Striatum
799,Vps36,Choroid Plexus
645,Vps37d,Choroid Plexus
1024,Vps39,Cortex
2081,Vps41,Striatum
1101,Vps4a,Cortex
2390,Vps72,Remaining Brain
1721,Vrk1,Striatum
2692,Vstm4,Remaining Brain
1722,Vti1b,Striatum
2529,Vwa3a,Remaining Brain
2445,Vwa5a,Remaining Brain
2140,Vwa5b2,Striatum
284,Wapl,Choroid Plexus
1725,Wars1,Striatum
344,Wasl,Choroid Plexus
1068,Wbp1,Cortex
19,Wbp11,Choroid Plexus
480,Wbp4,Choroid Plexus
2056,Wdr17,Striatum
1297,Wdr27,Cortex
40,Wdr38,Choroid Plexus
1228,Wdr47,Cortex
543,Wdr6,Choroid Plexus
234,Wdr74,Choroid Plexus
2128,Wdr89,Striatum
1846,Wdsub1,Striatum
1699,Wif1,Striatum
309,Wrn,Choroid Plexus
1093,Wwc2,Cortex
1239,Wwp1,Cortex
695,Xaf1,Choroid Plexus
3781,Xanthine,Feces
1664,Xk,Striatum
2748,Xlr4b,Remaining Brain
53,Xpc,Choroid Plexus
976,Xpnpep1,Cortex
1007,Xpr1,Cortex
1152,Xrra1,Cortex
3754,Xylazine,Plasma
4177,Xylazine,Feces
3755,Xylitol,Plasma
4178,"Xylonic acid, delta-lactone",Feces
3757,Xylose,Plasma
4179,Xylose,Feces
720,Yars1,Choroid Plexus
1051,Yars1,Cortex
1046,Ybx1,Cortex
2525,Ybx3,Remaining Brain
1802,Yif1a,Striatum
1306,Yipf6,Cortex
243,Ylpm1,Choroid Plexus
2173,Ywhag,Striatum
875,Ywhah,Cortex
603,Zbtb11os1,Choroid Plexus
2760,Zbtb3,Remaining Brain
2263,Zbtb3,Striatum
2751,Zbtb34,Remaining Brain
175,Zbtb37,Choroid Plexus
1269,Zbtb37,Cortex
801,Zbtb39,Choroid Plexus
2215,Zbtb40,Striatum
2482,Zbtb43,Remaining Brain
1302,Zbtb44,Cortex
1318,Zbtb45,Cortex
225,Zbtb7a,Choroid Plexus
2509,Zbtb8a,Remaining Brain
1542,Zc3h11a,Cortex
1151,Zc3h12c,Cortex
1212,Zc3hc1,Cortex
1174,Zcchc12,Cortex
166,Zcchc17,Choroid Plexus
1361,Zcchc24,Cortex
1118,Zcwpw2,Cortex
2570,Zdhhc15,Remaining Brain
2027,Zdhhc18,Striatum
923,Zdhhc20,Cortex
1178,Zdhhc9,Cortex
998,Zfand2b,Cortex
2472,Zfand2b,Remaining Brain
709,Zfp1007,Choroid Plexus
1829,Zfp142,Striatum
584,Zfp217,Choroid Plexus
55,Zfp219,Choroid Plexus
557,Zfp27,Choroid Plexus
2687,Zfp280b,Remaining Brain
757,Zfp300,Choroid Plexus
317,Zfp322a,Choroid Plexus
371,Zfp346,Choroid Plexus
1731,Zfp346,Striatum
235,Zfp358,Choroid Plexus
381,Zfp36l2,Choroid Plexus
1447,Zfp382,Cortex
468,Zfp383,Choroid Plexus
2096,Zfp386,Striatum
2289,Zfp389,Striatum
2676,Zfp41,Remaining Brain
1362,Zfp459,Cortex
1273,Zfp469,Cortex
2224,Zfp512,Striatum
1604,Zfp512b,Striatum
181,Zfp513,Choroid Plexus
956,Zfp523,Cortex
1781,Zfp523,Striatum
2451,Zfp523,Remaining Brain
2245,Zfp617,Striatum
2271,Zfp628,Striatum
177,Zfp638,Choroid Plexus
1067,Zfp638,Cortex
264,Zfp646,Choroid Plexus
532,Zfp654,Choroid Plexus
1463,Zfp664,Cortex
1396,Zfp677,Cortex
1313,Zfp689,Cortex
1226,Zfp704,Cortex
1914,Zfp719,Striatum
1310,Zfp738,Cortex
1386,Zfp74,Cortex
2117,Zfp758,Striatum
412,Zfp760,Choroid Plexus
422,Zfp768,Choroid Plexus
241,Zfp78,Choroid Plexus
1513,Zfp799,Cortex
2795,Zfp804b,Remaining Brain
2194,Zfp811,Striatum
2662,Zfp866,Remaining Brain
2707,Zfp867,Remaining Brain
1353,Zfp869,Cortex
2320,Zfp87,Striatum
1427,Zfp874a,Cortex
131,Zfp879,Choroid Plexus
2260,Zfp946,Striatum
1629,Zfp959,Striatum
29,Zfp975,Choroid Plexus
1331,Zgrf1,Cortex
368,Zhx1,Choroid Plexus
572,Zic2,Choroid Plexus
1621,Zim1,Striatum
27,Zkscan8,Choroid Plexus
2491,Zmat3,Remaining Brain
590,Zmat5,Choroid Plexus
2109,Zmpste24,Striatum
1257,Zmym6,Cortex
2392,Zmynd10,Remaining Brain
2757,Zmynd12,Remaining Brain
1698,Zpbp,Striatum
2411,Zpbp,Remaining Brain
1105,Zpr1,Cortex
1038,Zranb2,Cortex
1328,Zscan29,Cortex