5-Hydroxyhexanoic acid__PLS,Plasma
(CH3)2C=NC2H558__PLS,Plasma
(pm)-alpha-Tocopherol acetate__PLS,Plasma
(pm)-N-Propylamphetamine__PLS,Plasma
(pm)-Norketamine__PLS,Plasma
(pm)-Phenylpropanolamine__PLS,Plasma
"(R*,S*)-2,3-Dihydroxybutanoic acid__PLS",Plasma
1-(3-Methylphenyl)piperazine__PLS,Plasma
1-(4-Hydroxybenzylidene)acetone__PLS,Plasma
1-Aminocyclopropanecarboxylic acid__PLS,Plasma
"1-Butanamine, N,N-diethyl-__PLS",Plasma
1-Cyclopentylethanol__PLS,Plasma
"1-Decene, 8-methyl-__PLS",Plasma
1-Deoxypentitol__PLS,Plasma
1-Hexadecanol__PLS,Plasma
1-Hydroxy-3-methoxy-6-methylanthraquinone__PLS,Plasma
"1-Methyl-N,N-bis(trimethylsilyl)-4-[(trimethylsilyl)oxy]-1H-imidazol-2-amine__PLS",Plasma
1-Monoacetin__PLS,Plasma
1-Octanol__PLS,Plasma
"1-Octanol, 2-butyl-__PLS",Plasma
1-Phenethylamine__PLS,Plasma
"1-Phenyl-1,2-ethanediol__PLS",Plasma
1-Phenylethanol__PLS,Plasma
"1-Piperazineethanol, 4-dibenzo[b,f][1,4]thiazepin-11-yl-__PLS",Plasma
1-Tetradecanol__PLS,Plasma
"1,1'-Biphenyl, 3,4-diethyl-__PLS",Plasma
"1,2-Benzenedicarboxylic acid__PLS",Plasma
"1,2-Butadiene, 1,1,4-triphenyl-3-trimethylsilyl-4-trimethylsilyloxy-__PLS",Plasma
"1,2,3,10,11,11a-Hexahydro-6,7,8-trimethoxy-3-oxo-5H-dibenzo(a,d)cycloheptene__PLS",Plasma
"1,3-Cyclohexanebis(methylamine)__PLS",Plasma
"1,3,5-Benzetriol__PLS",Plasma
"1,4-diazabicyclo[4.3.0]nonan-2,5-dione, 3-methyl__PLS",Plasma
10-Heptadecenoic acid__PLS,Plasma
12-Oxooctadecanoate__PLS,Plasma
13-Docosenamide__PLS,Plasma
"2-(2,5-Dimethoxy-phenyl)-propionaldehyde__PLS",Plasma
"2-(Decanoyloxy)propane-1,3-diyl dioctanoate__PLS",Plasma
"2-Acetyl-3-(1-methyl-2-pyrrolyl)-1,4-benzenediol__PLS",Plasma
"2-Allyl-1,4-dimethoxybenzene__PLS",Plasma
2-Amino-4-methylphenol__PLS,Plasma
"2-Amino-4,6-dihydroxypyrimidine__PLS",Plasma
2-Aminoadipic acid__PLS,Plasma
2-Heptenoic acid__PLS,Plasma
2-Hexen-1-ol__PLS,Plasma
"2-Hexenoic acid, 2-[(trimethylsilyl)oxy]-__PLS",Plasma
2-Hydroxy-3-methylbutyric acid__PLS,Plasma
2-Hydroxy-5-methoxybenzaldehyde__PLS,Plasma
2-Hydroxybutyric acid__PLS,Plasma
2-Isopropyl-5-methyl-1-heptanol__PLS,Plasma
2-Methyl-4-pentenoic acid__PLS,Plasma
2-Methylglutaconic acid__PLS,Plasma
2-Naphthol__PLS,Plasma
"2-Propanone, bis(1-methylethyl)hydrazone__PLS",Plasma
"2-Propenamide, 3-phenyl-N-2-propenyl-__PLS",Plasma
2-Pyrrolidinone__PLS,Plasma
"2,2-Diallylpyrrolidine__PLS",Plasma
"2,2,4-Trimethyl-1,3-pentanediol diisobutyrate__PLS",Plasma
"2,3,4-Trihydroxybutyric acid tetrakis__PLS",Plasma
"2,4-Imidazolidinedione, 5,5-dimethyl-__PLS",Plasma
"2,5-Cyclohexadiene-1,4-dione, 2,6-bis(1,1-dimethylethyl)-__PLS",Plasma
"2,5-di-tert-Butyl-1,4-benzoquinone__PLS",Plasma
"2,5-Dimethoxymandelic acid__PLS",Plasma
"2,5-Piperazinedione, 3-benzyl-6-isopropyl-__PLS",Plasma
"2,6-Bis[2-[2-S-thiosulfuroethylamino]ethoxy]pyrazine__PLS",Plasma
"2,6-Dimethyl-N-[3-(trimethylsilyl)-1,3-thiazinan-2-ylidene]aniline__PLS",Plasma
"3-(3-Cyclohexylaminopropionylamino)-5-ethylthiophene-2-carboxylic acid, ethyl ester__PLS",Plasma
3-Amino-2-piperidone__PLS,Plasma
3-Amino-5-morpholinomethyl-2-oxazolidinone__PLS,Plasma
3-Aminobutanoic acid__PLS,Plasma
"3-Buten-2-one, 3-trimethylsilyloxy-__PLS",Plasma
"3-Buten-2-one, 4-(4-methoxyphenyl)-__PLS",Plasma
"3-Cyclohexyl-L-alanine amide, N,N,N'N'-tetramethyl-__PLS",Plasma
3-Hexenedinitrile__PLS,Plasma
"3-Hydroxy-2,3-dihydromaltol__PLS",Plasma
3-Hydroxyisovaleric acid__PLS,Plasma
3-Indoleacetic acid__PLS,Plasma
3-Indolepropionic acid__PLS,Plasma
3-Methoxysalicylic acid__PLS,Plasma
"3,5-Dimethylpyrazole__PLS",Plasma
3'-(Trimethylsilyl)oxy-beta-naphthoflavone__PLS,Plasma
3'-Hydroxyacetophenone__PLS,Plasma
"3beta,4beta-Bis(trimethylsiloxy)cholest-5-ene__PLS",Plasma
4-(Methoxycarbonyl)phenol__PLS,Plasma
4-Cumylphenol__PLS,Plasma
4-Hydroxy-5-(hydroxymethyl)oxolan-2-one__PLS,Plasma
4-Hydroxybenzaldehyde__PLS,Plasma
4-Hydroxybenzeneacetic acid__PLS,Plasma
4-Hydroxybenzoic acid__PLS,Plasma
4-Hydroxyphenyllactic acid__PLS,Plasma
5-(2-Aminopropyl)-2-methylphenol__PLS,Plasma
5-Aminovaleric acid__PLS,Plasma
5-Henicosylresorcinol__PLS,Plasma
5-Hydroxyquinoline__PLS,Plasma
5-Hydroxytryptophan__PLS,Plasma
"5alpha-Pregnane-3,20-dione__PLS",Plasma
"6,7,4'-Trihydroxyisoflavone__PLS",Plasma
"7-Acetyl-6-ethyl-1,1,4,4-tetramethyltetralin__PLS",Plasma
9-Octadecenamide__PLS,Plasma
"9,12-Octadecadienoic acid__PLS",Plasma
"Acetic acid, bis[(trimethylsilyl)oxyl]-__PLS",Plasma
Acetoacetic acid__PLS,Plasma
"Acetohydrazide, 2-(2-isopropyl-5-methylphenoxy)-N2-benzylideno-__PLS",Plasma
Aceturic acid__PLS,Plasma
Adipoyl-L-carnitine__PLS,Plasma
Allylescaline__PLS,Plasma
"alpha-L-Galactopyranoside, methyl 6-deoxy-, (R,R,R,S,S)-__PLS",Plasma
alpha-Linolenic acid__PLS,Plasma
alpha-Tocopherol__PLS,Plasma
Arachidonic acid__PLS,Plasma
Arsenous acid__PLS,Plasma
Aspartic acid__PLS,Plasma
Azatadine__PLS,Plasma
"Aziridine, 1-(2-buten-2-yl)-__PLS",Plasma
"Benzaldehyde, 2,5-dimethyl-__PLS",Plasma
"Benzene, 1-acetoxy-2,6-dimethoxy-4-(2-propenyl)-__PLS",Plasma
"Benzene, 1,1'-(1,2-cyclobutanediyl)bis-__PLS",Plasma
Benzeneacetic acid__PLS,Plasma
"Benzimidazole, 5-trifluoromethyl-2-methyl-__PLS",Plasma
"Benzo[b]fluorene, 5-amino-7-methyl-1,2,3,4,6,7,8,9-octahydro-11-thia-10-aza-__PLS",Plasma
"Benzoic acid, methyl ester__PLS",Plasma
"Benzoic acid, pentadecyl ester__PLS",Plasma
Benzophenone__PLS,Plasma
"beta-D-Galactofuranose, 1,2,3,5,6-pentakis-O-(trimethylsilyl)-__PLS",Plasma
beta-Lyxopyranose__PLS,Plasma
Bis(trimethylsilyl)acetylene__PLS,Plasma
"Butanal, 2,3,4-tris[(trimethylsilyl)oxy]-, O-methyloxime, [R-(R*,R*)]-__PLS",Plasma
"Butanoic acid, 2-methyl-3-[(trimethylsilyl)oxy]-__PLS",Plasma
"Butanoic acid, 2,4-bis[(trimethylsilyl)oxy]-__PLS",Plasma
Butylated Hydroxytoluene__PLS,Plasma
Cadaverine__PLS,Plasma
"Cholest-7-en-3-ol, (3beta,5alpha)-__PLS",Plasma
Cholesterol__PLS,Plasma
Cinnamic acid__PLS,Plasma
cis-4-Trimethylsilyloxy-cyclohexyl(trimethylsilyl)carboxylate__PLS,Plasma
cyclobutanecarboxylic acid__PLS,Plasma
Cyclobutanol__PLS,Plasma
"Cyclopentaneacetic acid, 3-oxo-2-pentyl-__PLS",Plasma
"Cyclopentanone, 2,2,4-trimethyl-__PLS",Plasma
D-(-)-Citramalic acid__PLS,Plasma
"D-(-)-Ribofuranose, tetrakis__PLS",Plasma
"D-(+)-Ribono-1,4-lactone (R,S,R)-__PLS",Plasma
D-Fructose__PLS,Plasma
"D-Isoleucine, N-acetyl-__PLS",Plasma
D-Mannose__PLS,Plasma
Decanoic acid__PLS,Plasma
Dehydronorketamine__PLS,Plasma
Deoxycholic Acid__PLS,Plasma
Desmosterol__PLS,Plasma
Dihydrouracil__PLS,Plasma
Dinoseb__PLS,Plasma
Diphenyl ether__PLS,Plasma
DL-Glyceraldehyde__PLS,Plasma
DL-Phenylalanine__PLS,Plasma
"Dodecane, 4,6-dimethyl-__PLS",Plasma
Dodecanoic acid__PLS,Plasma
Dodecylcyclohexane__PLS,Plasma
Eicosapentaenoic acid__PLS,Plasma
Erythritol__PLS,Plasma
"Erythrono-1,4-lactone, (Z)-__PLS",Plasma
"Ethanamine, N,N-diethyl-2,2-dimethyl-2-[(3,5-dimethoxy)phenyl]-__PLS",Plasma
Ethanolamine__PLS,Plasma
"Ethanone, 1-(2,5-dimethoxyphenyl)-__PLS",Plasma
"Furan, 2-pentyl-__PLS",Plasma
Glycine__PLS,Plasma
"Glycine, N-(1-oxobutyl)-__PLS",Plasma
"Glycine, N-(N-DL-leucylglycyl)-__PLS",Plasma
"Glycine, N-[4-[(trimethylsilyl)oxy]benzoyl]-__PLS",Plasma
Glycolic acid__PLS,Plasma
Glyoxime__PLS,Plasma
Guanabenz__PLS,Plasma
Heptadecanoic acid__PLS,Plasma
Hexanedioic acid__PLS,Plasma
Hexanoic acid__PLS,Plasma
Hydantoic acid__PLS,Plasma
Hydracrylic acid__PLS,Plasma
Hydroquinidine__PLS,Plasma
Hydroquinone__PLS,Plasma
Indole-3-lactic acid__PLS,Plasma
Indole-5-carboxylic acid__PLS,Plasma
"Inosose-2, 1,3,4,5,6-pentakis-__PLS",Plasma
Isofucosterol__PLS,Plasma
Isopropyl palmitate__PLS,Plasma
Itaconic acid__PLS,Plasma
L-5-Oxoproline__PLS,Plasma
L-Alanine__PLS,Plasma
L-Asparagine__PLS,Plasma
L-Aspartic acid__PLS,Plasma
L-Glutamic acid__PLS,Plasma
L-Hydroxyproline__PLS,Plasma
L-Isoleucine__PLS,Plasma
L-Leucine__PLS,Plasma
L-Tryptophan__PLS,Plasma
L-Tyrosine__PLS,Plasma
Latanoprost lactone diol__PLS,Plasma
Levulinic acid__PLS,Plasma
"Methyl (3,4-dimethoxyphenyl)(hydroxy)acetate__PLS",Plasma
Methyl alpha-Lyxofuranoside__PLS,Plasma
Methyl aminoacetate__PLS,Plasma
Methyl-3-methoxy-5-methyl benzoate__PLS,Plasma
Methylmalonic monoamide__PLS,Plasma
"Morpholine, 4-[2,3,4,6-tetrakis-O-(trimethylsilyl)-alpha-d-mannopyranosyl]-__PLS",Plasma
Myristic acid__PLS,Plasma
N-(Trimethylsilyl)hexanamide__PLS,Plasma
N-Acetyl-L-glutamic acid__PLS,Plasma
N-Isovaleroylglycine__PLS,Plasma
N-Methyl-N-(tetrahydro-2-furanylmethyl)-4-piperidinamine__PLS,Plasma
n-Pentadecanol__PLS,Plasma
N-Valerylglycine__PLS,Plasma
"N,9-bis(Trimethylsilyl)-6-[(trimethylsilyl)oxy]-9H-purin-2-amine__PLS",Plasma
"N,N-Diethyl-2-aminoethanol__PLS",Plasma
"N,N-Dimethyl-2-cyclohexyloxyethylamine__PLS",Plasma
"N,O-Bis(trimethylsilyl)carbamate__PLS",Plasma
Naphthofluorescein__PLS,Plasma
Neostigmine__PLS,Plasma
Niclosamide__PLS,Plasma
Nitrosothymol__PLS,Plasma
Nonadecanoic acid__PLS,Plasma
Norketamine__PLS,Plasma
Octocrylene__PLS,Plasma
Ornithine__PLS,Plasma
Oxalic acid__PLS,Plasma
p-Hydroxydiisopropylbenzene__PLS,Plasma
p-Toluic acid__PLS,Plasma
"Pentanedioic acid, 3-methyl-3-[(trimethylsilyl)oxy]-__PLS",Plasma
"Pentenoic acid, 4-[(trimethylsilyl)oxy]-__PLS",Plasma
Phenoxyacetic acid__PLS,Plasma
Phenylalanine__PLS,Plasma
Phlorizin__PLS,Plasma
Phloroglucinol__PLS,Plasma
Phosalone__PLS,Plasma
Pimelic acid__PLS,Plasma
"Propanetriol, 2-methyl-__PLS",Plasma
"Propanoic acid, 2-methyl-__PLS",Plasma
Propylamine__PLS,Plasma
"Pyrimidine, 5-methyl-2,4-bis[(trimethylsilyl)oxy]-__PLS",Plasma
Quazodine__PLS,Plasma
Ribitol__PLS,Plasma
"Ribonic acid, 2,3,4,5-tetrakis-__PLS",Plasma
S-Methyl-L-cysteine__PLS,Plasma
Sertraline carbamoyl glucuronide__PLS,Plasma
"Stigmast-5-ene, 3beta-__PLS",Plasma
Suberic acid__PLS,Plasma
"Tacrine, N-trimethylsilyl-__PLS",Plasma
Tartronic acid__PLS,Plasma
"Thymine, 1,3-dimethyl-6-(trimethylsilyloxymethyl)-__PLS",Plasma
Tributyl acetylcitrate__PLS,Plasma
Triethanolamine__PLS,Plasma
"Trimethylsilyl (5-benzyl-3,6-dioxopiperazin-2-yl)acetate__PLS",Plasma
Trimethylsilyl 3-((trimethylsilyl)thio)propanoate__PLS,Plasma
Trimethylsilyl oct-2-enoate__PLS,Plasma
Trimidox__PLS,Plasma
Trisaminol__PLS,Plasma
Vanillylmandelic acid__PLS,Plasma
Mrps5__CPX,Choroid Plexus
Shc1__CPX,Choroid Plexus
Cope__CPX,Choroid Plexus
Slc44a1__CPX,Choroid Plexus
Tmem62__CPX,Choroid Plexus
Ndfip1__CPX,Choroid Plexus
Nedd4__CPX,Choroid Plexus
Rab11fip5__CPX,Choroid Plexus
Thyn1__CPX,Choroid Plexus
Mtor__CPX,Choroid Plexus
Trappc14__CPX,Choroid Plexus
Map9__CPX,Choroid Plexus
Agrn__CPX,Choroid Plexus
Exph5__CPX,Choroid Plexus
Dap3__CPX,Choroid Plexus
Morn4__CPX,Choroid Plexus
Dnajc21__CPX,Choroid Plexus
Wbp11__CPX,Choroid Plexus
Fcf1__CPX,Choroid Plexus
Plgrkt__CPX,Choroid Plexus
Ttf1__CPX,Choroid Plexus
Usf3__CPX,Choroid Plexus
Arid2__CPX,Choroid Plexus
Zkscan8__CPX,Choroid Plexus
Chmp4c__CPX,Choroid Plexus
Zfp975__CPX,Choroid Plexus
Bhmt2__CPX,Choroid Plexus
Silc1__CPX,Choroid Plexus
Fn3krp__CPX,Choroid Plexus
Cog8__CPX,Choroid Plexus
Inpp5a__CPX,Choroid Plexus
Serbp1__CPX,Choroid Plexus
Fsbp__CPX,Choroid Plexus
Pkn2__CPX,Choroid Plexus
4930412C18Rik__CPX,Choroid Plexus
Pak2__CPX,Choroid Plexus
Hmces__CPX,Choroid Plexus
Slc25a13__CPX,Choroid Plexus
Dhx29__CPX,Choroid Plexus
Rpn2__CPX,Choroid Plexus
Gm43339__CPX,Choroid Plexus
Cebpz__CPX,Choroid Plexus
St6galnac4__CPX,Choroid Plexus
Prkaca__CPX,Choroid Plexus
Xpc__CPX,Choroid Plexus
Scyl1__CPX,Choroid Plexus
Zfp219__CPX,Choroid Plexus
Ccnd1__CPX,Choroid Plexus
Ankrd12__CPX,Choroid Plexus
Ddit4__CPX,Choroid Plexus
Mterf4__CPX,Choroid Plexus
Cdr2l__CPX,Choroid Plexus
Thra__CPX,Choroid Plexus
Mfsd2a__CPX,Choroid Plexus
Gm15408__CPX,Choroid Plexus
Ilkap__CPX,Choroid Plexus
Kin__CPX,Choroid Plexus
Smyd2__CPX,Choroid Plexus
Por__CPX,Choroid Plexus
Tmem87a__CPX,Choroid Plexus
Atf6b__CPX,Choroid Plexus
Rpl18a__CPX,Choroid Plexus
Tet1__CPX,Choroid Plexus
Eid2b__CPX,Choroid Plexus
Iqcc__CPX,Choroid Plexus
Pcgf5__CPX,Choroid Plexus
Grpel1__CPX,Choroid Plexus
Cspg5__CPX,Choroid Plexus
Klc1__CPX,Choroid Plexus
Msh2__CPX,Choroid Plexus
Kcnk5__CPX,Choroid Plexus
Psmd8__CPX,Choroid Plexus
Repin1__CPX,Choroid Plexus
Cdkl3__CPX,Choroid Plexus
mt-Cytb__CPX,Choroid Plexus
Adcy9__CPX,Choroid Plexus
1110004F10Rik__CPX,Choroid Plexus
Ibtk__CPX,Choroid Plexus
Fam13b__CPX,Choroid Plexus
Ctdspl2__CPX,Choroid Plexus
Pknox2__CPX,Choroid Plexus
Btbd2__CPX,Choroid Plexus
Bclaf1__CPX,Choroid Plexus
Gin1__CPX,Choroid Plexus
Syt17__CPX,Choroid Plexus
Ppp1r12a__CPX,Choroid Plexus
Dctn2__CPX,Choroid Plexus
Ppp1r1b__CPX,Choroid Plexus
Ncaph2__CPX,Choroid Plexus
Gsta3__CPX,Choroid Plexus
Pdlim5__CPX,Choroid Plexus
Pycr2__CPX,Choroid Plexus
Phf1__CPX,Choroid Plexus
Gm12346__CPX,Choroid Plexus
Mrpl17__CPX,Choroid Plexus
Cast__CPX,Choroid Plexus
Lpgat1__CPX,Choroid Plexus
Emd__CPX,Choroid Plexus
Birc2__CPX,Choroid Plexus
Slc25a26__CPX,Choroid Plexus
Usp9x__CPX,Choroid Plexus
Nfe2l2__CPX,Choroid Plexus
Baiap2l1__CPX,Choroid Plexus
Zfp879__CPX,Choroid Plexus
Flcn__CPX,Choroid Plexus
Scg5__CPX,Choroid Plexus
Niban1__CPX,Choroid Plexus
Sptan1__CPX,Choroid Plexus
Psma4__CPX,Choroid Plexus
Pabpc1__CPX,Choroid Plexus
Dnajc7__CPX,Choroid Plexus
Kif2a__CPX,Choroid Plexus
Lmtk3__CPX,Choroid Plexus
Pura__CPX,Choroid Plexus
Gm15675__CPX,Choroid Plexus
Mfsd3__CPX,Choroid Plexus
Ro60__CPX,Choroid Plexus
Cyyr1__CPX,Choroid Plexus
Arhgef12__CPX,Choroid Plexus
Slc17a5__CPX,Choroid Plexus
UNKNOWN__CPX,Choroid Plexus
Telo2__CPX,Choroid Plexus
Copg1__CPX,Choroid Plexus
Arf2__CPX,Choroid Plexus
Slc29a4__CPX,Choroid Plexus
Dynlt2b__CPX,Choroid Plexus
Fhl1__CPX,Choroid Plexus
Ppp5c__CPX,Choroid Plexus
Arhgap5__CPX,Choroid Plexus
Cmtm8__CPX,Choroid Plexus
Foxk2__CPX,Choroid Plexus
Slk__CPX,Choroid Plexus
Tmem259__CPX,Choroid Plexus
Lepr__CPX,Choroid Plexus
Acox1__CPX,Choroid Plexus
Mcfd2__CPX,Choroid Plexus
Zbtb37__CPX,Choroid Plexus
Smarca2__CPX,Choroid Plexus
Zfp638__CPX,Choroid Plexus
Ccdc18__CPX,Choroid Plexus
Mrpl28__CPX,Choroid Plexus
Ndufs3__CPX,Choroid Plexus
Nt5m__CPX,Choroid Plexus
Pawr__CPX,Choroid Plexus
Rnf187__CPX,Choroid Plexus
Osbp__CPX,Choroid Plexus
Dek__CPX,Choroid Plexus
Gpr19__CPX,Choroid Plexus
Pmm2__CPX,Choroid Plexus
Pold1__CPX,Choroid Plexus
Tomm34__CPX,Choroid Plexus
S100a8__CPX,Choroid Plexus
Mtap__CPX,Choroid Plexus
Stat3__CPX,Choroid Plexus
Cep95__CPX,Choroid Plexus
Ddb1__CPX,Choroid Plexus
Krt23__CPX,Choroid Plexus
Nek8__CPX,Choroid Plexus
mt-Nd2__CPX,Choroid Plexus
Tax1bp3__CPX,Choroid Plexus
Lrrc17__CPX,Choroid Plexus
Dync2li1__CPX,Choroid Plexus
Ccdc59__CPX,Choroid Plexus
Gas6__CPX,Choroid Plexus
Amfr__CPX,Choroid Plexus
Pdap1__CPX,Choroid Plexus
Fchsd2__CPX,Choroid Plexus
Jmjd4__CPX,Choroid Plexus
Rock1__CPX,Choroid Plexus
Suz12__CPX,Choroid Plexus
Topbp1__CPX,Choroid Plexus
Klf3__CPX,Choroid Plexus
Cbarp__CPX,Choroid Plexus
Tmem204__CPX,Choroid Plexus
Ubl3__CPX,Choroid Plexus
Cep41__CPX,Choroid Plexus
Gdpd3__CPX,Choroid Plexus
Emc10__CPX,Choroid Plexus
Zbtb7a__CPX,Choroid Plexus
Nup214__CPX,Choroid Plexus
Maco1__CPX,Choroid Plexus
Rplp1__CPX,Choroid Plexus
Eea1__CPX,Choroid Plexus
Actr3__CPX,Choroid Plexus
Acacb__CPX,Choroid Plexus
Snrnp48__CPX,Choroid Plexus
Zfp358__CPX,Choroid Plexus
Btg1__CPX,Choroid Plexus
Rora__CPX,Choroid Plexus
Igfbp2__CPX,Choroid Plexus
Uros__CPX,Choroid Plexus
Smc6__CPX,Choroid Plexus
Zfp78__CPX,Choroid Plexus
Ylpm1__CPX,Choroid Plexus
Srebf2__CPX,Choroid Plexus
Pdss1__CPX,Choroid Plexus
Ccdc148__CPX,Choroid Plexus
Slc2a2__CPX,Choroid Plexus
Fndc3a__CPX,Choroid Plexus
Sppl3__CPX,Choroid Plexus
4930556M19Rik__CPX,Choroid Plexus
Cdkn1c__CPX,Choroid Plexus
Gm20052__CPX,Choroid Plexus
Prpf6__CPX,Choroid Plexus
Gm43568__CPX,Choroid Plexus
Cd47__CPX,Choroid Plexus
Nicol1__CPX,Choroid Plexus
Rbm27__CPX,Choroid Plexus
Ruvbl1__CPX,Choroid Plexus
Gm6548__CPX,Choroid Plexus
Sesn3__CPX,Choroid Plexus
Mrps18a__CPX,Choroid Plexus
Adam15__CPX,Choroid Plexus
Ints10__CPX,Choroid Plexus
0610040J01Rik__CPX,Choroid Plexus
Ctsc__CPX,Choroid Plexus
Krcc1__CPX,Choroid Plexus
Rbm20__CPX,Choroid Plexus
Wapl__CPX,Choroid Plexus
Aldh9a1__CPX,Choroid Plexus
Gm37219__CPX,Choroid Plexus
Casp8__CPX,Choroid Plexus
Sec62__CPX,Choroid Plexus
Smim15__CPX,Choroid Plexus
Aox3__CPX,Choroid Plexus
Eif3h__CPX,Choroid Plexus
Mx2__CPX,Choroid Plexus
Gm37204__CPX,Choroid Plexus
Ifih1__CPX,Choroid Plexus
Nfyb__CPX,Choroid Plexus
Prxl2c__CPX,Choroid Plexus
Smim10l1__CPX,Choroid Plexus
Apc2__CPX,Choroid Plexus
Heatr3__CPX,Choroid Plexus
Adck2__CPX,Choroid Plexus
Gpaa1__CPX,Choroid Plexus
4921504A21Rik__CPX,Choroid Plexus
Gpr4__CPX,Choroid Plexus
Npepps__CPX,Choroid Plexus
Eef1a1__CPX,Choroid Plexus
Rmnd5b__CPX,Choroid Plexus
Pqbp1__CPX,Choroid Plexus
Capn15__CPX,Choroid Plexus
Zfp322a__CPX,Choroid Plexus
Mfge8__CPX,Choroid Plexus
Hk1__CPX,Choroid Plexus
Plcb4__CPX,Choroid Plexus
Drc3__CPX,Choroid Plexus
Limch1__CPX,Choroid Plexus
Col5a3__CPX,Choroid Plexus
Ap2b1__CPX,Choroid Plexus
C130089K02Rik__CPX,Choroid Plexus
Cables2__CPX,Choroid Plexus
Tceanc__CPX,Choroid Plexus
Nol8__CPX,Choroid Plexus
Ap3b1__CPX,Choroid Plexus
Pdcd4__CPX,Choroid Plexus
Adprh__CPX,Choroid Plexus
Dipk1a__CPX,Choroid Plexus
Wasl__CPX,Choroid Plexus
Gsk3b__CPX,Choroid Plexus
Gm9920__CPX,Choroid Plexus
Sp4__CPX,Choroid Plexus
Gstm6__CPX,Choroid Plexus
Dok1__CPX,Choroid Plexus
1700125H03Rik__CPX,Choroid Plexus
D630036H23Rik__CPX,Choroid Plexus
Rwdd3__CPX,Choroid Plexus
Stk26__CPX,Choroid Plexus
Pomgnt1__CPX,Choroid Plexus
Ergic2__CPX,Choroid Plexus
Rhob__CPX,Choroid Plexus
Dbpht2__CPX,Choroid Plexus
5730455P16Rik__CPX,Choroid Plexus
Tkt__CPX,Choroid Plexus
Bhlhe41__CPX,Choroid Plexus
Zhx1__CPX,Choroid Plexus
Hsdl2__CPX,Choroid Plexus
Psmd3__CPX,Choroid Plexus
Magix__CPX,Choroid Plexus
Opa1__CPX,Choroid Plexus
Gprc5c__CPX,Choroid Plexus
Psip1__CPX,Choroid Plexus
Zfp36l2__CPX,Choroid Plexus
Iqgap2__CPX,Choroid Plexus
Gnas__CPX,Choroid Plexus
Ccdc33__CPX,Choroid Plexus
Eif3g__CPX,Choroid Plexus
Lrrc8a__CPX,Choroid Plexus
Sntb2__CPX,Choroid Plexus
Armcx2__CPX,Choroid Plexus
Alkbh6__CPX,Choroid Plexus
Gm25517__CPX,Choroid Plexus
Mtpn__CPX,Choroid Plexus
Gm43360__CPX,Choroid Plexus
Cdc14a__CPX,Choroid Plexus
Shb__CPX,Choroid Plexus
Bcat1__CPX,Choroid Plexus
Tada1__CPX,Choroid Plexus
Tmem229b__CPX,Choroid Plexus
Samd14__CPX,Choroid Plexus
Ccdc88a__CPX,Choroid Plexus
Pi4ka__CPX,Choroid Plexus
Zfp768__CPX,Choroid Plexus
Suclg2__CPX,Choroid Plexus
Irak1bp1__CPX,Choroid Plexus
Arid4a__CPX,Choroid Plexus
Guk1__CPX,Choroid Plexus
Ino80c__CPX,Choroid Plexus
Slc25a16__CPX,Choroid Plexus
Rpl37__CPX,Choroid Plexus
Top1__CPX,Choroid Plexus
Eeig1__CPX,Choroid Plexus
Pbx1__CPX,Choroid Plexus
Dstn__CPX,Choroid Plexus
Ildr2__CPX,Choroid Plexus
Atp6v1f__CPX,Choroid Plexus
Cldn22__CPX,Choroid Plexus
Ube2m__CPX,Choroid Plexus
Rdx__CPX,Choroid Plexus
Atp5me__CPX,Choroid Plexus
Itch__CPX,Choroid Plexus
Golm2__CPX,Choroid Plexus
Csnk1a1__CPX,Choroid Plexus
Emc3__CPX,Choroid Plexus
Tmem161b__CPX,Choroid Plexus
Zfp383__CPX,Choroid Plexus
Tulp4__CPX,Choroid Plexus
Gm2445__CPX,Choroid Plexus
Dennd2c__CPX,Choroid Plexus
Gm15083__CPX,Choroid Plexus
Synm__CPX,Choroid Plexus
Tpr__CPX,Choroid Plexus
Gm42636__CPX,Choroid Plexus
Wbp4__CPX,Choroid Plexus
Gm5141__CPX,Choroid Plexus
Ptges2__CPX,Choroid Plexus
Tspan9__CPX,Choroid Plexus
Vps13b__CPX,Choroid Plexus
Ikzf5__CPX,Choroid Plexus
Snora35__CPX,Choroid Plexus
Kcmf1__CPX,Choroid Plexus
Secisbp2l__CPX,Choroid Plexus
Setx__CPX,Choroid Plexus
Rab5a__CPX,Choroid Plexus
Dpysl4__CPX,Choroid Plexus
Ahcyl2__CPX,Choroid Plexus
Txnrd2__CPX,Choroid Plexus
Tnfrsf1b__CPX,Choroid Plexus
Nkapd1__CPX,Choroid Plexus
Josd1__CPX,Choroid Plexus
Evi5__CPX,Choroid Plexus
Jph1__CPX,Choroid Plexus
Col8a1__CPX,Choroid Plexus
Uqcc5__CPX,Choroid Plexus
Cct4__CPX,Choroid Plexus
Frg1__CPX,Choroid Plexus
Tmem80__CPX,Choroid Plexus
Clpp__CPX,Choroid Plexus
Myof__CPX,Choroid Plexus
Sh3bgrl__CPX,Choroid Plexus
Cep57__CPX,Choroid Plexus
Zfp654__CPX,Choroid Plexus
Imp3__CPX,Choroid Plexus
Bcl7a__CPX,Choroid Plexus
Ndufa8__CPX,Choroid Plexus
Nipbl__CPX,Choroid Plexus
Brd4__CPX,Choroid Plexus
Phf3__CPX,Choroid Plexus
Camsap2__CPX,Choroid Plexus
Clec14a__CPX,Choroid Plexus
Slc22a17__CPX,Choroid Plexus
Serp2__CPX,Choroid Plexus
Ola1__CPX,Choroid Plexus
Enpp5__CPX,Choroid Plexus
Zfp27__CPX,Choroid Plexus
Fgfr1op2__CPX,Choroid Plexus
Hip1__CPX,Choroid Plexus
Nsg2__CPX,Choroid Plexus
Dlgap4__CPX,Choroid Plexus
Ofd1__CPX,Choroid Plexus
Fhad1__CPX,Choroid Plexus
Tomm22__CPX,Choroid Plexus
Zic2__CPX,Choroid Plexus
Efhb__CPX,Choroid Plexus
Gpr162__CPX,Choroid Plexus
Baz1b__CPX,Choroid Plexus
Luzp1__CPX,Choroid Plexus
Smc4__CPX,Choroid Plexus
Tnfsf13os__CPX,Choroid Plexus
Zfp217__CPX,Choroid Plexus
Fzr1__CPX,Choroid Plexus
Cebpd__CPX,Choroid Plexus
9530026P05Rik__CPX,Choroid Plexus
Rab5c__CPX,Choroid Plexus
2810021J22Rik__CPX,Choroid Plexus
Rnasel__CPX,Choroid Plexus
Ash1l__CPX,Choroid Plexus
A430108G06Rik__CPX,Choroid Plexus
Ide__CPX,Choroid Plexus
Zbtb11os1__CPX,Choroid Plexus
2410124H12Rik__CPX,Choroid Plexus
Pcmtd1__CPX,Choroid Plexus
Mafg__CPX,Choroid Plexus
Ralgapa2__CPX,Choroid Plexus
Dhx36__CPX,Choroid Plexus
Ilvbl__CPX,Choroid Plexus
Lrp6__CPX,Choroid Plexus
Entpd6__CPX,Choroid Plexus
Qser1__CPX,Choroid Plexus
Dnajc13__CPX,Choroid Plexus
Parvg__CPX,Choroid Plexus
B230219D22Rik__CPX,Choroid Plexus
Upf2__CPX,Choroid Plexus
Ric3__CPX,Choroid Plexus
Rad50__CPX,Choroid Plexus
Camk1d__CPX,Choroid Plexus
Fxr1__CPX,Choroid Plexus
Dcaf12l1__CPX,Choroid Plexus
Npat__CPX,Choroid Plexus
Vps37d__CPX,Choroid Plexus
Acad9__CPX,Choroid Plexus
C130021I20Rik__CPX,Choroid Plexus
Pten__CPX,Choroid Plexus
Sulf2__CPX,Choroid Plexus
Sin3a__CPX,Choroid Plexus
Shfl__CPX,Choroid Plexus
Ptk2b__CPX,Choroid Plexus
Rif1__CPX,Choroid Plexus
Ccpg1__CPX,Choroid Plexus
Nprl2__CPX,Choroid Plexus
Dlg4__CPX,Choroid Plexus
Ubc__CPX,Choroid Plexus
Erbin__CPX,Choroid Plexus
Tmem184c__CPX,Choroid Plexus
Ganab__CPX,Choroid Plexus
Rad54l2__CPX,Choroid Plexus
Gm19817__CPX,Choroid Plexus
Nit2__CPX,Choroid Plexus
Ndn__CPX,Choroid Plexus
Mansc4__CPX,Choroid Plexus
Cep290__CPX,Choroid Plexus
Setbp1__CPX,Choroid Plexus
Mpp7__CPX,Choroid Plexus
Pja2__CPX,Choroid Plexus
Zfp1007__CPX,Choroid Plexus
Sytl2__CPX,Choroid Plexus
Kpna3__CPX,Choroid Plexus
Fer__CPX,Choroid Plexus
Cerkl__CPX,Choroid Plexus
Stag2__CPX,Choroid Plexus
Gm4017__CPX,Choroid Plexus
Kif21a__CPX,Choroid Plexus
Dync1h1__CPX,Choroid Plexus
Map3k5__CPX,Choroid Plexus
Ube2q2__CPX,Choroid Plexus
Phactr2__CPX,Choroid Plexus
Fcho2__CPX,Choroid Plexus
Smarca5__CPX,Choroid Plexus
Pard6a__CPX,Choroid Plexus
Ube3c__CPX,Choroid Plexus
Ccdc186__CPX,Choroid Plexus
Iba57__CPX,Choroid Plexus
Hmga1__CPX,Choroid Plexus
Rai14__CPX,Choroid Plexus
Trpc4ap__CPX,Choroid Plexus
Eipr1__CPX,Choroid Plexus
Spata13__CPX,Choroid Plexus
Strada__CPX,Choroid Plexus
Haus4__CPX,Choroid Plexus
Bnip1__CPX,Choroid Plexus
Kpna4__CPX,Choroid Plexus
Aqp11__CPX,Choroid Plexus
Glod4__CPX,Choroid Plexus
mt-Tl1__CPX,Choroid Plexus
Tatdn2__CPX,Choroid Plexus
Sox13__CPX,Choroid Plexus
G2e3__CPX,Choroid Plexus
Rpp30__CPX,Choroid Plexus
Sh2b3__CPX,Choroid Plexus
Stxbp4__CPX,Choroid Plexus
Cnnm4__CPX,Choroid Plexus
Flvcr1__CPX,Choroid Plexus
Tubgcp2__CPX,Choroid Plexus
Ptges3__CPX,Choroid Plexus
Tppp3__CPX,Choroid Plexus
Crygn__CPX,Choroid Plexus
Ifi209__CPX,Choroid Plexus
Kif21b__CPX,Choroid Plexus
Tmem203__CPX,Choroid Plexus
Plekhn1__CPX,Choroid Plexus
Cep78__CPX,Choroid Plexus
Cyren__CPX,Choroid Plexus
Brd2__CPX,Choroid Plexus
Atp7a__CPX,Choroid Plexus
Sufu__CPX,Choroid Plexus
Ehd1__CPX,Choroid Plexus
Gm1976__CPX,Choroid Plexus
Mia2__CPX,Choroid Plexus
Dr1__CPX,Choroid Plexus
Chdh__CPX,Choroid Plexus
Chi3l1__CPX,Choroid Plexus
Rgs7__CPX,Choroid Plexus
Foxc2__CPX,Choroid Plexus
Usp22__CPX,Choroid Plexus
Hlf__CPX,Choroid Plexus
Zfp300__CPX,Choroid Plexus
Ppp4c__CPX,Choroid Plexus
Reep2__CPX,Choroid Plexus
Dhx9__CPX,Choroid Plexus
Osgepl1__CPX,Choroid Plexus
Rlbp1__CPX,Choroid Plexus
Tgfb1i1__CPX,Choroid Plexus
Wrn__CPX,Choroid Plexus
Scrib__CPX,Choroid Plexus
Sh3bgrl2__CPX,Choroid Plexus
Igfbp6__CPX,Choroid Plexus
Hcn3__CPX,Choroid Plexus
Rtkn__CPX,Choroid Plexus
Gm17530__CPX,Choroid Plexus
Vps36__CPX,Choroid Plexus
Leprotl1__CPX,Choroid Plexus
Mef2a__CPX,Choroid Plexus
Atp5mg__CPX,Choroid Plexus
mt-Tv__CPX,Choroid Plexus
Net1__CPX,Choroid Plexus
Clcn2__CPX,Choroid Plexus
Eif3l__CPX,Choroid Plexus
Plscr2__CPX,Choroid Plexus
Pfn1__CPX,Choroid Plexus
Micall2__CPX,Choroid Plexus
Cebpa__CPX,Choroid Plexus
Zfp760__CPX,Choroid Plexus
Tm9sf3__CPX,Choroid Plexus
Rec8__CPX,Choroid Plexus
Nsmf__CPX,Choroid Plexus
Ppfibp1__CPX,Choroid Plexus
Psmg3__CPX,Choroid Plexus
Vangl1__CPX,Choroid Plexus
Mtmr2__CPX,Choroid Plexus
BC065397__CPX,Choroid Plexus
Dcxr__CPX,Choroid Plexus
Cerox1__CPX,Choroid Plexus
Men1__CPX,Choroid Plexus
Arrdc4__CPX,Choroid Plexus
Adamtsl1__CPX,Choroid Plexus
Gm43513__CPX,Choroid Plexus
Tmem167__CPX,Choroid Plexus
Shoc2__CPX,Choroid Plexus
Stk33__CPX,Choroid Plexus
Mtrex__CPX,Choroid Plexus
Tbc1d2__CPX,Choroid Plexus
Arhgap15__CPX,Choroid Plexus
Gmppa__CPX,Choroid Plexus
Cox18__CPX,Choroid Plexus
Gm38380__CPX,Choroid Plexus
Twsg1__CPX,Choroid Plexus
Adamts15__CPX,Choroid Plexus
Pdlim1__CPX,Choroid Plexus
Dcp2__CPX,Choroid Plexus
Ada__CPX,Choroid Plexus
Lrrc75b__CPX,Choroid Plexus
Prpf3__CPX,Choroid Plexus
Pigyl__CPX,Choroid Plexus
Mpi__CPX,Choroid Plexus
Src__CPX,Choroid Plexus
Ano8__CPX,Choroid Plexus
Gpsm3__CPX,Choroid Plexus
Asb8__CPX,Choroid Plexus
Asb16__CPX,Choroid Plexus
"5-Androsten-17alpha-methyl-3beta,17beta-diol__PLS",Plasma
7-(Trimethylsilyl)amino-4-methylcoumarin__PLS,Plasma
"beta-d-Fructopyranose, 1-deoxy-1-(4-morpholinyl)-2,3,4,5-tetrakis-O-(trimethylsilyl)-__PLS",Plasma
Metanephrine__PLS,Plasma
3-(2-Hydroxyethyl)imidazole-2-thione__PLS,Plasma
"3,4-dimethyl-5-(3,4-methylenedioxy)phenyloxazolidine__PLS",Plasma
Benzeneacetamide__PLS,Plasma
"1,3-bis[(Trimethylsilyl)ethynyl]benzene__PLS",Plasma
L-Threitol__PLS,Plasma
"Cholest-22-ene-21-ol, 3,5-dehydro-6-methoxy-, pivalate__PLS",Plasma
Salsoline__PLS,Plasma
1-Hexanol__PLS,Plasma
"Benzene, 3-cyclohexen-1-yl-__PLS",Plasma
Glucose__PLS,Plasma
Methyl isovanillate__PLS,Plasma
Octanoic acid__PLS,Plasma
"L-Tryptophan, N-acetyl-1__PLS",Plasma
3-Hydroxybutyric acid__PLS,Plasma
Lactic Acid__PLS,Plasma
Mirin__PLS,Plasma
"(2S,3R)-3-[(4E,7E)-Nona-4,7-dienoyl]-N,N-bis(trimethylsilyl)oxirane-2-carboxamide__PLS",Plasma
"Benzenemethanamine, 2,3-dimethoxy-__PLS",Plasma
Benzyl alcohol__PLS,Plasma
Boric acid__PLS,Plasma
"Acetin, bis-1,3-trimethylsilyl ether__PLS",Plasma
"DL-Proline, 5-oxo-__PLS",Plasma
"Cetaben, N,O-bis(trimethylsilyl)-__PLS",Plasma
"1,5-Anhydroglucitol__PLS",Plasma
Malic acid__PLS,Plasma
Palmitelaidic acid__PLS,Plasma
3-Nonen-1-ol__PLS,Plasma
4-Hydroxybutanoic acid__PLS,Plasma
Glucopyranose__PLS,Plasma
12-Hydroxyoctadecanoic acid__PLS,Plasma
D-Ribose__PLS,Plasma
Pyrrole-2-carboxylic acid__PLS,Plasma
"Cephalotaxine, 3-deoxy-3,11-epoxy-, (3alpha,11alpha)-__PLS",Plasma
L-Norleucine__PLS,Plasma
2-Furoic acid__PLS,Plasma
Arabinaric acid__PLS,Plasma
Glyceric acid__PLS,Plasma
"Cholesta-3,5-diene__PLS",Plasma
Dimethyl fumarate__PLS,Plasma
"Phenol, 3,5-bis(1,1-dimethylethyl)-__PLS",Plasma
Niacin__PLS,Plasma
Palmitic Acid__PLS,Plasma
"2,5-Dimethoxybenzonitrile__PLS",Plasma
"Acetamide, N,N-diethyl-__PLS",Plasma
"N-isobutyl-2-(trimethylsilyloxy]-4,5-dihydro-1H-imidazole-1-carboxamide__PLS",Plasma
"7-Isoquinolinol, 1,2,3,4-tetrahydro-1-[(4-hydroxyphenyl)methyl]-6-methoxy-__PLS",Plasma
Ketamine__PLS,Plasma
Niacinamide__PLS,Plasma
"(S,S)-(-)-Hydrobenzoin__PLS",Plasma
D-Threitol__PLS,Plasma
Octopamine__PLS,Plasma
Cyclo(L-prolyl-L-valine)__PLS,Plasma
"D-Xylofuranose, 1,2,3,5-tetrakis-O-__PLS",Plasma
l-Histidine ethyl ester__PLS,Plasma
"Pentanedioic acid, 2-[(trimethylsilyl)oxy]-__PLS",Plasma
Isoxaben__PLS,Plasma
"5-Cholesten-3beta, 7alpha-bis[(trimethylsilyl)oxy]-__PLS",Plasma
"2,2,8,8-Tetramethyl-3,7-dioxa-4-aza-2,8-disilanon-4-ene__PLS",Plasma
Delorazepam__PLS,Plasma
Ammeline__PLS,Plasma
Cyclo-(l-leucyl-l-phenylalanyl)__PLS,Plasma
Tetradecanenitrile__PLS,Plasma
Citric acid__PLS,Plasma
"Benzene, 1,3-bis(1,1-dimethylethyl)-__PLS",Plasma
Indole-3-carboxaldehyde__PLS,Plasma
Galactopyranose__PLS,Plasma
"1,3-Dioxane-4-methanol, 4,5-dimethyl-__PLS",Plasma
"Pyrazine, 3,6-dihydro-3,6-dimethyl-__PLS",Plasma
"Propiophenone, 3',4'-dimethoxy-__PLS",Plasma
"Pregn-16-en-20-one, 3,18-bis(acetyloxy)-14,15-epoxy-, (3beta,5alpha,14beta,15beta)-__PLS",Plasma
"3,4-Dihydroxymandelic acid, ethyl ester__PLS",Plasma
Succinic anhydride__PLS,Plasma
Xylose__PLS,Plasma
DL-Ornithine__PLS,Plasma
5-Ethyluracil__PLS,Plasma
"D-Erythro-Pentofuranose, 2-deoxy-1,3-bis-O-__PLS",Plasma
beta-Hydroxypyruvic acid__PLS,Plasma
6-Hydroxyflavone-beta-D-glucoside__PLS,Plasma
Uracil__PLS,Plasma
Xylazine__PLS,Plasma
Phthalazin-1-one__PLS,Plasma
"O-Methyl-N,N'-diisopropylisourea__PLS",Plasma
Pentylone__PLS,Plasma
"2',2,3,6'-Tetramethoxychalcone__PLS",Plasma
Phenylpropanolamine__PLS,Plasma
Gln-Ala__PLS,Plasma
"2,5-Dimethoxyphenol__PLS",Plasma
N-Isobutyrylglycine__PLS,Plasma
D-Leucylglycylglycine__PLS,Plasma
"Talonic acid, gamma-lactone__PLS",Plasma
D-Proline__PLS,Plasma
"Dimethyl hexopyranosiduronate, alpha-D-__PLS",Plasma
Dobutamine__PLS,Plasma
"D-(-)-Lyxose, tetrakis__PLS",Plasma
Cnih2__CPX,Choroid Plexus
Id1__CPX,Choroid Plexus
Irf3__CPX,Choroid Plexus
Gtpbp4__CPX,Choroid Plexus
Slain2__CPX,Choroid Plexus
Fgl2__CPX,Choroid Plexus
Errfi1__CPX,Choroid Plexus
Ctr9__CPX,Choroid Plexus
Tagln2__CPX,Choroid Plexus
Kras__CPX,Choroid Plexus
Papss1__CPX,Choroid Plexus
Rassf4__CPX,Choroid Plexus
Pebp4__CPX,Choroid Plexus
Gxylt1__CPX,Choroid Plexus
Hdgfl3__CPX,Choroid Plexus
Cfap46__CPX,Choroid Plexus
Cltb__CPX,Choroid Plexus
Ccar1__CPX,Choroid Plexus
Arl2bp__CPX,Choroid Plexus
Acbd4__CPX,Choroid Plexus
Ramac__CPX,Choroid Plexus
Dusp1__CPX,Choroid Plexus
Cdh4__CPX,Choroid Plexus
Aasdhppt__CPX,Choroid Plexus
Agbl3__CPX,Choroid Plexus
Mtf1__CPX,Choroid Plexus
Smpdl3b__CPX,Choroid Plexus
Mospd3__CPX,Choroid Plexus
Art4__CPX,Choroid Plexus
Afg3l1__CPX,Choroid Plexus
Dynll1__CPX,Choroid Plexus
Ap3s2__CPX,Choroid Plexus
Dock10__CPX,Choroid Plexus
E2f2__CPX,Choroid Plexus
Ints11__CPX,Choroid Plexus
Klhl18__CPX,Choroid Plexus
Mrps24__CPX,Choroid Plexus
Dbndd1__CPX,Choroid Plexus
Cracr2b__CPX,Choroid Plexus
Scp2-ps2__CPX,Choroid Plexus
4632415L05Rik__CPX,Choroid Plexus
Irak3__CPX,Choroid Plexus
H1f10__CPX,Choroid Plexus
Capn2__CPX,Choroid Plexus
Olfm2__CPX,Choroid Plexus
Npas3__CPX,Choroid Plexus
Atn1__CPX,Choroid Plexus
Slc16a7__CPX,Choroid Plexus
Gsta4__CPX,Choroid Plexus
Recql5__CPX,Choroid Plexus
B130034C11Rik__CPX,Choroid Plexus
Tsc22d1__CPX,Choroid Plexus
Sncg__CPX,Choroid Plexus
Slc25a20__CPX,Choroid Plexus
Pfas__CPX,Choroid Plexus
Inpp4a__CPX,Choroid Plexus
Aldh1l1__CPX,Choroid Plexus
Fhod3__CPX,Choroid Plexus
Fance__CPX,Choroid Plexus
4933439K11Rik__CPX,Choroid Plexus
Tbck__CPX,Choroid Plexus
Fam98b__CPX,Choroid Plexus
Cxxc4__CPX,Choroid Plexus
Pla2g3__CPX,Choroid Plexus
Cntn1__CPX,Choroid Plexus
Slc35a3__CPX,Choroid Plexus
Ifi30__CPX,Choroid Plexus
Meaf6__CPX,Choroid Plexus
1700018L02Rik__CPX,Choroid Plexus
Ptger1__CPX,Choroid Plexus
Lurap1__CPX,Choroid Plexus
Kif22__CPX,Choroid Plexus
Lrrc8c__CPX,Choroid Plexus
Cul7__CPX,Choroid Plexus
Trabd__CPX,Choroid Plexus
Ndufaf1__CPX,Choroid Plexus
Faap24__CPX,Choroid Plexus
Sema6a__CPX,Choroid Plexus
Sema3g__CPX,Choroid Plexus
Lrp2bp__CPX,Choroid Plexus
Perm1__CPX,Choroid Plexus
Icam4__CPX,Choroid Plexus
Isg15__CPX,Choroid Plexus
Serpinb8__CPX,Choroid Plexus
2610020C07Rik__CPX,Choroid Plexus
Zmat5__CPX,Choroid Plexus
Mex3a__CPX,Choroid Plexus
Pthlh__CPX,Choroid Plexus
Cstf2__CPX,Choroid Plexus
Dnase1l1__CPX,Choroid Plexus
Gm15587__CPX,Choroid Plexus
Polr1c__CPX,Choroid Plexus
Lgr4__CPX,Choroid Plexus
Xaf1__CPX,Choroid Plexus
Smurf1__CPX,Choroid Plexus
Vmp1__CPX,Choroid Plexus
Abitram__CPX,Choroid Plexus
Sfi1__CPX,Choroid Plexus
2310014F06Rik__CPX,Choroid Plexus
Junb__CPX,Choroid Plexus
Sympk__CPX,Choroid Plexus
"(9H-fluoren-9-yl)methanol, O-methoxycarbonyl-__PLS",Plasma
Octan-2-yl palmitate__PLS,Plasma
"D-(-)-Fructofuranose, pentakis__PLS",Plasma
Atrazine desethyl__PLS,Plasma
2-Ketoisocaproic acid__PLS,Plasma
"Ethanone, 1-(5-methoxy-2-methyl-3(1H)-indolyl)-__PLS",Plasma
L-Cysteine__PLS,Plasma
Xylitol__PLS,Plasma
2-Aminobutanoic acid__PLS,Plasma
"2-Heptanone, 4,6-dimethyl-__PLS",Plasma
"Azetidine, 1-acetyl-2-methyl-__PLS",Plasma
"2,3-Butanediol__PLS",Plasma
"D-(+)-Talofuranose, pentakis__PLS",Plasma
Pipecolic acid__PLS,Plasma
"Octane, 1-propoxy-__PLS",Plasma
9-Hexadecenoic acid__PLS,Plasma
"L-Lysine, ethyl ester__PLS",Plasma
"Benzeneethanamine, N-[(pentafluorophenyl)methylene]-4-[(trimethylsilyl)oxy]-__PLS",Plasma
Carfentrazone-ethyl__PLS,Plasma
Doconexent__PLS,Plasma
Ser-Leu__PLS,Plasma
Stearic acid__PLS,Plasma
"Thiazolo[4,5-f]quinoline, 2,9-dimethyl-__PLS",Plasma
