L-Valine__FEC,Feces
"beta-d-Glucopyranose, 2-(acetylamino)-3,6-anhydro-2-deoxy__FEC",Feces
"2-Propenoic acid, 2-hydroxy-3-(4-hydroxyphenyl)__FEC",Feces
Methylsuccinic acid__FEC,Feces
DL-Phenylalanine__FEC,Feces
"Gluconolactone (3R,4S,5R,6R)__FEC",Feces
L-Isoleucine__FEC,Feces
"2-Butenoic acid, 2-hydroxy-__FEC",Feces
"2,5-Dimethoxyphenol__FEC",Feces
"2-Allyl-1,4-dimethoxybenzene__FEC",Feces
"2-Butenoic acid, 2-methyl-, 2-methyl-2-propenyl ester__FEC",Feces
3-Hexenedioic acid__FEC,Feces
2-Ethylhexanoic acid__FEC,Feces
beta-Alanine__FEC,Feces
L-5-Oxoproline__FEC,Feces
Niacin__FEC,Feces
Phenol__FEC,Feces
Syringaldehyde__FEC,Feces
1-Dodecanol__FEC,Feces
Benzoic Acid__FEC,Feces
D-Allofuranose__FEC,Feces
L-Valyl-L-leucine__FEC,Feces
2-Piperidinone__FEC,Feces
D-(-)-Ribofuranose__FEC,Feces
1-Tetradecanol__FEC,Feces
Pyrogallol__FEC,Feces
6-Hydroxyhexanoic acid__FEC,Feces
Pentadecanoic acid__FEC,Feces
11-Hydroxy-.DELTA.-9-tetrahydrocannabinol__FEC,Feces
"2,3-Butanediol__FEC",Feces
L-Glutamic acid__FEC,Feces
L-Rhamnose__FEC,Feces
"2,3,4,5-Tetrahydroxypentanoic acid-1,4-lactone__FEC",Feces
N-(2-hydroxyethyl)-succinimide__FEC,Feces
Cyclohexanecarboxylic acid__FEC,Feces
"D-(+)-Ribono-1,4-lactone__FEC",Feces
Thr-Leu__FEC,Feces
"2',2,3,6'-Tetramethoxychalcone__FEC",Feces
D-(+)-Talofuranose__FEC,Feces
9H-Purin-6-ol__FEC,Feces
D-(+)-Glucosamine__FEC,Feces
Hydracrylic acid__FEC,Feces
L-Threonine__FEC,Feces
N-Acetyl-L-glutamic acid__FEC,Feces
Undecanoic acid__FEC,Feces
4-Hydroxybenzoic acid__FEC,Feces
"2,5-Cyclohexadiene-1,4-dione, 2,6-bis(1,1-dimethylethyl)__FEC",Feces
Monolaurin__FEC,Feces
Serine__FEC,Feces
Picolinic acid__FEC,Feces
Xanthine__FEC,Feces
1-Monopalmitin__FEC,Feces
Pipecolic acid__FEC,Feces
Pyrrole-2-carboxylic acid__FEC,Feces
Myristic acid__FEC,Feces
"Inosose-2, myo__FEC",Feces
D-Glucose__FEC,Feces
Tetrahydrogeranyl formate__FEC,Feces
"2,5-Di-tert-butyl-4-hydroxyphenol__FEC",Feces
5-Methyluridine__FEC,Feces
2-Ethylacetoacetate__FEC,Feces
Cyclohexanemethanol__FEC,Feces
"Guanidine, N,N-dimethyl__FEC",Feces
N-Acetyl glucosamine methoxime__FEC,Feces
2-Hydroxy-3-methylbutyric acid__FEC,Feces
Decanoic acid__FEC,Feces
Butyl caprylate__FEC,Feces
9-Octadecenoic acid__FEC,Feces
Pentanoic acid__FEC,Feces
N-Acetylglucosamine__FEC,Feces
Tyrosine__FEC,Feces
"2,3,4-Trihydroxybutyric acid__FEC",Feces
Cytosine__FEC,Feces
Dihydrouracil__FEC,Feces
2'-Desoxyuridine__FEC,Feces
Butyl Succinate__FEC,Feces
alpha-Tocopheryl acetate__FEC,Feces
beta-D-(-)-Ribopyranose__FEC,Feces
N-Methyl-alpha-aminoisobutyric acid__FEC,Feces
Niacinamide__FEC,Feces
"D-Erythro-Pentitol, 2-deoxy-__FEC",Feces
Phenylalanine__FEC,Feces
1-Octadecanol__FEC,Feces
3-Undecene__FEC,Feces
4-Hydroxy-5-(hydroxymethyl)oxolan-2-one__FEC,Feces
L-(+)-Lactic acid__FEC,Feces
"2-Furanacetaldehyde, tetrahydro-alpha__FEC",Feces
Glycolic acid__FEC,Feces
Octadecyl octyl ether__FEC,Feces
"Azetidine, 1-acetyl-2-methyl__FEC",Feces
Palmitic Acid__FEC,Feces
3-Hydroxyisovaleric acid__FEC,Feces
"Erythrono-1,4-lactone__FEC",Feces
2'-Deoxyribolactone__FEC,Feces
Idoxuridine__FEC,Feces
Ketamine__FEC,Feces
4-Hydroxybenzaldehyde__FEC,Feces
Lignoceric acid__FEC,Feces
3-Deoxyhexitol__FEC,Feces
"Propane, 2-methyl__FEC",Feces
D-Mannopyranose__FEC,Feces
Tricine__FEC,Feces
3-Hydroxypicolinic acid__FEC,Feces
1-Methyl-4-hydroxy-1H-imidazol-2-amine__FEC,Feces
d-Erythrotetrofuranose__FEC,Feces
Glycerol tricaprylate__FEC,Feces
3-Hydroxybutyric acid__FEC,Feces
4-Hydroxy-5-(hydroxymethyl)oxolan-2-one__PLS,Plasma
"Cephalotaxine, 3-deoxy-3,11-epoxy-, (3alpha,11alpha)-__PLS",Plasma
N-Isobutyrylglycine__PLS,Plasma
"D-Xylofuranose, 1,2,3,5-tetrakis-O-__PLS",Plasma
1-Aminocyclopropanecarboxylic acid__PLS,Plasma
1-Phenethylamine__PLS,Plasma
"2-(Decanoyloxy)propane-1,3-diyl dioctanoate__PLS",Plasma
"Butanoic acid, 2,4-bis[(trimethylsilyl)oxy]-__PLS",Plasma
5-Hydroxyquinoline__PLS,Plasma
Indole-3-lactic acid__PLS,Plasma
Isoxaben__PLS,Plasma
3-Amino-2-piperidone__PLS,Plasma
(pm)-Norketamine__PLS,Plasma
2-Ketoisocaproic acid__PLS,Plasma
"Cyclopentanone, 2,2,4-trimethyl-__PLS",Plasma
"Inosose-2, 1,3,4,5,6-pentakis-__PLS",Plasma
"Glycine, N-[4-[(trimethylsilyl)oxy]benzoyl]-__PLS",Plasma
DL-Phenylalanine__PLS,Plasma
Uracil__PLS,Plasma
"9,12-Octadecadienoic acid__PLS",Plasma
DL-Ornithine__PLS,Plasma
"2,5-Dimethoxymandelic acid__PLS",Plasma
L-Glutamic acid__PLS,Plasma
"2,2-Diallylpyrrolidine__PLS",Plasma
"Acetin, bis-1,3-trimethylsilyl ether__PLS",Plasma
Acetoacetic acid__PLS,Plasma
Methyl-3-methoxy-5-methyl benzoate__PLS,Plasma
DL-Glyceraldehyde__PLS,Plasma
Niclosamide__PLS,Plasma
"3-Cyclohexyl-L-alanine amide, N,N,N'N'-tetramethyl-__PLS",Plasma
"Propanoic acid, 2-methyl-__PLS",Plasma
Arachidonic acid__PLS,Plasma
"Azetidine, 1-acetyl-2-methyl-__PLS",Plasma
"Cholest-7-en-3-ol, (3beta,5alpha)-__PLS",Plasma
"Benzaldehyde, 2,5-dimethyl-__PLS",Plasma
"1,2,3,10,11,11a-Hexahydro-6,7,8-trimethoxy-3-oxo-5H-dibenzo(a,d)cycloheptene__PLS",Plasma
Trimidox__PLS,Plasma
"Octane, 1-propoxy-__PLS",Plasma
Nonadecanoic acid__PLS,Plasma
Diphenyl ether__PLS,Plasma
"N,O-Bis(trimethylsilyl)carbamate__PLS",Plasma
Methylmalonic monoamide__PLS,Plasma
Glyceric acid__PLS,Plasma
Dobutamine__PLS,Plasma
Phenoxyacetic acid__PLS,Plasma
D-Ribose__PLS,Plasma
"1,1'-Biphenyl, 3,4-diethyl-__PLS",Plasma
"D-Isoleucine, N-acetyl-__PLS",Plasma
"Dodecane, 4,6-dimethyl-__PLS",Plasma
alpha-Linolenic acid__PLS,Plasma
L-Aspartic acid__PLS,Plasma
"Erythrono-1,4-lactone, (Z)-__PLS",Plasma
Palmitic Acid__PLS,Plasma
Mirin__PLS,Plasma
"Glycine, N-(N-DL-leucylglycyl)-__PLS",Plasma
Dihydrouracil__PLS,Plasma
"Benzo[b]fluorene, 5-amino-7-methyl-1,2,3,4,6,7,8,9-octahydro-11-thia-10-aza-__PLS",Plasma
10-Heptadecenoic acid__PLS,Plasma
Octocrylene__PLS,Plasma
3-Methoxysalicylic acid__PLS,Plasma
"2,6-Dimethyl-N-[3-(trimethylsilyl)-1,3-thiazinan-2-ylidene]aniline__PLS",Plasma
Desmosterol__PLS,Plasma
Pyrrole-2-carboxylic acid__PLS,Plasma
4-Hydroxybenzoic acid__PLS,Plasma
beta-Hydroxypyruvic acid__PLS,Plasma
"1,3,5-Benzetriol__PLS",Plasma
Ethanolamine__PLS,Plasma
Glycolic acid__PLS,Plasma
"N,9-bis(Trimethylsilyl)-6-[(trimethylsilyl)oxy]-9H-purin-2-amine__PLS",Plasma
L-Leucine__PLS,Plasma
Sertraline carbamoyl glucuronide__PLS,Plasma
Hexanoic acid__PLS,Plasma
3-Aminobutanoic acid__PLS,Plasma
Hydroquinidine__PLS,Plasma
3-Hydroxyisovaleric acid__PLS,Plasma
1-Hydroxy-3-methoxy-6-methylanthraquinone__PLS,Plasma
1-Tetradecanol__PLS,Plasma
"Aziridine, 1-(2-buten-2-yl)-__PLS",Plasma
Erythritol__PLS,Plasma
"2-Heptanone, 4,6-dimethyl-__PLS",Plasma
"2-Propanone, bis(1-methylethyl)hydrazone__PLS",Plasma
"beta-D-Galactofuranose, 1,2,3,5,6-pentakis-O-(trimethylsilyl)-__PLS",Plasma
beta-Lyxopyranose__PLS,Plasma
Trimethylsilyl oct-2-enoate__PLS,Plasma
Benzophenone__PLS,Plasma
N-Isovaleroylglycine__PLS,Plasma
2-Heptenoic acid__PLS,Plasma
L-Hydroxyproline__PLS,Plasma
n-Pentadecanol__PLS,Plasma
"2,3,4-Trihydroxybutyric acid tetrakis__PLS",Plasma
"1-Methyl-N,N-bis(trimethylsilyl)-4-[(trimethylsilyl)oxy]-1H-imidazol-2-amine__PLS",Plasma
Arsenous acid__PLS,Plasma
"L-Tryptophan, N-acetyl-1__PLS",Plasma
2-Isopropyl-5-methyl-1-heptanol__PLS,Plasma
1-Monoacetin__PLS,Plasma
Indole-5-carboxylic acid__PLS,Plasma
"Benzenemethanamine, 2,3-dimethoxy-__PLS",Plasma
L-Tryptophan__PLS,Plasma
3-Amino-5-morpholinomethyl-2-oxazolidinone__PLS,Plasma
"Benzeneethanamine, N-[(pentafluorophenyl)methylene]-4-[(trimethylsilyl)oxy]-__PLS",Plasma
Octan-2-yl palmitate__PLS,Plasma
"Pyrimidine, 5-methyl-2,4-bis[(trimethylsilyl)oxy]-__PLS",Plasma
Bis(trimethylsilyl)acetylene__PLS,Plasma
Isofucosterol__PLS,Plasma
"3-Buten-2-one, 3-trimethylsilyloxy-__PLS",Plasma
"Glycine, N-(1-oxobutyl)-__PLS",Plasma
"L-Lysine, ethyl ester__PLS",Plasma
4-Cumylphenol__PLS,Plasma
L-Isoleucine__PLS,Plasma
Xylazine__PLS,Plasma
cis-4-Trimethylsilyloxy-cyclohexyl(trimethylsilyl)carboxylate__PLS,Plasma
Triethanolamine__PLS,Plasma
13-Docosenamide__PLS,Plasma
"(S,S)-(-)-Hydrobenzoin__PLS",Plasma
2-Pyrrolidinone__PLS,Plasma
2-Furoic acid__PLS,Plasma
3-Nonen-1-ol__PLS,Plasma
Tetradecanenitrile__PLS,Plasma
"alpha-L-Galactopyranoside, methyl 6-deoxy-, (R,R,R,S,S)-__PLS",Plasma
Palmitelaidic acid__PLS,Plasma
Ribitol__PLS,Plasma
Azatadine__PLS,Plasma
Decanoic acid__PLS,Plasma
Tartronic acid__PLS,Plasma
Quazodine__PLS,Plasma
3-Hydroxybutyric acid__PLS,Plasma
"Phenol, 3,5-bis(1,1-dimethylethyl)-__PLS",Plasma
Dinoseb__PLS,Plasma
Metanephrine__PLS,Plasma
"Cholesta-3,5-diene__PLS",Plasma
Glucopyranose__PLS,Plasma
3-(2-Hydroxyethyl)imidazole-2-thione__PLS,Plasma
"7-Acetyl-6-ethyl-1,1,4,4-tetramethyltetralin__PLS",Plasma
3-Indoleacetic acid__PLS,Plasma
"Propanetriol, 2-methyl-__PLS",Plasma
"(9H-fluoren-9-yl)methanol, O-methoxycarbonyl-__PLS",Plasma
Cyclo(L-prolyl-L-valine)__PLS,Plasma
D-Fructose__PLS,Plasma
Cyclobutanol__PLS,Plasma
"Benzene, 3-cyclohexen-1-yl-__PLS",Plasma
Succinic anhydride__PLS,Plasma
"5-Cholesten-3beta, 7alpha-bis[(trimethylsilyl)oxy]-__PLS",Plasma
"1,2-Benzenedicarboxylic acid__PLS",Plasma
"1-Octanol, 2-butyl-__PLS",Plasma
Glyoxime__PLS,Plasma
"2,2,8,8-Tetramethyl-3,7-dioxa-4-aza-2,8-disilanon-4-ene__PLS",Plasma
Ammeline__PLS,Plasma
"2,5-Dimethoxyphenol__PLS",Plasma
Tributyl acetylcitrate__PLS,Plasma
N-Valerylglycine__PLS,Plasma
"D-(+)-Ribono-1,4-lactone (R,S,R)-__PLS",Plasma
"1,3-Cyclohexanebis(methylamine)__PLS",Plasma
Oxalic acid__PLS,Plasma
D-Leucylglycylglycine__PLS,Plasma
"Ethanone, 1-(5-methoxy-2-methyl-3(1H)-indolyl)-__PLS",Plasma
Guanabenz__PLS,Plasma
Neostigmine__PLS,Plasma
Hydracrylic acid__PLS,Plasma
2-Methylglutaconic acid__PLS,Plasma
Benzyl alcohol__PLS,Plasma
"Ethanone, 1-(2,5-dimethoxyphenyl)-__PLS",Plasma
Hexanedioic acid__PLS,Plasma
"2,3-Butanediol__PLS",Plasma
D-Threitol__PLS,Plasma
N-Methyl-N-(tetrahydro-2-furanylmethyl)-4-piperidinamine__PLS,Plasma
"1-Phenyl-1,2-ethanediol__PLS",Plasma
Dehydronorketamine__PLS,Plasma
Pipecolic acid__PLS,Plasma
N-Acetyl-L-glutamic acid__PLS,Plasma
p-Toluic acid__PLS,Plasma
Glycine__PLS,Plasma
Aceturic acid__PLS,Plasma
D-Proline__PLS,Plasma
"Pentenoic acid, 4-[(trimethylsilyl)oxy]-__PLS",Plasma
"Cholest-22-ene-21-ol, 3,5-dehydro-6-methoxy-, pivalate__PLS",Plasma
2-Amino-4-methylphenol__PLS,Plasma
2-Methyl-4-pentenoic acid__PLS,Plasma
L-Alanine__PLS,Plasma
"1-Butanamine, N,N-diethyl-__PLS",Plasma
"Butanoic acid, 2-methyl-3-[(trimethylsilyl)oxy]-__PLS",Plasma
1-Cyclopentylethanol__PLS,Plasma
"Benzimidazole, 5-trifluoromethyl-2-methyl-__PLS",Plasma
Trisaminol__PLS,Plasma
"2-Hexenoic acid, 2-[(trimethylsilyl)oxy]-__PLS",Plasma
"Propiophenone, 3',4'-dimethoxy-__PLS",Plasma
"Stigmast-5-ene, 3beta-__PLS",Plasma
Nitrosothymol__PLS,Plasma
"2,2,4-Trimethyl-1,3-pentanediol diisobutyrate__PLS",Plasma
7-(Trimethylsilyl)amino-4-methylcoumarin__PLS,Plasma
Niacin__PLS,Plasma
(pm)-N-Propylamphetamine__PLS,Plasma
2-Naphthol__PLS,Plasma
Methyl aminoacetate__PLS,Plasma
3-Indolepropionic acid__PLS,Plasma
4-Hydroxybenzeneacetic acid__PLS,Plasma
Delorazepam__PLS,Plasma
Galactopyranose__PLS,Plasma
Cadaverine__PLS,Plasma
3'-(Trimethylsilyl)oxy-beta-naphthoflavone__PLS,Plasma
L-Asparagine__PLS,Plasma
Hydroquinone__PLS,Plasma
"1,4-diazabicyclo[4.3.0]nonan-2,5-dione, 3-methyl__PLS",Plasma
Heptadecanoic acid__PLS,Plasma
5-Henicosylresorcinol__PLS,Plasma
"3beta,4beta-Bis(trimethylsiloxy)cholest-5-ene__PLS",Plasma
Lactic Acid__PLS,Plasma
Ketamine__PLS,Plasma
S-Methyl-L-cysteine__PLS,Plasma
alpha-Tocopherol__PLS,Plasma
"2-Allyl-1,4-dimethoxybenzene__PLS",Plasma
3'-Hydroxyacetophenone__PLS,Plasma
"2,5-Piperazinedione, 3-benzyl-6-isopropyl-__PLS",Plasma
Isopropyl palmitate__PLS,Plasma
Malic acid__PLS,Plasma
"Cetaben, N,O-bis(trimethylsilyl)-__PLS",Plasma
2-Hydroxy-5-methoxybenzaldehyde__PLS,Plasma
Indole-3-carboxaldehyde__PLS,Plasma
Glucose__PLS,Plasma
"Pregn-16-en-20-one, 3,18-bis(acetyloxy)-14,15-epoxy-, (3beta,5alpha,14beta,15beta)-__PLS",Plasma
"Benzene, 1,3-bis(1,1-dimethylethyl)-__PLS",Plasma
Levulinic acid__PLS,Plasma
"Benzene, 1,1'-(1,2-cyclobutanediyl)bis-__PLS",Plasma
"1-Decene, 8-methyl-__PLS",Plasma
"beta-d-Fructopyranose, 1-deoxy-1-(4-morpholinyl)-2,3,4,5-tetrakis-O-(trimethylsilyl)-__PLS",Plasma
"Dimethyl hexopyranosiduronate, alpha-D-__PLS",Plasma
Myristic acid__PLS,Plasma
Pentylone__PLS,Plasma
Phloroglucinol__PLS,Plasma
4-Hydroxybenzaldehyde__PLS,Plasma
Octopamine__PLS,Plasma
"3-(3-Cyclohexylaminopropionylamino)-5-ethylthiophene-2-carboxylic acid, ethyl ester__PLS",Plasma
Naphthofluorescein__PLS,Plasma
L-5-Oxoproline__PLS,Plasma
12-Oxooctadecanoate__PLS,Plasma
Butylated Hydroxytoluene__PLS,Plasma
"Benzoic acid, methyl ester__PLS",Plasma
"2,4-Imidazolidinedione, 5,5-dimethyl-__PLS",Plasma
"2,6-Bis[2-[2-S-thiosulfuroethylamino]ethoxy]pyrazine__PLS",Plasma
Ornithine__PLS,Plasma
"DL-Proline, 5-oxo-__PLS",Plasma
"3,5-Dimethylpyrazole__PLS",Plasma
2-Hydroxybutyric acid__PLS,Plasma
Niacinamide__PLS,Plasma
Propylamine__PLS,Plasma
3-Hexenedinitrile__PLS,Plasma
Allylescaline__PLS,Plasma
(pm)-Phenylpropanolamine__PLS,Plasma
"D-(-)-Fructofuranose, pentakis__PLS",Plasma
4-Hydroxybutanoic acid__PLS,Plasma
5-Hydroxyhexanoic acid__PLS,Plasma
(CH3)2C=NC2H558__PLS,Plasma
(pm)-alpha-Tocopherol acetate__PLS,Plasma
"(R*,S*)-2,3-Dihydroxybutanoic acid__PLS",Plasma
1-(3-Methylphenyl)piperazine__PLS,Plasma
1-(4-Hydroxybenzylidene)acetone__PLS,Plasma
1-Deoxypentitol__PLS,Plasma
1-Hexadecanol__PLS,Plasma
1-Octanol__PLS,Plasma
1-Phenylethanol__PLS,Plasma
"1-Piperazineethanol, 4-dibenzo[b,f][1,4]thiazepin-11-yl-__PLS",Plasma
"1,2-Butadiene, 1,1,4-triphenyl-3-trimethylsilyl-4-trimethylsilyloxy-__PLS",Plasma
"2-(2,5-Dimethoxy-phenyl)-propionaldehyde__PLS",Plasma
"2-Acetyl-3-(1-methyl-2-pyrrolyl)-1,4-benzenediol__PLS",Plasma
"2-Amino-4,6-dihydroxypyrimidine__PLS",Plasma
2-Aminoadipic acid__PLS,Plasma
2-Hexen-1-ol__PLS,Plasma
2-Hydroxy-3-methylbutyric acid__PLS,Plasma
"2-Propenamide, 3-phenyl-N-2-propenyl-__PLS",Plasma
"2,5-Cyclohexadiene-1,4-dione, 2,6-bis(1,1-dimethylethyl)-__PLS",Plasma
"2,5-di-tert-Butyl-1,4-benzoquinone__PLS",Plasma
"3-Buten-2-one, 4-(4-methoxyphenyl)-__PLS",Plasma
"3-Hydroxy-2,3-dihydromaltol__PLS",Plasma
4-(Methoxycarbonyl)phenol__PLS,Plasma
4-Hydroxyphenyllactic acid__PLS,Plasma
5-(2-Aminopropyl)-2-methylphenol__PLS,Plasma
5-Aminovaleric acid__PLS,Plasma
5-Hydroxytryptophan__PLS,Plasma
"5alpha-Pregnane-3,20-dione__PLS",Plasma
"6,7,4'-Trihydroxyisoflavone__PLS",Plasma
9-Octadecenamide__PLS,Plasma
"Acetic acid, bis[(trimethylsilyl)oxyl]-__PLS",Plasma
"Acetohydrazide, 2-(2-isopropyl-5-methylphenoxy)-N2-benzylideno-__PLS",Plasma
Adipoyl-L-carnitine__PLS,Plasma
Aspartic acid__PLS,Plasma
"Benzene, 1-acetoxy-2,6-dimethoxy-4-(2-propenyl)-__PLS",Plasma
Benzeneacetic acid__PLS,Plasma
"Benzoic acid, pentadecyl ester__PLS",Plasma
"Butanal, 2,3,4-tris[(trimethylsilyl)oxy]-, O-methyloxime, [R-(R*,R*)]-__PLS",Plasma
Cholesterol__PLS,Plasma
Cinnamic acid__PLS,Plasma
cyclobutanecarboxylic acid__PLS,Plasma
"Cyclopentaneacetic acid, 3-oxo-2-pentyl-__PLS",Plasma
D-(-)-Citramalic acid__PLS,Plasma
"D-(-)-Ribofuranose, tetrakis__PLS",Plasma
D-Mannose__PLS,Plasma
Deoxycholic Acid__PLS,Plasma
Dodecanoic acid__PLS,Plasma
Dodecylcyclohexane__PLS,Plasma
Eicosapentaenoic acid__PLS,Plasma
"Ethanamine, N,N-diethyl-2,2-dimethyl-2-[(3,5-dimethoxy)phenyl]-__PLS",Plasma
"Furan, 2-pentyl-__PLS",Plasma
Hydantoic acid__PLS,Plasma
Itaconic acid__PLS,Plasma
L-Tyrosine__PLS,Plasma
Latanoprost lactone diol__PLS,Plasma
"Methyl (3,4-dimethoxyphenyl)(hydroxy)acetate__PLS",Plasma
Methyl alpha-Lyxofuranoside__PLS,Plasma
"Morpholine, 4-[2,3,4,6-tetrakis-O-(trimethylsilyl)-alpha-d-mannopyranosyl]-__PLS",Plasma
N-(Trimethylsilyl)hexanamide__PLS,Plasma
"N,N-Diethyl-2-aminoethanol__PLS",Plasma
"N,N-Dimethyl-2-cyclohexyloxyethylamine__PLS",Plasma
Norketamine__PLS,Plasma
p-Hydroxydiisopropylbenzene__PLS,Plasma
"Pentanedioic acid, 3-methyl-3-[(trimethylsilyl)oxy]-__PLS",Plasma
Phenylalanine__PLS,Plasma
Phlorizin__PLS,Plasma
Phosalone__PLS,Plasma
Pimelic acid__PLS,Plasma
"Ribonic acid, 2,3,4,5-tetrakis-__PLS",Plasma
Suberic acid__PLS,Plasma
"Tacrine, N-trimethylsilyl-__PLS",Plasma
"Thymine, 1,3-dimethyl-6-(trimethylsilyloxymethyl)-__PLS",Plasma
"Trimethylsilyl (5-benzyl-3,6-dioxopiperazin-2-yl)acetate__PLS",Plasma
Trimethylsilyl 3-((trimethylsilyl)thio)propanoate__PLS,Plasma
Vanillylmandelic acid__PLS,Plasma
Cope__CPX,Choroid Plexus
Spmip6__CPX,Choroid Plexus
Vps37d__CPX,Choroid Plexus
Nedd4__CPX,Choroid Plexus
Wbp11__CPX,Choroid Plexus
Usf3__CPX,Choroid Plexus
Fn3krp__CPX,Choroid Plexus
Pak2__CPX,Choroid Plexus
Cebpz__CPX,Choroid Plexus
Kin__CPX,Choroid Plexus
Ibtk__CPX,Choroid Plexus
Ctdspl2__CPX,Choroid Plexus
Pabpc1__CPX,Choroid Plexus
Kif2a__CPX,Choroid Plexus
Arhgef12__CPX,Choroid Plexus
Arhgap5__CPX,Choroid Plexus
Slk__CPX,Choroid Plexus
Cdkn1c__CPX,Choroid Plexus
Smim10l1__CPX,Choroid Plexus
Ap3b1__CPX,Choroid Plexus
Wasl__CPX,Choroid Plexus
Gsk3b__CPX,Choroid Plexus
D630036H23Rik__CPX,Choroid Plexus
Pbx1__CPX,Choroid Plexus
Tulp4__CPX,Choroid Plexus
Wbp4__CPX,Choroid Plexus
Vps13b__CPX,Choroid Plexus
Setx__CPX,Choroid Plexus
Pcmtd1__CPX,Choroid Plexus
Mafg__CPX,Choroid Plexus
B230219D22Rik__CPX,Choroid Plexus
Stag2__CPX,Choroid Plexus
Phactr2__CPX,Choroid Plexus
Fcho2__CPX,Choroid Plexus
Smarca5__CPX,Choroid Plexus
Gtpbp4__CPX,Choroid Plexus
Vps36__CPX,Choroid Plexus
Mob4__CPX,Choroid Plexus
Igfbp6__CPX,Choroid Plexus
Silc1__CPX,Choroid Plexus
Adcy9__CPX,Choroid Plexus
Gm43568__CPX,Choroid Plexus
Rdx__CPX,Choroid Plexus
Golm2__CPX,Choroid Plexus
Cnih2__CPX,Choroid Plexus
Osgepl1__CPX,Choroid Plexus
Atn1__CPX,Choroid Plexus
Map3k5__CPX,Choroid Plexus
Ptgr3__CPX,Choroid Plexus
Serpinb8__CPX,Choroid Plexus
Gsta4__CPX,Choroid Plexus
Dnajc21__CPX,Choroid Plexus
Bhmt2__CPX,Choroid Plexus
Psma4__CPX,Choroid Plexus
Prxl2c__CPX,Choroid Plexus
Asb8__CPX,Choroid Plexus
Cep57__CPX,Choroid Plexus
Ofd1__CPX,Choroid Plexus
Efhb__CPX,Choroid Plexus
Vmp1__CPX,Choroid Plexus
Zfp1007__CPX,Choroid Plexus
Srebf2__CPX,Choroid Plexus
Gpaa1__CPX,Choroid Plexus
Rhob__CPX,Choroid Plexus
Pi4ka__CPX,Choroid Plexus
Pja2__CPX,Choroid Plexus
Dync1h1__CPX,Choroid Plexus
Tceal8__CPX,Choroid Plexus
Kcmf1__CPX,Choroid Plexus
Cep78__CPX,Choroid Plexus
Apc2__CPX,Choroid Plexus
Mtpn__CPX,Choroid Plexus
Pthlh__CPX,Choroid Plexus
Plgrkt__CPX,Choroid Plexus
Dek__CPX,Choroid Plexus
Upf2__CPX,Choroid Plexus
Dnajc7__CPX,Choroid Plexus
4930550C14Rik__CPX,Choroid Plexus
Opa1__CPX,Choroid Plexus
Jph1__CPX,Choroid Plexus
Lmtk3__CPX,Choroid Plexus
Cyyr1__CPX,Choroid Plexus
Fundc2__CPX,Choroid Plexus
Dhx9__CPX,Choroid Plexus
Nfe2l2__CPX,Choroid Plexus
Dynlt2b__CPX,Choroid Plexus
Gnas__CPX,Choroid Plexus
5430402O13Rik__CPX,Choroid Plexus
Pdlim5__CPX,Choroid Plexus
Lepr__CPX,Choroid Plexus
Osbp__CPX,Choroid Plexus
Klf3__CPX,Choroid Plexus
Ccdc148__CPX,Choroid Plexus
Mrps18a__CPX,Choroid Plexus
Stk26__CPX,Choroid Plexus
Iqgap2__CPX,Choroid Plexus
Ahcyl2__CPX,Choroid Plexus
Myof__CPX,Choroid Plexus
Nsmf__CPX,Choroid Plexus
Serp2__CPX,Choroid Plexus
Rpp30__CPX,Choroid Plexus
Stxbp4__CPX,Choroid Plexus
Ankmy2__CPX,Choroid Plexus
Poglut1__CPX,Choroid Plexus
Grcc10__CPX,Choroid Plexus
4632415L05Rik__CPX,Choroid Plexus
Smarca2__CPX,Choroid Plexus
Gdpd3__CPX,Choroid Plexus
Smim15__CPX,Choroid Plexus
Fgl2__CPX,Choroid Plexus
Pla2g3__CPX,Choroid Plexus
Strada__CPX,Choroid Plexus
Zkscan8__CPX,Choroid Plexus
Kpna4__CPX,Choroid Plexus
Sh3bgrl2__CPX,Choroid Plexus
Ube3c__CPX,Choroid Plexus
Chmp4c__CPX,Choroid Plexus
Baiap2l1__CPX,Choroid Plexus
Agbl3__CPX,Choroid Plexus
Sulf2__CPX,Choroid Plexus
Zbtb39__CPX,Choroid Plexus
Zfp975__CPX,Choroid Plexus
Ppp1r12a__CPX,Choroid Plexus
Zbtb7a__CPX,Choroid Plexus
Pebp4__CPX,Choroid Plexus
Hmces__CPX,Choroid Plexus
Cpxm2__CPX,Choroid Plexus
Tm9sf3__CPX,Choroid Plexus
A930024E05Rik__CPX,Choroid Plexus
Zbtb37__CPX,Choroid Plexus
Gm15408__CPX,Choroid Plexus
Cspg5__CPX,Choroid Plexus
Cep41__CPX,Choroid Plexus
Wapl__CPX,Choroid Plexus
Fgfr1op2__CPX,Choroid Plexus
Aasdhppt__CPX,Choroid Plexus
Qser1__CPX,Choroid Plexus
H1f10__CPX,Choroid Plexus
Clec14a__CPX,Choroid Plexus
Ric3__CPX,Choroid Plexus
Gm6548__CPX,Choroid Plexus
Slc6a13__CPX,Choroid Plexus
Cerox1__CPX,Choroid Plexus
Lrrc8c__CPX,Choroid Plexus
Dnajc13__CPX,Choroid Plexus
Irak1bp1__CPX,Choroid Plexus
Slc25a20__CPX,Choroid Plexus
Serbp1__CPX,Choroid Plexus
Hdac9__CPX,Choroid Plexus
Birc2__CPX,Choroid Plexus
Prpf6__CPX,Choroid Plexus
Rufy3__CPX,Choroid Plexus
Chi3l1__CPX,Choroid Plexus
Luzp1__CPX,Choroid Plexus
Slc35a3__CPX,Choroid Plexus
Bcl2l12__CPX,Choroid Plexus
Dcaf12l1__CPX,Choroid Plexus
Kmt5b__CPX,Choroid Plexus
Ptger1__CPX,Choroid Plexus
mt-Tv__CPX,Choroid Plexus
mt-Tl1__CPX,Choroid Plexus
Mtap__CPX,Choroid Plexus
Ubl3__CPX,Choroid Plexus
Eef1a1__CPX,Choroid Plexus
Zfp322a__CPX,Choroid Plexus
Evi5__CPX,Choroid Plexus
Sin3a__CPX,Choroid Plexus
Mpp7__CPX,Choroid Plexus
Sytl2__CPX,Choroid Plexus
Kpna3__CPX,Choroid Plexus
Slain2__CPX,Choroid Plexus
Sec62__CPX,Choroid Plexus
Chd5__CPX,Choroid Plexus
Pura__CPX,Choroid Plexus
Nkapd1__CPX,Choroid Plexus
Fsbp__CPX,Choroid Plexus
Sc5d__CPX,Choroid Plexus
Recql5__CPX,Choroid Plexus
Gm25517__CPX,Choroid Plexus
Sox13__CPX,Choroid Plexus
Dnase1l1__CPX,Choroid Plexus
H2az2__CPX,Choroid Plexus
Zfp383__CPX,Choroid Plexus
Gm15083__CPX,Choroid Plexus
Col8a1__CPX,Choroid Plexus
Acox1__CPX,Choroid Plexus
Uqcc5__CPX,Choroid Plexus
Zfp27__CPX,Choroid Plexus
Usp9x__CPX,Choroid Plexus
Dhx36__CPX,Choroid Plexus
Camk1d__CPX,Choroid Plexus
Wdr38__CPX,Choroid Plexus
Gm42636__CPX,Choroid Plexus
Csnk1a1__CPX,Choroid Plexus
Rpn2__CPX,Choroid Plexus
Gm43339__CPX,Choroid Plexus
Cmtm8__CPX,Choroid Plexus
Tmem204__CPX,Choroid Plexus
Samd14__CPX,Choroid Plexus
5330425B07Rik__CPX,Choroid Plexus
Klf8__CPX,Choroid Plexus
Ccdc59__CPX,Choroid Plexus
Limch1__CPX,Choroid Plexus
Ergic2__CPX,Choroid Plexus
Bcat1__CPX,Choroid Plexus
Xpc__CPX,Choroid Plexus
Gm15675__CPX,Choroid Plexus
Atp5mg__CPX,Choroid Plexus
2310014F06Rik__CPX,Choroid Plexus
Hmga1__CPX,Choroid Plexus
Slc11a2__CPX,Choroid Plexus
Mfge8__CPX,Choroid Plexus
Atp7a__CPX,Choroid Plexus
Ifi30__CPX,Choroid Plexus
Ankrd12__CPX,Choroid Plexus
Ildr2__CPX,Choroid Plexus
Ppfibp1__CPX,Choroid Plexus
Ddit4__CPX,Choroid Plexus
Rai14__CPX,Choroid Plexus
Actr3__CPX,Choroid Plexus
Rbm20__CPX,Choroid Plexus
Hook2__CPX,Choroid Plexus
Suclg2__CPX,Choroid Plexus
St8sia2__CPX,Choroid Plexus
Gm38037__CPX,Choroid Plexus
Cdc14a__CPX,Choroid Plexus
Secisbp2l__CPX,Choroid Plexus
Lrp6__CPX,Choroid Plexus
Casp8__CPX,Choroid Plexus
Leprotl1__CPX,Choroid Plexus
Por__CPX,Choroid Plexus
Maco1__CPX,Choroid Plexus
Pomgnt1__CPX,Choroid Plexus
Pcgf5__CPX,Choroid Plexus
Ess2__CPX,Choroid Plexus
Fchsd2__CPX,Choroid Plexus
Heatr3__CPX,Choroid Plexus
Abitram__CPX,Choroid Plexus
Galnt15__CPX,Choroid Plexus
Col9a2__CPX,Choroid Plexus
Nod1__CPX,Choroid Plexus
Rpl18a__CPX,Choroid Plexus
Map3k8__CPX,Choroid Plexus
Dync2li1__CPX,Choroid Plexus
Rlbp1__CPX,Choroid Plexus
Vasp__CPX,Choroid Plexus
Grpel1__CPX,Choroid Plexus
Alkbh6__CPX,Choroid Plexus
Zfp638__CPX,Choroid Plexus
Gm14798__CPX,Choroid Plexus
Acad9__CPX,Choroid Plexus
Klc1__CPX,Choroid Plexus
Magix__CPX,Choroid Plexus
Asb16__CPX,Choroid Plexus
Klhl18__CPX,Choroid Plexus
Eif3l__CPX,Choroid Plexus
Kcnk5__CPX,Choroid Plexus
Cox18__CPX,Choroid Plexus
Zhx1__CPX,Choroid Plexus
Cebpd__CPX,Choroid Plexus
Twsg1__CPX,Choroid Plexus
Repin1__CPX,Choroid Plexus
Tmem229b__CPX,Choroid Plexus
Ncbp2__CPX,Choroid Plexus
Hip1__CPX,Choroid Plexus
Erbin__CPX,Choroid Plexus
Ano8__CPX,Choroid Plexus
Rbm27__CPX,Choroid Plexus
Meis2__CPX,Choroid Plexus
Olfm2__CPX,Choroid Plexus
Fam13b__CPX,Choroid Plexus
Sppl3__CPX,Choroid Plexus
Dctn2__CPX,Choroid Plexus
Usp22__CPX,Choroid Plexus
Ncaph2__CPX,Choroid Plexus
Slc29a4__CPX,Choroid Plexus
Hlf__CPX,Choroid Plexus
G2e3__CPX,Choroid Plexus
Cep290__CPX,Choroid Plexus
Mia2__CPX,Choroid Plexus
Cast__CPX,Choroid Plexus
Sh2b3__CPX,Choroid Plexus
Emd__CPX,Choroid Plexus
Aox3__CPX,Choroid Plexus
Gpsm3__CPX,Choroid Plexus
Ehd1__CPX,Choroid Plexus
Npas3__CPX,Choroid Plexus
Xaf1__CPX,Choroid Plexus
Enpp5__CPX,Choroid Plexus
Col5a3__CPX,Choroid Plexus
Abtb2__CPX,Choroid Plexus
Btg1__CPX,Choroid Plexus
Smpdl3b__CPX,Choroid Plexus
Sp4__CPX,Choroid Plexus
2610020C07Rik__CPX,Choroid Plexus
Sema3g__CPX,Choroid Plexus
Vangl1__CPX,Choroid Plexus
Cntn1__CPX,Choroid Plexus
Hspa1b__CPX,Choroid Plexus
1700125H03Rik__CPX,Choroid Plexus
Hcn3__CPX,Choroid Plexus
Foxk2__CPX,Choroid Plexus
Adamts15__CPX,Choroid Plexus
Ramac__CPX,Choroid Plexus
Fam98b__CPX,Choroid Plexus
Zfp36l2__CPX,Choroid Plexus
Arhgap15__CPX,Choroid Plexus
Yars1__CPX,Choroid Plexus
Flvcr1__CPX,Choroid Plexus
Cbarp__CPX,Choroid Plexus
Ccdc33__CPX,Choroid Plexus
Hmmr__CPX,Choroid Plexus
Tmem259__CPX,Choroid Plexus
Ptges2__CPX,Choroid Plexus
Rab5a__CPX,Choroid Plexus
Clcn2__CPX,Choroid Plexus
Nup214__CPX,Choroid Plexus
Aqp11__CPX,Choroid Plexus
Fer__CPX,Choroid Plexus
Slc16a7__CPX,Choroid Plexus
Irak3__CPX,Choroid Plexus
Zmat5__CPX,Choroid Plexus
Fam167b__CPX,Choroid Plexus
Pdss1__CPX,Choroid Plexus
Zfp513__CPX,Choroid Plexus
Ndufs3__CPX,Choroid Plexus
Plekhn1__CPX,Choroid Plexus
Krt23__CPX,Choroid Plexus
Stat3__CPX,Choroid Plexus
Nek8__CPX,Choroid Plexus
Armcx2__CPX,Choroid Plexus
Kat8__CPX,Choroid Plexus
Rit1__CPX,Choroid Plexus
Zfp358__CPX,Choroid Plexus
Gm5141__CPX,Choroid Plexus
Amfr__CPX,Choroid Plexus
Fance__CPX,Choroid Plexus
Afg3l1__CPX,Choroid Plexus
Slc25a16__CPX,Choroid Plexus
Acacb__CPX,Choroid Plexus
Mpi__CPX,Choroid Plexus
Fndc3a__CPX,Choroid Plexus
Ruvbl1__CPX,Choroid Plexus
Cltb__CPX,Choroid Plexus
Scp2-ps2__CPX,Choroid Plexus
Ifih1__CPX,Choroid Plexus
Nfyb__CPX,Choroid Plexus
Adck2__CPX,Choroid Plexus
Dok1__CPX,Choroid Plexus
Mtmr2__CPX,Choroid Plexus
C130089K02Rik__CPX,Choroid Plexus
Ada__CPX,Choroid Plexus
Fzr1__CPX,Choroid Plexus
Ndn__CPX,Choroid Plexus
Hsdl2__CPX,Choroid Plexus
Lrp2bp__CPX,Choroid Plexus
Gm15587__CPX,Choroid Plexus
Dcp2__CPX,Choroid Plexus
Cul7__CPX,Choroid Plexus
Rassf4__CPX,Choroid Plexus
Dr1__CPX,Choroid Plexus
Ppp4c__CPX,Choroid Plexus
Mkrn3__CPX,Choroid Plexus
Lama1__CPX,Choroid Plexus
Spen__CPX,Choroid Plexus
Eeig1__CPX,Choroid Plexus
Ints11__CPX,Choroid Plexus
Itch__CPX,Choroid Plexus
Reep2__CPX,Choroid Plexus
Emc3__CPX,Choroid Plexus
Ubc__CPX,Choroid Plexus
Dync2i2__CPX,Choroid Plexus
Dennd2c__CPX,Choroid Plexus
Sncg__CPX,Choroid Plexus
Arl2bp__CPX,Choroid Plexus
Nop16__CPX,Choroid Plexus
Nsg2__CPX,Choroid Plexus
Ap3s2__CPX,Choroid Plexus
Ccpg1__CPX,Choroid Plexus
Cstf2__CPX,Choroid Plexus
Zfp300__CPX,Choroid Plexus
Sema6a__CPX,Choroid Plexus
Id1__CPX,Choroid Plexus
Scrib__CPX,Choroid Plexus
Foxc2__CPX,Choroid Plexus
Dynll1__CPX,Choroid Plexus
Mrps5__CPX,Choroid Plexus
Shc1__CPX,Choroid Plexus
Slc44a1__CPX,Choroid Plexus
Tmem62__CPX,Choroid Plexus
Ndfip1__CPX,Choroid Plexus
Rab11fip5__CPX,Choroid Plexus
Thyn1__CPX,Choroid Plexus
Mtor__CPX,Choroid Plexus
Trappc14__CPX,Choroid Plexus
Map9__CPX,Choroid Plexus
Agrn__CPX,Choroid Plexus
Exph5__CPX,Choroid Plexus
Dap3__CPX,Choroid Plexus
Morn4__CPX,Choroid Plexus
Fcf1__CPX,Choroid Plexus
Ttf1__CPX,Choroid Plexus
Arid2__CPX,Choroid Plexus
Cog8__CPX,Choroid Plexus
Inpp5a__CPX,Choroid Plexus
Pkn2__CPX,Choroid Plexus
4930412C18Rik__CPX,Choroid Plexus
Slc25a13__CPX,Choroid Plexus
Dhx29__CPX,Choroid Plexus
St6galnac4__CPX,Choroid Plexus
Prkaca__CPX,Choroid Plexus
Scyl1__CPX,Choroid Plexus
Zfp219__CPX,Choroid Plexus
Ccnd1__CPX,Choroid Plexus
Mterf4__CPX,Choroid Plexus
Cdr2l__CPX,Choroid Plexus
Thra__CPX,Choroid Plexus
Mfsd2a__CPX,Choroid Plexus
Ilkap__CPX,Choroid Plexus
Smyd2__CPX,Choroid Plexus
Tmem87a__CPX,Choroid Plexus
Atf6b__CPX,Choroid Plexus
Tet1__CPX,Choroid Plexus
Eid2b__CPX,Choroid Plexus
Iqcc__CPX,Choroid Plexus
Msh2__CPX,Choroid Plexus
Psmd8__CPX,Choroid Plexus
Cdkl3__CPX,Choroid Plexus
mt-Cytb__CPX,Choroid Plexus
1110004F10Rik__CPX,Choroid Plexus
Pknox2__CPX,Choroid Plexus
Btbd2__CPX,Choroid Plexus
Bclaf1__CPX,Choroid Plexus
Gin1__CPX,Choroid Plexus
Syt17__CPX,Choroid Plexus
Ppp1r1b__CPX,Choroid Plexus
Gsta3__CPX,Choroid Plexus
Pycr2__CPX,Choroid Plexus
Phf1__CPX,Choroid Plexus
Gm12346__CPX,Choroid Plexus
Mrpl17__CPX,Choroid Plexus
Lpgat1__CPX,Choroid Plexus
Slc25a26__CPX,Choroid Plexus
Zfp879__CPX,Choroid Plexus
Flcn__CPX,Choroid Plexus
Scg5__CPX,Choroid Plexus
Niban1__CPX,Choroid Plexus
Sptan1__CPX,Choroid Plexus
Mfsd3__CPX,Choroid Plexus
Ro60__CPX,Choroid Plexus
Slc17a5__CPX,Choroid Plexus
UNKNOWN__CPX,Choroid Plexus
Telo2__CPX,Choroid Plexus
Copg1__CPX,Choroid Plexus
Arf2__CPX,Choroid Plexus
Fhl1__CPX,Choroid Plexus
Ppp5c__CPX,Choroid Plexus
Mcfd2__CPX,Choroid Plexus
Ccdc18__CPX,Choroid Plexus
Mrpl28__CPX,Choroid Plexus
Nt5m__CPX,Choroid Plexus
Pawr__CPX,Choroid Plexus
Rnf187__CPX,Choroid Plexus
Gpr19__CPX,Choroid Plexus
Pmm2__CPX,Choroid Plexus
Pold1__CPX,Choroid Plexus
Tomm34__CPX,Choroid Plexus
S100a8__CPX,Choroid Plexus
Cep95__CPX,Choroid Plexus
Ddb1__CPX,Choroid Plexus
mt-Nd2__CPX,Choroid Plexus
Tax1bp3__CPX,Choroid Plexus
Lrrc17__CPX,Choroid Plexus
Gas6__CPX,Choroid Plexus
Pdap1__CPX,Choroid Plexus
Jmjd4__CPX,Choroid Plexus
Rock1__CPX,Choroid Plexus
Suz12__CPX,Choroid Plexus
Topbp1__CPX,Choroid Plexus
Emc10__CPX,Choroid Plexus
Rplp1__CPX,Choroid Plexus
Eea1__CPX,Choroid Plexus
Snrnp48__CPX,Choroid Plexus
Rora__CPX,Choroid Plexus
Igfbp2__CPX,Choroid Plexus
Uros__CPX,Choroid Plexus
Smc6__CPX,Choroid Plexus
Zfp78__CPX,Choroid Plexus
Ylpm1__CPX,Choroid Plexus
Slc2a2__CPX,Choroid Plexus
4930556M19Rik__CPX,Choroid Plexus
Gm20052__CPX,Choroid Plexus
Cd47__CPX,Choroid Plexus
Nicol1__CPX,Choroid Plexus
Sesn3__CPX,Choroid Plexus
Adam15__CPX,Choroid Plexus
Ints10__CPX,Choroid Plexus
0610040J01Rik__CPX,Choroid Plexus
Ctsc__CPX,Choroid Plexus
Krcc1__CPX,Choroid Plexus
Aldh9a1__CPX,Choroid Plexus
Gm37219__CPX,Choroid Plexus
Eif3h__CPX,Choroid Plexus
Mx2__CPX,Choroid Plexus
Gm37204__CPX,Choroid Plexus
4921504A21Rik__CPX,Choroid Plexus
Gpr4__CPX,Choroid Plexus
Npepps__CPX,Choroid Plexus
Rmnd5b__CPX,Choroid Plexus
Pqbp1__CPX,Choroid Plexus
Capn15__CPX,Choroid Plexus
Hk1__CPX,Choroid Plexus
Plcb4__CPX,Choroid Plexus
Drc3__CPX,Choroid Plexus
Ap2b1__CPX,Choroid Plexus
Cables2__CPX,Choroid Plexus
Tceanc__CPX,Choroid Plexus
Nol8__CPX,Choroid Plexus
Pdcd4__CPX,Choroid Plexus
Adprh__CPX,Choroid Plexus
Dipk1a__CPX,Choroid Plexus
Gm9920__CPX,Choroid Plexus
Gstm6__CPX,Choroid Plexus
Rwdd3__CPX,Choroid Plexus
Dbpht2__CPX,Choroid Plexus
5730455P16Rik__CPX,Choroid Plexus
Tkt__CPX,Choroid Plexus
Bhlhe41__CPX,Choroid Plexus
Psmd3__CPX,Choroid Plexus
Gprc5c__CPX,Choroid Plexus
Psip1__CPX,Choroid Plexus
Eif3g__CPX,Choroid Plexus
Lrrc8a__CPX,Choroid Plexus
Sntb2__CPX,Choroid Plexus
Gm43360__CPX,Choroid Plexus
Shb__CPX,Choroid Plexus
Tada1__CPX,Choroid Plexus
Ccdc88a__CPX,Choroid Plexus
Zfp768__CPX,Choroid Plexus
Arid4a__CPX,Choroid Plexus
Guk1__CPX,Choroid Plexus
Ino80c__CPX,Choroid Plexus
Rpl37__CPX,Choroid Plexus
Top1__CPX,Choroid Plexus
Dstn__CPX,Choroid Plexus
Atp6v1f__CPX,Choroid Plexus
Cldn22__CPX,Choroid Plexus
Ube2m__CPX,Choroid Plexus
Atp5me__CPX,Choroid Plexus
Tmem161b__CPX,Choroid Plexus
Gm2445__CPX,Choroid Plexus
Synm__CPX,Choroid Plexus
Tpr__CPX,Choroid Plexus
Tspan9__CPX,Choroid Plexus
Ikzf5__CPX,Choroid Plexus
Snora35__CPX,Choroid Plexus
Dpysl4__CPX,Choroid Plexus
Txnrd2__CPX,Choroid Plexus
Tnfrsf1b__CPX,Choroid Plexus
Josd1__CPX,Choroid Plexus
Cct4__CPX,Choroid Plexus
Frg1__CPX,Choroid Plexus
Tmem80__CPX,Choroid Plexus
Clpp__CPX,Choroid Plexus
Sh3bgrl__CPX,Choroid Plexus
Zfp654__CPX,Choroid Plexus
Imp3__CPX,Choroid Plexus
Bcl7a__CPX,Choroid Plexus
Ndufa8__CPX,Choroid Plexus
Nipbl__CPX,Choroid Plexus
Brd4__CPX,Choroid Plexus
Phf3__CPX,Choroid Plexus
Camsap2__CPX,Choroid Plexus
Slc22a17__CPX,Choroid Plexus
Ola1__CPX,Choroid Plexus
Dlgap4__CPX,Choroid Plexus
Fhad1__CPX,Choroid Plexus
Tomm22__CPX,Choroid Plexus
Zic2__CPX,Choroid Plexus
Gpr162__CPX,Choroid Plexus
Baz1b__CPX,Choroid Plexus
Smc4__CPX,Choroid Plexus
Tnfsf13os__CPX,Choroid Plexus
Zfp217__CPX,Choroid Plexus
9530026P05Rik__CPX,Choroid Plexus
Rab5c__CPX,Choroid Plexus
2810021J22Rik__CPX,Choroid Plexus
Rnasel__CPX,Choroid Plexus
Ash1l__CPX,Choroid Plexus
A430108G06Rik__CPX,Choroid Plexus
Ide__CPX,Choroid Plexus
Zbtb11os1__CPX,Choroid Plexus
2410124H12Rik__CPX,Choroid Plexus
Ralgapa2__CPX,Choroid Plexus
Ilvbl__CPX,Choroid Plexus
Entpd6__CPX,Choroid Plexus
Parvg__CPX,Choroid Plexus
Rad50__CPX,Choroid Plexus
Fxr1__CPX,Choroid Plexus
Npat__CPX,Choroid Plexus
C130021I20Rik__CPX,Choroid Plexus
Pten__CPX,Choroid Plexus
Shfl__CPX,Choroid Plexus
Ptk2b__CPX,Choroid Plexus
Rif1__CPX,Choroid Plexus
Nprl2__CPX,Choroid Plexus
Dlg4__CPX,Choroid Plexus
Tmem184c__CPX,Choroid Plexus
Ganab__CPX,Choroid Plexus
Rad54l2__CPX,Choroid Plexus
Gm19817__CPX,Choroid Plexus
Nit2__CPX,Choroid Plexus
Mansc4__CPX,Choroid Plexus
Setbp1__CPX,Choroid Plexus
Cerkl__CPX,Choroid Plexus
Gm4017__CPX,Choroid Plexus
Kif21a__CPX,Choroid Plexus
Ube2q2__CPX,Choroid Plexus
Pard6a__CPX,Choroid Plexus
Ccdc186__CPX,Choroid Plexus
Iba57__CPX,Choroid Plexus
Trpc4ap__CPX,Choroid Plexus
Eipr1__CPX,Choroid Plexus
Spata13__CPX,Choroid Plexus
Haus4__CPX,Choroid Plexus
Bnip1__CPX,Choroid Plexus
Glod4__CPX,Choroid Plexus
Tatdn2__CPX,Choroid Plexus
Cnnm4__CPX,Choroid Plexus
Tubgcp2__CPX,Choroid Plexus
Ptges3__CPX,Choroid Plexus
Tppp3__CPX,Choroid Plexus
Crygn__CPX,Choroid Plexus
Ifi209__CPX,Choroid Plexus
Kif21b__CPX,Choroid Plexus
Tmem203__CPX,Choroid Plexus
Cyren__CPX,Choroid Plexus
Brd2__CPX,Choroid Plexus
Sufu__CPX,Choroid Plexus
Gm1976__CPX,Choroid Plexus
Chdh__CPX,Choroid Plexus
Rgs7__CPX,Choroid Plexus
Tgfb1i1__CPX,Choroid Plexus
Wrn__CPX,Choroid Plexus
Rtkn__CPX,Choroid Plexus
Gm17530__CPX,Choroid Plexus
Mef2a__CPX,Choroid Plexus
Net1__CPX,Choroid Plexus
Plscr2__CPX,Choroid Plexus
Pfn1__CPX,Choroid Plexus
Micall2__CPX,Choroid Plexus
Cebpa__CPX,Choroid Plexus
Zfp760__CPX,Choroid Plexus
Rec8__CPX,Choroid Plexus
Psmg3__CPX,Choroid Plexus
BC065397__CPX,Choroid Plexus
Dcxr__CPX,Choroid Plexus
Men1__CPX,Choroid Plexus
Arrdc4__CPX,Choroid Plexus
Adamtsl1__CPX,Choroid Plexus
Gm43513__CPX,Choroid Plexus
Tmem167__CPX,Choroid Plexus
Shoc2__CPX,Choroid Plexus
Stk33__CPX,Choroid Plexus
Mtrex__CPX,Choroid Plexus
Tbc1d2__CPX,Choroid Plexus
Gmppa__CPX,Choroid Plexus
Gm38380__CPX,Choroid Plexus
Pdlim1__CPX,Choroid Plexus
Lrrc75b__CPX,Choroid Plexus
Prpf3__CPX,Choroid Plexus
Pigyl__CPX,Choroid Plexus
Src__CPX,Choroid Plexus
Ipo4__CPX,Choroid Plexus
Zswim5__CPX,Choroid Plexus
Gm42463__CPX,Choroid Plexus
Arhgef7__CPX,Choroid Plexus
Fastk__CPX,Choroid Plexus
Selenon__CPX,Choroid Plexus
Zcchc17__CPX,Choroid Plexus
Cracr2b__CPX,Choroid Plexus
Ncoa5__CPX,Choroid Plexus
Utp4__CPX,Choroid Plexus
Ripply3__CPX,Choroid Plexus
4930579K19Rik__CPX,Choroid Plexus
Zfp646__CPX,Choroid Plexus
Gpr65__CPX,Choroid Plexus
Dynlt1f__CPX,Choroid Plexus
1700018L02Rik__CPX,Choroid Plexus
Usp33__CPX,Choroid Plexus
Pheta1__CPX,Choroid Plexus
Kras__CPX,Choroid Plexus
Art4__CPX,Choroid Plexus
Casz1__CPX,Choroid Plexus
Cmc4__CPX,Choroid Plexus
Dusp28__CPX,Choroid Plexus
Mrps34__CPX,Choroid Plexus
Ptrh1__CPX,Choroid Plexus
Lurap1__CPX,Choroid Plexus
Preb__CPX,Choroid Plexus
Exoc1__CPX,Choroid Plexus
4930444P10Rik__CPX,Choroid Plexus
Retreg3__CPX,Choroid Plexus
Dbndd1__CPX,Choroid Plexus
Mospd3__CPX,Choroid Plexus
Dock10__CPX,Choroid Plexus
Ripk2__CPX,Choroid Plexus
Fhod3__CPX,Choroid Plexus
Adrb3__CPX,Choroid Plexus
Cfap46__CPX,Choroid Plexus
Acot6__CPX,Choroid Plexus
Papss1__CPX,Choroid Plexus
Ctr9__CPX,Choroid Plexus
Alx3__CPX,Choroid Plexus
Hmgb2__CPX,Choroid Plexus
Wdr6__CPX,Choroid Plexus
Faap24__CPX,Choroid Plexus
Mtf1__CPX,Choroid Plexus
Etohd2__CPX,Choroid Plexus
Bvht__CPX,Choroid Plexus
Dpp10__CPX,Choroid Plexus
1700007L15Rik__CPX,Choroid Plexus
Mrps22__CPX,Choroid Plexus
Ccdc180__CPX,Choroid Plexus
Polr1c__CPX,Choroid Plexus
Isg15__CPX,Choroid Plexus
Usp48__CPX,Choroid Plexus
Elmo2__CPX,Choroid Plexus
Mthfd1l__CPX,Choroid Plexus
Gxylt1__CPX,Choroid Plexus
Chchd7__CPX,Choroid Plexus
Prkn__CPX,Choroid Plexus
Tsc22d1__CPX,Choroid Plexus
4933439K11Rik__CPX,Choroid Plexus
Hdgfl3__CPX,Choroid Plexus
Tagln2__CPX,Choroid Plexus
B130034C11Rik__CPX,Choroid Plexus
Ints5__CPX,Choroid Plexus
Junb__CPX,Choroid Plexus
Inpp4a__CPX,Choroid Plexus
Bloc1s1__CPX,Choroid Plexus
Ccar1__CPX,Choroid Plexus
Mpnd__CPX,Choroid Plexus
Acbd4__CPX,Choroid Plexus
Dlg3__CTX,Cortex
Heatr6__CTX,Cortex
Cfp__CTX,Cortex
Tulp3__CTX,Cortex
Ddt__CTX,Cortex
Ccdc97__CTX,Cortex
Plekha3__CTX,Cortex
Kdelr1__CTX,Cortex
Atg4d__CTX,Cortex
Arrdc2__CTX,Cortex
Etv3__CTX,Cortex
St8sia6__CTX,Cortex
Nosip__CTX,Cortex
Bicd1__CTX,Cortex
Ercc1__CTX,Cortex
Rpl8__CTX,Cortex
Hmox2__CTX,Cortex
Etv1__CTX,Cortex
Emg1__CTX,Cortex
Utp20__CTX,Cortex
9330159F19Rik__CTX,Cortex
Gab2__CTX,Cortex
Tmem242__CTX,Cortex
Slc1a2__CTX,Cortex
Pard6a__CTX,Cortex
Apc__CTX,Cortex
Tbcb__CTX,Cortex
Kmt2b__CTX,Cortex
Rps9__CTX,Cortex
Tcf23__CTX,Cortex
Psmd2__CTX,Cortex
Dqx1__CTX,Cortex
Sdhb__CTX,Cortex
Trpv4__CTX,Cortex
Fam120b__CTX,Cortex
Nol3__CTX,Cortex
Lpl__CTX,Cortex
Sqstm1__CTX,Cortex
Stk32c__CTX,Cortex
E2f3__CTX,Cortex
Mtif3__CTX,Cortex
Mrps18c__CTX,Cortex
Plcg1__CTX,Cortex
Etaa1__CTX,Cortex
Rarb__CTX,Cortex
Atad5__CTX,Cortex
Med13l__CTX,Cortex
Gdf9__CTX,Cortex
Appbp2__CTX,Cortex
Aatf__CTX,Cortex
Ywhah__CTX,Cortex
Dalrd3__CTX,Cortex
Ubb__CTX,Cortex
Mydgf__CTX,Cortex
L3hypdh__CTX,Cortex
Rgs17__CTX,Cortex
Pex3__CTX,Cortex
Rab36__CTX,Cortex
Vps13d__CTX,Cortex
Mdh1__CTX,Cortex
Patz1__CTX,Cortex
Cyria__CTX,Cortex
Sdc1__CTX,Cortex
Dus4l__CTX,Cortex
Dnmt3a__CTX,Cortex
Cdc27__CTX,Cortex
Grin2c__CTX,Cortex
Unk__CTX,Cortex
Mxra7__CTX,Cortex
Mia2__CTX,Cortex
Spata7__CTX,Cortex
Ttc8__CTX,Cortex
Serpina3n__CTX,Cortex
Erh__CTX,Cortex
Trip11__CTX,Cortex
Fdft1__CTX,Cortex
Kif26a__CTX,Cortex
Habp4__CTX,Cortex
Fam193b__CTX,Cortex
Cxcl14__CTX,Cortex
Mterf3__CTX,Cortex
Cast__CTX,Cortex
Ankra2__CTX,Cortex
Erbin__CTX,Cortex
Ogdhl__CTX,Cortex
Slc22a17__CTX,Cortex
Carmil3__CTX,Cortex
Psme1__CTX,Cortex
Sdr39u1__CTX,Cortex
Ndufb9__CTX,Cortex
Col14a1__CTX,Cortex
Adsl__CTX,Cortex
Shisa9__CTX,Cortex
Nudt16l1__CTX,Cortex
Fgf12__CTX,Cortex
Cep97__CTX,Cortex
Klhl22__CTX,Cortex
Lrch3__CTX,Cortex
Ece2__CTX,Cortex
Brwd1__CTX,Cortex
Paxbp1__CTX,Cortex
Scaf4__CTX,Cortex
Larp4__CTX,Cortex
Ndufa5__CTX,Cortex
Rhebl1__CTX,Cortex
Ndufv3__CTX,Cortex
Clip4__CTX,Cortex
Pja2__CTX,Cortex
Zfp523__CTX,Cortex
Mtpap__CTX,Cortex
Svil__CTX,Cortex
Mib1__CTX,Cortex
Sting1__CTX,Cortex
Spata24__CTX,Cortex
Stard4__CTX,Cortex
Map3k2__CTX,Cortex
Iws1__CTX,Cortex
Csnk2b__CTX,Cortex
Impact__CTX,Cortex
Fads2__CTX,Cortex
Tmem138__CTX,Cortex
Naa40__CTX,Cortex
Pcx__CTX,Cortex
Drap1__CTX,Cortex
Xpnpep1__CTX,Cortex
Btbd1__CTX,Cortex
Arhgap19__CTX,Cortex
Flnb__CTX,Cortex
Sp4__CTX,Cortex
Gdf11__CTX,Cortex
Rps26__CTX,Cortex
Chmp6__CTX,Cortex
Pstpip2__CTX,Cortex
Gaa__CTX,Cortex
Rab40c__CTX,Cortex
Gdap1__CTX,Cortex
Dhtkd1__CTX,Cortex
Thoc3__CTX,Cortex
Gria4__CTX,Cortex
Carf__CTX,Cortex
Gls__CTX,Cortex
Spp2__CTX,Cortex
Cdc73__CTX,Cortex
Ptpn4__CTX,Cortex
Steap3__CTX,Cortex
Csrp1__CTX,Cortex
Tor1aip1__CTX,Cortex
Xpr1__CTX,Cortex
Cdc42bpa__CTX,Cortex
Trp53bp2__CTX,Cortex
Atp1b1__CTX,Cortex
Soat1__CTX,Cortex
Rgs5__CTX,Cortex
Lypd6b__CTX,Cortex
Spopl__CTX,Cortex
Slc25a12__CTX,Cortex
Sp3__CTX,Cortex
Lrp4__CTX,Cortex
Vps39__CTX,Cortex
Knstrn__CTX,Cortex
Cpxm1__CTX,Cortex
Mrgbp__CTX,Cortex
Mmp24__CTX,Cortex
Rpn2__CTX,Cortex
Slc7a11__CTX,Cortex
Casq2__CTX,Cortex
Sypl2__CTX,Cortex
Ctso__CTX,Cortex
Iqgap3__CTX,Cortex
Lrba__CTX,Cortex
Zranb2__CTX,Cortex
Nans__CTX,Cortex
Plin2__CTX,Cortex
Plpp3__CTX,Cortex
Pum1__CTX,Cortex
Ybx1__CTX,Cortex
Macf1__CTX,Cortex
Ptch2__CTX,Cortex
Ccdc28b__CTX,Cortex
Yars1__CTX,Cortex
Extl1__CTX,Cortex
Mfn2__CTX,Cortex
Dnajb6__CTX,Cortex
Glmn__CTX,Cortex
Brdt__CTX,Cortex
Tfip11__CTX,Cortex
Asphd2__CTX,Cortex
Fam168a__CTX,Cortex
Gigyf1__CTX,Cortex
Dusp11__CTX,Cortex
Zfp638__CTX,Cortex
Wbp1__CTX,Cortex
Ift122__CTX,Cortex
Psd3__CTX,Cortex
Mtmr10__CTX,Cortex
Furin__CTX,Cortex
Sgf29__CTX,Cortex
Ppme1__CTX,Cortex
Sh2b1__CTX,Cortex
Spns1__CTX,Cortex
Fadd__CTX,Cortex
Cul4b__CTX,Cortex
Rpgr__CTX,Cortex
Heph__CTX,Cortex
Chic1__CTX,Cortex
Mtm1__CTX,Cortex
Psmd10__CTX,Cortex
Eif4ebp1__CTX,Cortex
Wwc2__CTX,Cortex
Msmo1__CTX,Cortex
Nr3c2__CTX,Cortex
Nek1__CTX,Cortex
Rfx1__CTX,Cortex
Bean1__CTX,Cortex
Vps4a__CTX,Cortex
Cfdp1__CTX,Cortex
Zpr1__CTX,Cortex
Dock6__CTX,Cortex
Phip__CTX,Cortex
Nptn__CTX,Cortex
Rasa2__CTX,Cortex
Me1__CTX,Cortex
Cmtm7__CTX,Cortex
Trib1__CTX,Cortex
Lyzl4__CTX,Cortex
Nphp3__CTX,Cortex
Mrpl3__CTX,Cortex
Nicn1__CTX,Cortex
Mier3__CTX,Cortex
Cep15__CTX,Cortex
Ndn__CTX,Cortex
Map3k13__CTX,Cortex
Cep350__CTX,Cortex
Smyd5__CTX,Cortex
Rpap2__CTX,Cortex
Gde1__CTX,Cortex
Skic3__CTX,Cortex
Gpbp1l1__CTX,Cortex
Phka1__CTX,Cortex
Tmem132c__CTX,Cortex
Cops8__CTX,Cortex
Pkd2__CTX,Cortex
Dgkh__CTX,Cortex
Rab24__CTX,Cortex
Mrpl34__CTX,Cortex
Arhgap5__CTX,Cortex
Vps13c__CTX,Cortex
L3mbtl1__CTX,Cortex
Tsen34__CTX,Cortex
Lrfn5__CTX,Cortex
Ppp1r26__CTX,Cortex
Atosb__CTX,Cortex
Slf2__CTX,Cortex
Dipk1b__CTX,Cortex
Slc18a1__CTX,Cortex
Sec24a__CTX,Cortex
Thap11__CTX,Cortex
Rnf13__CTX,Cortex
Phpt1__CTX,Cortex
Alg5__CTX,Cortex
Zcchc12__CTX,Cortex
Mrpl41__CTX,Cortex
4921524J17Rik__CTX,Cortex
Zdhhc9__CTX,Cortex
Ss18__CTX,Cortex
Fam91a1__CTX,Cortex
Dmxl1__CTX,Cortex
Ubr5__CTX,Cortex
Atp8a1__CTX,Cortex
Ddhd1__CTX,Cortex
Nufip2__CTX,Cortex
Ankrd9__CTX,Cortex
Kmt2c__CTX,Cortex
Crygn__CTX,Cortex
Notch3__CTX,Cortex
Prdm1__CTX,Cortex
Scarf1__CTX,Cortex
Bend3__CTX,Cortex
Atg9b__CTX,Cortex
Kcnh2__CTX,Cortex
Mllt6__CTX,Cortex
Spsb2__CTX,Cortex
Dock10__CTX,Cortex
Atp5mf__CTX,Cortex
Kdm3b__CTX,Cortex
Ascc3__CTX,Cortex
Sema6c__CTX,Cortex
Rsad1__CTX,Cortex
Zc3hc1__CTX,Cortex
Minar1__CTX,Cortex
Hlx__CTX,Cortex
Tnrc18__CTX,Cortex
Lmbrd2__CTX,Cortex
Plekhg5__CTX,Cortex
Cfap69__CTX,Cortex
Sox30__CTX,Cortex
Manea__CTX,Cortex
Abhd11__CTX,Cortex
Oaz2__CTX,Cortex
Rad54l2__CTX,Cortex
Appl1__CTX,Cortex
Arhgef1__CTX,Cortex
Wwp1__CTX,Cortex
Osgin2__CTX,Cortex
Hspb8__CTX,Cortex
Tmtc4__CTX,Cortex
Klf8__CTX,Cortex
Fcho2__CTX,Cortex
Rpl37__CTX,Cortex
Kank3__CTX,Cortex
Grk3__CTX,Cortex
Ehbp1__CTX,Cortex
Rbm7__CTX,Cortex
Zmym6__CTX,Cortex
Dctpp1__CTX,Cortex
Prdm10__CTX,Cortex
Dmtf1__CTX,Cortex
Fam199x__CTX,Cortex
Krtcap2__CTX,Cortex
Pigv__CTX,Cortex
Hexim2__CTX,Cortex
Zbtb37__CTX,Cortex
Mgat5b__CTX,Cortex
Zfp469__CTX,Cortex
Bclaf3__CTX,Cortex
Kcnj4__CTX,Cortex
Setd2__CTX,Cortex
D630023F18Rik__CTX,Cortex
H1f10__CTX,Cortex
Fzd5__CTX,Cortex
Tubg2__CTX,Cortex
Vcpip1__CTX,Cortex
Tmem104__CTX,Cortex
Eid2__CTX,Cortex
Patl1__CTX,Cortex
Tmem229b__CTX,Cortex
Vps13a__CTX,Cortex
Nxph3__CTX,Cortex
Emc6__CTX,Cortex
Zbtb44__CTX,Cortex
Cmya5__CTX,Cortex
Gphn__CTX,Cortex
Slc38a9__CTX,Cortex
Ankrd16__CTX,Cortex
Kmt2d__CTX,Cortex
Zfp738__CTX,Cortex
Ccdc169__CTX,Cortex
Gm8186__CTX,Cortex
Zbtb45__CTX,Cortex
Nudt6__CTX,Cortex
Snip1__CTX,Cortex
Synpo2__CTX,Cortex
Mir9-2hg__CTX,Cortex
B230217C12Rik__CTX,Cortex
Zscan29__CTX,Cortex
Serpinb1b__CTX,Cortex
Pcmtd1__CTX,Cortex
Nlgn2__CTX,Cortex
Senp7__CTX,Cortex
Jam2__CTX,Cortex
Tcf4__CTX,Cortex
Mast1__CTX,Cortex
Fpgt__CTX,Cortex
Srcap__CTX,Cortex
Fra10ac1__CTX,Cortex
Gimap4__CTX,Cortex
Tle5__CTX,Cortex
Adam10__CTX,Cortex
Hmgb2__CTX,Cortex
Vmac__CTX,Cortex
Ep300__CTX,Cortex
Mrfap1__CTX,Cortex
Maf__CTX,Cortex
Klhl26__CTX,Cortex
R3hdm1__CTX,Cortex
Med12l__CTX,Cortex
Pign__CTX,Cortex
Fry__CTX,Cortex
H2bc27__CTX,Cortex
Mpp7__CTX,Cortex
Cyb5d2__CTX,Cortex
Idi1__CTX,Cortex
Rpl28-ps1__CTX,Cortex
Tubb2a__CTX,Cortex
Nap1l1__CTX,Cortex
Col13a1__CTX,Cortex
Col25a1__CTX,Cortex
Hopx__CTX,Cortex
Ptk2b__CTX,Cortex
Cfap418__CTX,Cortex
Taf1b__CTX,Cortex
Nrm__CTX,Cortex
Zfp74__CTX,Cortex
Scrt2__CTX,Cortex
Ap2a1__CTX,Cortex
Samd5__CTX,Cortex
Tnfrsf19__CTX,Cortex
H3f3a__CTX,Cortex
Exoc5__CTX,Cortex
Itgb1bp1__CTX,Cortex
Kcnma1__CTX,Cortex
B9d2__CTX,Cortex
Krt73__CTX,Cortex
Brwd3__CTX,Cortex
Pepd__CTX,Cortex
Med18__CTX,Cortex
Cntnap5b__CTX,Cortex
Gm10221__CTX,Cortex
Rtl8b__CTX,Cortex
Cry2__CTX,Cortex
Urm1__CTX,Cortex
Nkain2__CTX,Cortex
Tmem100__CTX,Cortex
Msi2__CTX,Cortex
Rom1__CTX,Cortex
Mpst__CTX,Cortex
C030034I22Rik__CTX,Cortex
Rpl31__CTX,Cortex
4930513N10Rik__CTX,Cortex
Chst14__CTX,Cortex
Heg1__CTX,Cortex
UNKNOWN_1454__CTX,Cortex
Ppil6__CTX,Cortex
Alkbh1__CTX,Cortex
Neu2__CTX,Cortex
Slc2a4rg-ps__CTX,Cortex
C030013C21Rik__CTX,Cortex
Ascl4__CTX,Cortex
Gm15513__CTX,Cortex
Ftx__CTX,Cortex
5330413P13Rik__CTX,Cortex
Tmem250__CTX,Cortex
Cbx6__CTX,Cortex
Tarbp1__CTX,Cortex
Fsbp__CTX,Cortex
Muc3a__CTX,Cortex
Gm3764__CTX,Cortex
Gm26592__CTX,Cortex
Gm26691__CTX,Cortex
6430511E19Rik__CTX,Cortex
Gm37258__CTX,Cortex
C130023A14Rik__CTX,Cortex
Gm37124__CTX,Cortex
Gm37834__CTX,Cortex
Gm38217__CTX,Cortex
Gm37420__CTX,Cortex
Gm37452__CTX,Cortex
Gm37941__CTX,Cortex
Gm37397__CTX,Cortex
Gm43009__CTX,Cortex
Gm43795__CTX,Cortex
L-Serine__FEC,Feces
17-alpha-Hydroxypregnenolone__FEC,Feces
L-(-)-Sorbofuranose__FEC,Feces
Uracil__FEC,Feces
"Hexadecanoic acid, 4-hydroxybutyl ester__FEC",Feces
4-Pyridinol__FEC,Feces
5-Hydroxymethyl-2-furoic acid__FEC,Feces
beta-Arabinopyranose__FEC,Feces
Thymidine__FEC,Feces
Cholesterol__FEC,Feces
"Propanoic acid, 2-oxo__FEC",Feces
13-Docosenamide__FEC,Feces
Pyridoxic acid__FEC,Feces
3-(3-Hydroxyphenyl)propanoic acid__FEC,Feces
"Xylonic acid, delta-lactone__FEC",Feces
Butanedioic acid__FEC,Feces
4-Hydroxybutanoic acid__FEC,Feces
Pimelic acid__FEC,Feces
"2-Pentenedioic acid, 2-hydroxy-__FEC",Feces
Phloretic acid__FEC,Feces
4-Methyl-5-thiazoleethanol__FEC,Feces
Nonanoic acid__FEC,Feces
"(4,4-Dimethyl-5-methylene-4,5-dihydro-3H-pyrrol-2-yl)-(4,4-dimethyl-5-methylene-pyrrolidin-2-ylidene)-acetonitrile__FEC",Feces
"beta-D-Galactopyranoside, methyl-, acetate__FEC",Feces
Aconitic acid__FEC,Feces
trans-Coniferryl alchool__FEC,Feces
L-Norvaline__FEC,Feces
1-Octanol__FEC,Feces
3-Methyl-2-furoic acid__FEC,Feces
Methyl 2-acetamido-2-deoxy-3-O-methyl-alpha-D-galactopyranoside__FEC,Feces
Xylose__FEC,Feces
L-Leucine__FEC,Feces
Citric acid__FEC,Feces
12-Oxooctadecanoate__FEC,Feces
8-Hydroxy-5-(hydroxymethyl)quinoline__FEC,Feces
"Acetamide, N-(2-butyl)-N-methyl-__FEC",Feces
Menthol__FEC,Feces
Uridine__FEC,Feces
"1,7-Dimethyl-4-(1-methylethyl)cyclodecane__FEC",Feces
Arabinitol__FEC,Feces
"3-Hydroxy-2,3-dihydromaltol__FEC",Feces
Ribonic acid__FEC,Feces
1-Hexanol__FEC,Feces
Ethanamine__FEC,Feces
Hexacosanoic acid__FEC,Feces
"Butanoic acid, 3,4-dihydroxy-__FEC",Feces
2-Palmitoylglycerol__FEC,Feces
"(2,2-Dimethyl-5-[2-(2-ethoxymethoxy)propyl][1,3]dioxolan-4-yl)methanol__FEC",Feces
4-Hydroxyphenyllactic acid__FEC,Feces
Glycerol__FEC,Feces
Xylazine__FEC,Feces
3-Pyridylcarbinol__FEC,Feces
L-Aspartic acid__FEC,Feces
Supraene__FEC,Feces
Salsoline__FEC,Feces
Suberic acid__FEC,Feces
Itaconic acid__FEC,Feces
Methylmaleic acid__FEC,Feces
D-(-)-Fructopyranose__FEC,Feces
L-Proline__FEC,Feces
"1H-Indole-2-carboxylic acid, 5-ethyl-1-(trimethylsilyl)__FEC",Feces
Norketamine__FEC,Feces
l-Leucyl-l-valine__FEC,Feces
"cis-4,5-Dihydroxy-o-dithiane__FEC",Feces
9-Octadecenamide__FEC,Feces
Vanillin__FEC,Feces
2-Pyrrolidinone__FEC,Feces
"N-Acetyl-D-galactosamine, (R,R,R,R)__FEC",Feces
pyrazole__FEC,Feces
Pentanedioic acid__FEC,Feces
"Trimethylsilyl (5-benzyl-3,6-dioxopiperazin-2-yl)acetate__FEC",Feces
"Pentitol, 3-desoxy__FEC",Feces
3-O-methyl-beta-D-Glucopyranose__FEC,Feces
D-(-)-Fructofuranose__FEC,Feces
Ethyl alpha-D-glucopyranoside__FEC,Feces
Urea__FEC,Feces
2-Aminobutanoic acid__FEC,Feces
Hydroquinone__FEC,Feces
N-Methyl-L-proline__FEC,Feces
D-Psicofuranose__FEC,Feces
D-Fructose__FEC,Feces
Azelaic acid__FEC,Feces
3-Aminobutanoic acid__FEC,Feces
"2,4-Di-tert-butylphenol__FEC",Feces
Arabinose__FEC,Feces
Dihydroxyacetone__FEC,Feces
alpha-Linolenic acid__FEC,Feces
Deoxyribopyranose__FEC,Feces
Decyl oleate__FEC,Feces
Campesterol__FEC,Feces
Monomethyl succinate__FEC,Feces
Erythritol__FEC,Feces
3-Buten-2-one__FEC,Feces
5-Oxohexanoic Acid__FEC,Feces
"Arabinofuranose, 1,2,3,5-tetrakis__FEC",Feces
1-Tetracosene__FEC,Feces
Glyceric acid__FEC,Feces
Cyclohexanol__FEC,Feces
alpha-L-(-)-Fucopyranose__FEC,Feces
Tripropylene glycol monomethyl ether__FEC,Feces
"2,5-Dimethoxybenzhydrazide__FEC",Feces
Deoxyglucose__FEC,Feces
Octanoic acid__FEC,Feces
L-Glutamine__FEC,Feces
Sebacic acid__FEC,Feces
Deoxycholic Acid__FEC,Feces
"Hexadecanoic acid, tetradecyl ester__FEC",Feces
Hymexazole__FEC,Feces
"5-Androsten-17alpha-methyl-3beta,17beta-diol__PLS",Plasma
"3,4-dimethyl-5-(3,4-methylenedioxy)phenyloxazolidine__PLS",Plasma
Benzeneacetamide__PLS,Plasma
"1,3-bis[(Trimethylsilyl)ethynyl]benzene__PLS",Plasma
L-Threitol__PLS,Plasma
Salsoline__PLS,Plasma
1-Hexanol__PLS,Plasma
Methyl isovanillate__PLS,Plasma
Octanoic acid__PLS,Plasma
"(2S,3R)-3-[(4E,7E)-Nona-4,7-dienoyl]-N,N-bis(trimethylsilyl)oxirane-2-carboxamide__PLS",Plasma
Boric acid__PLS,Plasma
"1,5-Anhydroglucitol__PLS",Plasma
12-Hydroxyoctadecanoic acid__PLS,Plasma
L-Norleucine__PLS,Plasma
Arabinaric acid__PLS,Plasma
Dimethyl fumarate__PLS,Plasma
"2,5-Dimethoxybenzonitrile__PLS",Plasma
"Acetamide, N,N-diethyl-__PLS",Plasma
"N-isobutyl-2-(trimethylsilyloxy]-4,5-dihydro-1H-imidazole-1-carboxamide__PLS",Plasma
"7-Isoquinolinol, 1,2,3,4-tetrahydro-1-[(4-hydroxyphenyl)methyl]-6-methoxy-__PLS",Plasma
l-Histidine ethyl ester__PLS,Plasma
"Pentanedioic acid, 2-[(trimethylsilyl)oxy]-__PLS",Plasma
Cyclo-(l-leucyl-l-phenylalanyl)__PLS,Plasma
Citric acid__PLS,Plasma
"1,3-Dioxane-4-methanol, 4,5-dimethyl-__PLS",Plasma
"Pyrazine, 3,6-dihydro-3,6-dimethyl-__PLS",Plasma
"3,4-Dihydroxymandelic acid, ethyl ester__PLS",Plasma
Xylose__PLS,Plasma
5-Ethyluracil__PLS,Plasma
"D-Erythro-Pentofuranose, 2-deoxy-1,3-bis-O-__PLS",Plasma
6-Hydroxyflavone-beta-D-glucoside__PLS,Plasma
Phthalazin-1-one__PLS,Plasma
"O-Methyl-N,N'-diisopropylisourea__PLS",Plasma
"2',2,3,6'-Tetramethoxychalcone__PLS",Plasma
Phenylpropanolamine__PLS,Plasma
Gln-Ala__PLS,Plasma
"Talonic acid, gamma-lactone__PLS",Plasma
"D-(-)-Lyxose, tetrakis__PLS",Plasma
1-Hexacosene__FEC,Feces
"1,4-Butanediol__FEC",Feces
D-Ribose__FEC,Feces
"1,3-Dioxane, 2,2-dimethyl-5-hydroxy-__FEC",Feces
"D-Erythro-Pentofuranose, 2-deoxy-1,3-bis-O-posphate__FEC",Feces
Phloroglucinol__FEC,Feces
"1-Propanamine, N,N-diethyl-__FEC",Feces
Isonicotinic Acid__FEC,Feces
Irf3__CPX,Choroid Plexus
Errfi1__CPX,Choroid Plexus
Dusp1__CPX,Choroid Plexus
Cdh4__CPX,Choroid Plexus
E2f2__CPX,Choroid Plexus
Mrps24__CPX,Choroid Plexus
Capn2__CPX,Choroid Plexus
Pfas__CPX,Choroid Plexus
Aldh1l1__CPX,Choroid Plexus
Tbck__CPX,Choroid Plexus
Cxxc4__CPX,Choroid Plexus
Meaf6__CPX,Choroid Plexus
Kif22__CPX,Choroid Plexus
Trabd__CPX,Choroid Plexus
Ndufaf1__CPX,Choroid Plexus
Perm1__CPX,Choroid Plexus
Icam4__CPX,Choroid Plexus
Mex3a__CPX,Choroid Plexus
Lgr4__CPX,Choroid Plexus
Smurf1__CPX,Choroid Plexus
Sfi1__CPX,Choroid Plexus
Sympk__CPX,Choroid Plexus
Atrazine desethyl__PLS,Plasma
L-Cysteine__PLS,Plasma
Xylitol__PLS,Plasma
2-Aminobutanoic acid__PLS,Plasma
"D-(+)-Talofuranose, pentakis__PLS",Plasma
9-Hexadecenoic acid__PLS,Plasma
Carfentrazone-ethyl__PLS,Plasma
Doconexent__PLS,Plasma
Ser-Leu__PLS,Plasma
Stearic acid__PLS,Plasma
"Thiazolo[4,5-f]quinoline, 2,9-dimethyl-__PLS",Plasma
B230398E01Rik__CTX,Cortex
Dap3__CTX,Cortex
Mto1__CTX,Cortex
UNKNOWN_1473__CTX,Cortex
Gm12999__CTX,Cortex
Pcdha8__CTX,Cortex
Gm3687__CTX,Cortex
Gm43311__CTX,Cortex
Rasa4__CTX,Cortex
Sall1__CTX,Cortex
Rnaset2b__CTX,Cortex
Myct1__CTX,Cortex
Zfp704__CTX,Cortex
Gm42837__CTX,Cortex
Eps8l2__CTX,Cortex
Abca4__CTX,Cortex
Smco3__CTX,Cortex
Ip6k2__CTX,Cortex
Gm28523__CTX,Cortex
Gm13340__CTX,Cortex
Nudt2__CTX,Cortex
Srprb__CTX,Cortex
Gh__CTX,Cortex
Gm43066__CTX,Cortex
Gm43176__CTX,Cortex
Gm43420__CTX,Cortex
Il10ra__CTX,Cortex
Trp53i13__CTX,Cortex
Gm42989__CTX,Cortex
UNKNOWN_1531__CTX,Cortex
Neu1__CTX,Cortex
Gm26652__CTX,Cortex
Sigirr__CTX,Cortex
Tmem232__CTX,Cortex
Ctu1__CTX,Cortex
Zfp869__CTX,Cortex
Gm38077__CTX,Cortex
Ccnyl1__CTX,Cortex
Gm42853__CTX,Cortex
Gm38104__CTX,Cortex
Wdr47__CTX,Cortex
Trdmt1__CTX,Cortex
Gm15542__CTX,Cortex
Gm42941__CTX,Cortex
Gm42679__CTX,Cortex
Pcdhb19__CTX,Cortex
Fbxl22__CTX,Cortex
Zfp677__CTX,Cortex
Ess2__CTX,Cortex
1700047K16Rik__CTX,Cortex
Shh__CTX,Cortex
Cand1__CTX,Cortex
5730408A14Rik__CTX,Cortex
Cables1__CTX,Cortex
Rfxank__CTX,Cortex
St14__CTX,Cortex
Cemip__CTX,Cortex
Zfp459__CTX,Cortex
Gm42727__CTX,Cortex
A430018G15Rik__CTX,Cortex
Zfp799__CTX,Cortex
Pwp2__CTX,Cortex
Arl1__CTX,Cortex
Cntd1__CTX,Cortex
Flna__CTX,Cortex
Gm37777__CTX,Cortex
Gm43765__CTX,Cortex
Ndst2__CTX,Cortex
Gne__CTX,Cortex
4933439C10Rik__CTX,Cortex
Gm37061__CTX,Cortex
Tceal3__CTX,Cortex
Tbc1d30__CTX,Cortex
Gm14634__CTX,Cortex
Spryd4__CTX,Cortex
Gas1__CTX,Cortex
Gypc__CTX,Cortex
Myo9a__CTX,Cortex
UNKNOWN_1343__CTX,Cortex
Ncaph__CTX,Cortex
D030028A08Rik__CTX,Cortex
Gm15124__CTX,Cortex
Popdc3__CTX,Cortex
Arhgef26__CTX,Cortex
Gdf10__CTX,Cortex
Zfp689__CTX,Cortex
Arb2a__CTX,Cortex
Uty__CTX,Cortex
Gm43677__CTX,Cortex
Fads3__CTX,Cortex
Mettl5__CTX,Cortex
Gm43133__CTX,Cortex
Sncg__CTX,Cortex
Ppp1r3g__CTX,Cortex
Adamts15__CTX,Cortex
Gm37266__CTX,Cortex
E230020A03Rik__CTX,Cortex
Zfp382__CTX,Cortex
Hmgcs1__CTX,Cortex
Mipol1__CTX,Cortex
2310034G01Rik__CTX,Cortex
Cdk7__CTX,Cortex
Acsbg3__CTX,Cortex
Sec16b__CTX,Cortex
Frmd3__CTX,Cortex
Gm5845__CTX,Cortex
Gprin2__CTX,Cortex
Mitd1__CTX,Cortex
5730409E04Rik__CTX,Cortex
Gm3364__CTX,Cortex
Phldb1__CTX,Cortex
Gm37529__CTX,Cortex
Zgrf1__CTX,Cortex
Ppm1j__CTX,Cortex
Phf8__CTX,Cortex
Nudt22__CTX,Cortex
Gm38357__CTX,Cortex
Slc13a5__CTX,Cortex
Slc6a16__CTX,Cortex
Slc7a14__CTX,Cortex
Pnkp__CTX,Cortex
Agk__CTX,Cortex
Gm17259__CTX,Cortex
Gm29488__CTX,Cortex
Zfp874a__CTX,Cortex
Rimbp3__CTX,Cortex
Snx22__CTX,Cortex
Gm13031__CTX,Cortex
F9__CTX,Cortex
Gm10654__CTX,Cortex
Mchr1__CTX,Cortex
Tcea1-ps1__CTX,Cortex
4833417C18Rik__CTX,Cortex
Gm38299__CTX,Cortex
Folh1__CTX,Cortex
Plag1__CTX,Cortex
Epcip__CTX,Cortex
Iqank1__CTX,Cortex
Npas3__CTX,Cortex
Hs3st3b1__CTX,Cortex
Prima1__CTX,Cortex
Map3k20__CTX,Cortex
Zc3h11a__CTX,Cortex
Comt__CTX,Cortex
Aldh8a1__CTX,Cortex
Hycc1__CTX,Cortex
Cd24a__CTX,Cortex
Dcp2__CTX,Cortex
Gm15764__CTX,Cortex
Gm42442__CTX,Cortex
Ncl__CTX,Cortex
Pole__CTX,Cortex
UNKNOWN_1345__CTX,Cortex
Gm26225__CTX,Cortex
Zc3h12c__CTX,Cortex
Ddx6__CTX,Cortex
1810021B22Rik__CTX,Cortex
Cdc25c__CTX,Cortex
Socs5__CTX,Cortex
Gopc__CTX,Cortex
2810021J22Rik__CTX,Cortex
Wdr27__CTX,Cortex
Gm10516__CTX,Cortex
Gm43187__CTX,Cortex
Cebpd__CTX,Cortex
Gm43417__CTX,Cortex
Zcwpw2__CTX,Cortex
Gm1976__CTX,Cortex
Sntg1__CTX,Cortex
Naip6__CTX,Cortex
Gm18284__CTX,Cortex
Gm42482__CTX,Cortex
Gm43751__CTX,Cortex
Peg13__CTX,Cortex
Tmem82__CTX,Cortex
Dnajc8__CTX,Cortex
Ermard__CTX,Cortex
Rxrb__CTX,Cortex
Htr6__CTX,Cortex
Errfi1__CTX,Cortex
Dzip1l__CTX,Cortex
Nhsl1__CTX,Cortex
Gm42771__CTX,Cortex
Elf4__CTX,Cortex
Gm16168__CTX,Cortex
Ndufaf4__CTX,Cortex
Nbeal1__CTX,Cortex
Eif2s2__CTX,Cortex
Kctd12b__CTX,Cortex
Aard__CTX,Cortex
Qng1__CTX,Cortex
Thumpd1__CTX,Cortex
Zfp664__CTX,Cortex
Vash2__CTX,Cortex
Nkain1__CTX,Cortex
Gm37033__CTX,Cortex
Mecp2__CTX,Cortex
Tet1__CTX,Cortex
2310057M21Rik__CTX,Cortex
Col8a1__CTX,Cortex
Cfh__CTX,Cortex
Dynlt1a__CTX,Cortex
Ankib1__CTX,Cortex
Ltbp4__CTX,Cortex
Rdh11__CTX,Cortex
Gm23751__CTX,Cortex
Rps13-ps5__CTX,Cortex
Ccdc134__CTX,Cortex
Immp1l__CTX,Cortex
Gimap9__CTX,Cortex
Cnot1__CTX,Cortex
Gm37678__CTX,Cortex
Tbx3os1__CTX,Cortex
Gm12144__CTX,Cortex
Flnc__CTX,Cortex
Hectd1__CTX,Cortex
Or52b2__CTX,Cortex
Dgkeos__CTX,Cortex
Ccdc149__CTX,Cortex
Pramel1__CTX,Cortex
Gm37968__CTX,Cortex
Lrrc40__CTX,Cortex
Gm4804__CTX,Cortex
Smim24__CTX,Cortex
Kcnh7__CTX,Cortex
Celrr__CTX,Cortex
Gm5475__CTX,Cortex
Gm42897__CTX,Cortex
Gm19439__CTX,Cortex
Tmem8b__CTX,Cortex
Taco1os__CTX,Cortex
A330040F15Rik__CTX,Cortex
Gm27151__CTX,Cortex
A530041M06Rik__CTX,Cortex
