node,BiBC,,Name,"BiBC, Plasma - Cortex"
"(9H-fluoren-9-yl)methanol, O-methoxycarbonyl-__PLS",0,,"(9H-fluoren-9-yl)methanol, O-methoxycarbonyl-",0.0
(pm)-N-Propylamphetamine__PLS,0,,(pm)-N-Propylamphetamine,0.0
1-Hexanol__PLS,0,,1-Hexanol,0.0
1700007L15Rik__CPX,0,,1700007L15Rik,0.0
2-Ketoisocaproic acid__PLS,0,,2-Ketoisocaproic acid,0.0
"2,2,8,8-Tetramethyl-3,7-dioxa-4-aza-2,8-disilanon-4-ene__PLS",0,,"2,2,8,8-Tetramethyl-3,7-dioxa-4-aza-2,8-disilanon-4-ene",0.0
"2,5-Di-tert-butylhydroquinone__PLS",0,,"2,5-Di-tert-butylhydroquinone",0.0
"2,5-Dimethoxyphenol__PLS",0,,"2,5-Dimethoxyphenol",0.0
"2',2,3,6'-Tetramethoxychalcone__PLS",0,,"2',2,3,6'-Tetramethoxychalcone",0.0
2310057M21Rik__CTX,0,,2310057M21Rik,0.0
"3-Buten-2-one, 3-trimethylsilyloxy-__PLS",0,,"3-Buten-2-one, 3-trimethylsilyloxy-",0.0
"3-Methoxyamphetamine, 4-Trimethylsilyloxy, N,N-bis(Trimethylsilyloxy)-__PLS",0,,"3-Methoxyamphetamine, 4-Trimethylsilyloxy, N,N-bis(Trimethylsilyloxy)-",0.0
"3,4-Dihydroxymandelic acid, ethyl ester__PLS",0,,"3,4-Dihydroxymandelic acid, ethyl ester",0.0
"3,5-di-tert-Butyl-4-hydroxyacetophenone__PLS",0,,"3,5-di-tert-Butyl-4-hydroxyacetophenone",0.0
4-(Methoxycarbonyl)phenol__PLS,0,,4-(Methoxycarbonyl)phenol,0.0
4-Hydroxybenzaldehyde__PLS,0,,4-Hydroxybenzaldehyde,0.0
4833417C18Rik__CTX,0,,4833417C18Rik,0.0
4930444P10Rik__CPX,0,,4930444P10Rik,0.0
4930513N10Rik__CTX,0,,4930513N10Rik,0.0
"5-Cholesten-3beta, 7alpha-bis[(trimethylsilyl)oxy]- __PLS",0,,"5-Cholesten-3beta, 7alpha-bis[(trimethylsilyl)oxy]- ",0.0
"5,6-Dimethyl-4-phenyl-3-cyanopyridine-2(1H)-thione__PLS",0,,"5,6-Dimethyl-4-phenyl-3-cyanopyridine-2(1H)-thione",0.0
9-Hexadecenoic acid__PLS,0,,9-Hexadecenoic acid,0.0
"9H-Fluorene, 9-methylene-__PLS",0,,"9H-Fluorene, 9-methylene-",0.0
"9H-Purine, 9-(trimethylsilyl)-2,6,8-tris[(trimethylsilyl)oxy]-__PLS",0,,"9H-Purine, 9-(trimethylsilyl)-2,6,8-tris[(trimethylsilyl)oxy]-",0.0
A330040F15Rik__CTX,0,,A330040F15Rik,0.0
A530041M06Rik__CTX,0,,A530041M06Rik,0.0
A930024E05Rik__CPX,0,,A930024E05Rik,0.0
Aard__CTX,0,,Aard,0.0
Abca4__CTX,0,,Abca4,0.0
Acad9__CPX,0,,Acad9,0.0
Acsbg3__CTX,0,,Acsbg3,0.0
Adamts15__CPX,0,,Adamts15,0.0
Adamts15__CTX,0,,Adamts15,0.0
Aldh1l1__CPX,0,,Aldh8a1,0.0
Aldh8a1__CTX,0,,Alg5,0.0
Alg5__CTX,0,,Alloxanic acid,0.0
Alloxanic acid__PLS,0,,Ammeline,0.0
Ammeline__PLS,0,,Ankib1,0.0
Ankib1__CTX,0,,Arl2bp,0.0
Arl2bp__CPX,0,,Atad5,0.0
Atad5__CTX,0,,Atg9b,0.0
Atg9b__CTX,0,,Atrazine desethyl,0.0
Atrazine desethyl__PLS,0,,B230398E01Rik,0.0
B230398E01Rik__CTX,0,,beta-Hydroxypyruvic acid,0.0
beta-Hydroxypyruvic acid__PLS,0,,Boric acid,0.0
Boric acid__PLS,0,,Brd2,0.0
Brd2__CPX,0,,C130021I20Rik,0.0
C130021I20Rik__CPX,0,,C130089K02Rik,0.0
C130089K02Rik__CPX,0,,Cables1,0.0
Cables1__CTX,0,,Cand1,0.0
Cand1__CTX,0,,Capn15,0.0
Capn15__CPX,0,,Capn2,0.0
Capn2__CPX,0,,Carfentrazone-ethyl,0.0
Carfentrazone-ethyl__PLS,0,,Casp8,0.0
Casp8__CPX,0,,Cast,0.0
Cast__CTX,0,,Ccdc169,0.0
Ccdc169__CTX,0,,Ccdc180,0.0
Ccdc180__CPX,0,,Ccdc28b,0.0
Ccdc28b__CTX,0,,Cd24a,0.0
Cd24a__CTX,0,,Cdc25c,0.0
Cdc25c__CTX,0,,Celrr,0.0
Celrr__CTX,0,,Cemip,0.0
Cemip__CTX,0,,Cfh,0.0
Cfh__CTX,0,,Chdh,0.0
Chdh__CPX,0,,Chic1,0.0
Chic1__CTX,0,,"Cholesta-3,5-diene ",0.0
"Cholesta-3,5-diene __PLS",0,,Citric acid,0.0
Citric acid__PLS,0,,Cmc4,0.0
Cmc4__CPX,0,,Cnot1,0.0
Cnot1__CTX,0,,Cntd1,0.0
Cntd1__CTX,0,,Cntnap5b,0.0
Cntnap5b__CTX,0,,Col14a1,0.0
Col14a1__CTX,0,,Col8a1,0.0
Col8a1__CTX,0,,Cox18,0.0
Cox18__CPX,0,,"D-(-)-Lyxose, tetrakis",0.0
"D-(-)-Lyxose, tetrakis__PLS",0,,"D-(-)-Ribofuranose, tetrakis",0.0
"D-(-)-Ribofuranose, tetrakis__PLS",0,,"D-(+)-Talofuranose, pentakis",0.0
"D-(+)-Talofuranose, pentakis__PLS",0,,"D-Erythro-Pentofuranose, 2-deoxy-1,3-bis-O-",0.0
"D-Erythro-Pentofuranose, 2-deoxy-1,3-bis-O-__PLS",0,,D-Proline,0.0
D-Proline__PLS,0,,D-Threitol,0.0
D-Threitol__PLS,0,,"D-Xylofuranose, 1,2,3,5-tetrakis-O-",0.0
"D-Xylofuranose, 1,2,3,5-tetrakis-O-__PLS",0,,Dbpht2,0.0
Dbpht2__CPX,0,,Dcp2,0.0
Dcp2__CPX,0,,Ddit4,0.0
Ddit4__CPX,0,,Dennd2c,0.0
Dennd2c__CPX,0,,Dgkeos,0.0
Dgkeos__CTX,0,,Dipk1a,0.0
Dipk1a__CPX,0,,Dnajc8,0.0
Dnajc8__CTX,0,,Dobutamine,0.0
Dobutamine__PLS,0,,Doconexent,0.0
Doconexent__PLS,0,,"Dodecanamide, N-(2-hydroxyethyl)-",0.0
"Dodecanamide, N-(2-hydroxyethyl)-__PLS",0,,Dopamine,0.0
Dopamine__PLS,0,,Dpp10,0.0
Dpp10__CPX,0,,Dpysl4,0.0
Dpysl4__CPX,0,,Dusp1,0.0
Dusp1__CPX,0,,Dusp28,0.0
Dusp28__CPX,0,,Dynlt1f,0.0
Dynlt1f__CPX,0,,Dzip1l,0.0
Dzip1l__CTX,0,,E230020A03Rik,0.0
E230020A03Rik__CTX,0,,Eid2b,0.0
Eid2b__CPX,0,,Eif3l,0.0
Eif3l__CPX,0,,Elf4,0.0
Elf4__CTX,0,,Elmo2,0.0
Elmo2__CPX,0,,Ess2,0.0
Ess2__CTX,0,,"Ethanone, 1-(5-methoxy-2-methyl-3(1H)-indolyl)-",0.0
"Ethanone, 1-(5-methoxy-2-methyl-3(1H)-indolyl)-__PLS",0,,Ethyl cis-2-trimethylsilyl-cyclopropane-1-carboxylate,0.0
Ethyl cis-2-trimethylsilyl-cyclopropane-1-carboxylate__PLS,0,,Etohd2,0.0
Etohd2__CPX,0,,Fads3,0.0
Fads3__CTX,0,,Fam199x,0.0
Fam199x__CTX,0,,Fastk,0.0
Fastk__CPX,0,,Folh1,0.0
Folh1__CTX,0,,Foxc2,0.0
Foxc2__CPX,0,,Foxk2,0.0
Foxk2__CPX,0,,Fsbp,0.0
Fsbp__CPX,0,,Galnt15,0.0
Galnt15__CPX,0,,Gdf10,0.0
Gdf10__CTX,0,,Gdf9,0.0
Gdf9__CTX,0,,Gdpd3,0.0
Gdpd3__CPX,0,,Gimap9,0.0
Gimap9__CTX,0,,Gm10516,0.0
Gm10516__CTX,0,,Gm15083,0.0
Gm15083__CPX,0,,Gm15542,0.0
Gm15542__CTX,0,,Gm15587,0.0
Gm15587__CPX,0,,Gm16168,0.0
Gm16168__CTX,0,,Gm17530,0.0
Gm17530__CPX,0,,Gm19439,0.0
Gm19439__CTX,0,,Gm27151,0.0
Gm27151__CTX,0,,Gm37033,0.0
Gm37033__CTX,0,,Gm37258,0.0
Gm37258__CTX,0,,Gm37397,0.0
Gm37397__CTX,0,,Gm37968,0.0
Gm37968__CTX,0,,Gm38217,0.0
Gm38217__CTX,0,,Gm4017,0.0
Gm4017__CPX,0,,Gm42679,0.0
Gm42679__CTX,0,,Gm42989,0.0
Gm42989__CTX,0,,Gm43009,0.0
Gm43009__CTX,0,,Gm43360,0.0
Gm43360__CPX,0,,Gm43677,0.0
Gm43677__CTX,0,,Gm4804,0.0
Gm4804__CTX,0,,Gm6548,0.0
Gm6548__CPX,0,,Gopc,0.0
Gopc__CTX,0,,Gpr65,0.0
Gpr65__CPX,0,,Gpsm3,0.0
Gpsm3__CPX,0,,Gypc,0.0
Gypc__CTX,0,,H1f10,0.0
H1f10__CPX,0,,H2az2,0.0
H2az2__CPX,0,,Hectd1,0.0
Hectd1__CTX,0,,Hmmr,0.0
Hmmr__CPX,0,,Hopx,0.0
Hopx__CTX,0,,Hspa1b,0.0
Hspa1b__CPX,0,,Hycc1,0.0
Hycc1__CTX,0,,Icam4,0.0
Icam4__CPX,0,,Ino80c,0.0
Ino80c__CPX,0,,Ints10,0.0
Ints10__CPX,0,,Ints11,0.0
Ints11__CPX,0,,Ints5,0.0
Ints5__CPX,0,,Ip6k2,0.0
Ip6k2__CTX,0,,Ipo4,0.0
Ipo4__CPX,0,,Iqank1,0.0
Iqank1__CTX,0,,Iqcc,0.0
Iqcc__CPX,0,,Irf3,0.0
Irf3__CPX,0,,Kcmf1,0.0
Kcmf1__CPX,0,,Kctd12b,0.0
Kctd12b__CTX,0,,Kif26a,0.0
Kif26a__CTX,0,,Klhl18,0.0
Klhl18__CPX,0,,Kmt5b,0.0
Kmt5b__CPX,0,,L-Cysteine,0.0
Krt23__CPX,0,,L-Glutamine,0.0
L-Cysteine__PLS,0,,L-Lysine,0.0
L-Glutamine__PLS,0,,"L-Lysine, ethyl ester ",0.0
L-Lysine__PLS,0,,L-Norleucine,0.0
"L-Lysine, ethyl ester __PLS",0,,L3hypdh,0.0
L-Norleucine__PLS,0,,Lama1,0.0
L3hypdh__CTX,0,,Lgr4,0.0
Lama1__CPX,0,,Lpl,0.0
Lgr4__CPX,0,,Lrp2bp,0.0
Lpl__CTX,0,,Lrrc40,0.0
Lrp2bp__CPX,0,,Lrrc75b,0.0
Lrrc40__CTX,0,,Lyzl4,0.0
Lrrc75b__CPX,0,,Map3k20,0.0
Lyzl4__CTX,0,,Mchr1,0.0
Map3k20__CTX,0,,Meaf6,0.0
Mchr1__CTX,0,,Mex3a,0.0
Meaf6__CPX,0,,Mia2,0.0
Mex3a__CPX,0,,Mitd1,0.0
Mia2__CTX,0,,Morn4,0.0
Mitd1__CTX,0,,Mpi,0.0
Morn4__CPX,0,,Mpnd,0.0
Mpi__CPX,0,,Mrps22,0.0
Mpnd__CPX,0,,Mrps24,0.0
Mrps22__CPX,0,,mt-Cytb,0.0
Mrps24__CPX,0,,Mthfd1l,0.0
mt-Cytb__CPX,0,,Mtif3,0.0
Mthfd1l__CPX,0,,Mtmr2,0.0
Mtif3__CTX,0,,Myct1,0.0
Mtmr2__CPX,0,,Myo9a,0.0
Myct1__CTX,0,,N-Isobutyrylglycine,0.0
Myo9a__CTX,0,,Nbeal1,0.0
N-Isobutyrylglycine__PLS,0,,Ncaph,0.0
Nbeal1__CTX,0,,Ncbp2,0.0
Ncaph__CTX,0,,Ncoa5,0.0
Ncbp2__CPX,0,,Ndufaf1,0.0
Ncoa5__CPX,0,,Ndufaf4,0.0
Ndufaf1__CPX,0,,Nhsl1,0.0
Ndufaf4__CTX,0,,Niacin,0.0
Nhsl1__CTX,0,,Nod1,0.0
Niacin__PLS,0,,Npas3,0.0
Nod1__CPX,0,,Nudt2,0.0
Npas3__CTX,0,,Nup214,0.0
Nudt2__CTX,0,,"O-Methyl-N,N'-diisopropylisourea ",0.0
Nup214__CPX,0,,"Octane, 1-propoxy-",0.0
"O-Methyl-N,N'-diisopropylisourea __PLS",0,,Olfm2,0.0
"Octane, 1-propoxy-__PLS",0,,Or52b2,0.0
Olfm2__CPX,0,,Palmitic Acid,0.0
Or52b2__CTX,0,,Pcdha8,0.0
Palmitic Acid__PLS,0,,Pentylone,0.0
Pcdha8__CTX,0,,Pepd,0.0
Pentylone__PLS,0,,Pfas,0.0
Pepd__CTX,0,,"Phenol, 3,5-bis(1,1-dimethylethyl)-",0.0
Pfas__CPX,0,,Phenylpropanolamine,0.0
"Phenol, 3,5-bis(1,1-dimethylethyl)-__PLS",0,,Pheta1,0.0
Phenylpropanolamine__PLS,0,,Phf1,0.0
Pheta1__CPX,0,,Phf8,0.0
Phf1__CPX,0,,Phthalazin-1-one,0.0
Phf8__CTX,0,,Pign,0.0
Phthalazin-1-one__PLS,0,,Pipecolic acid,0.0
Pign__CTX,0,,Pknox2,0.0
Pipecolic acid__PLS,0,,Plag1,0.0
Pknox2__CPX,0,,Plin2,0.0
Plag1__CTX,0,,Pold1,0.0
Plin2__CTX,0,,Pole,0.0
Pold1__CPX,0,,Popdc3,0.0
Pole__CTX,0,,Ppm1j,0.0
Popdc3__CTX,0,,Ppp1r26,0.0
Ppm1j__CTX,0,,Pramel1,0.0
Ppp1r26__CTX,0,,Prdm10,0.0
Pramel1__CTX,0,,Preb,0.0
Prdm10__CTX,0,,"Pregn-16-en-20-one, 3,18-bis(acetyloxy)-14,15-epoxy-, (3beta,5alpha,14beta,15beta)-",0.0
Preb__CPX,0,,Prkn,0.0
"Pregn-16-en-20-one, 3,18-bis(acetyloxy)-14,15-epoxy-, (3beta,5alpha,14beta,15beta)-__PLS",0,,Ptrh1,0.0
Prkn__CPX,0,,Pwp2,0.0
Ptrh1__CPX,0,,"Pyrazine, 3,6-dimethyl-2,5-bis(trimethylsilyloxy)-",0.0
Pwp2__CTX,0,,Qng1,0.0
"Pyrazine, 3,6-dimethyl-2,5-bis(trimethylsilyloxy)-__PLS",0,,Rab5a,0.0
Qng1__CTX,0,,Rai14,0.0
Rab5a__CPX,0,,Rarb,0.0
Rai14__CPX,0,,Rassf4,0.0
Rarb__CTX,0,,Rec8,0.0
Rassf4__CPX,0,,Recql5,0.0
Rec8__CPX,0,,Reep2,0.0
Recql5__CPX,0,,Retreg3,0.0
Reep2__CPX,0,,Rfxank,0.0
Retreg3__CPX,0,,Ripply3,0.0
Rfxank__CTX,0,,Rpap2,0.0
Ripply3__CPX,0,,Rpl18a,0.0
Rpap2__CTX,0,,Rps13-ps5,0.0
Rpl18a__CPX,0,,Ruvbl1,0.0
Rps13-ps5__CTX,0,,Rwdd3,0.0
Ruvbl1__CPX,0,,Sdc1,0.0
Rwdd3__CPX,0,,Selenon,0.0
Sdc1__CTX,0,,Sema3g,0.0
Selenon__CPX,0,,Sema6a,0.0
Sema3g__CPX,0,,Ser-Leu,0.0
Sema6a__CPX,0,,Sfi1,0.0
Ser-Leu__PLS,0,,Sigirr,0.0
Sfi1__CPX,0,,Silc1,0.0
Sigirr__CTX,0,,Slc13a5,0.0
Silc1__CPX,0,,Slc16a7,0.0
Slc13a5__CTX,0,,Slc18a1,0.0
Slc16a7__CPX,0,,Slc25a26,0.0
Slc18a1__CTX,0,,Smim24,0.0
Slc25a26__CPX,0,,Smpdl3b,0.0
Smim24__CTX,0,,Sncg,0.0
Smpdl3b__CPX,0,,Sncg,0.0
Sncg__CPX,0,,Snip1,0.0
Sncg__CTX,0,,Sntg1,0.0
Snip1__CTX,0,,Snx22,0.0
Sntg1__CTX,0,,Soat1,0.0
Snx22__CTX,0,,Spp2,0.0
Soat1__CTX,0,,St14,0.0
Spp2__CTX,0,,Succinic anhydride,0.0
St14__CTX,0,,Sympk,0.0
Succinic anhydride__PLS,0,,Synpo2,0.0
Sympk__CPX,0,,Tbc1d30,0.0
Synpo2__CTX,0,,Tbck,0.0
Tbc1d30__CTX,0,,Tceal3,0.0
Tbck__CPX,0,,Tetradecanenitrile,0.0
Tceal3__CTX,0,,Tgfb1i1,0.0
Tetradecanenitrile__PLS,0,,Thumpd1,0.0
Tgfb1i1__CPX,0,,Tmem87a,0.0
Thumpd1__CTX,0,,Tmem8b,0.0
Tmem87a__CPX,0,,Tomm34,0.0
Tmem8b__CTX,0,,UNKNOWN,0.0
Tomm34__CPX,0,,Uracil,0.0
UNKNOWN_11__CTX,0,,Vash2,0.0
UNKNOWN_12__CTX,0,,Vmp1,0.0
UNKNOWN_17__CTX,0,,Vps4a,0.0
UNKNOWN_18__CTX,0,,Wdr47,0.0
UNKNOWN_19__CTX,0,,Wdr6,0.0
UNKNOWN_21__CTX,0,,Wwc2,0.0
UNKNOWN_22__CTX,0,,Xylitol,0.0
UNKNOWN_6__CTX,0,,Yars1,0.0
UNKNOWN_7__CTX,0,,Zfp382,0.0
UNKNOWN_8__CTX,0,,Zfp646,0.0
Uracil__PLS,0,,Zfp704,0.0
Vash2__CTX,0,,Zfp78,0.0
Vmp1__CPX,0,,Zfp799,0.0
Vps4a__CTX,0,,Zfp874a,0.0
Wdr47__CTX,0,,Zmat5,0.0
Wdr6__CPX,0,,Sulf2,0.0
Wwc2__CTX,0,,2310034G01Rik,0.0
Xylitol__PLS,0,,Mfsd3,0.1
Yars1__CPX,0,,Kcnh7,0.1
Zfp382__CTX,0,,Gm15124,0.1
Zfp646__CPX,0,,Junb,0.1
Zfp704__CTX,0,,Gin1,0.1
Zfp78__CPX,0,,Cul7,0.1
Zfp799__CTX,0,,Mx2,0.1
Zfp874a__CTX,0,,Trabd,0.1
Zmat5__CPX,0,,"Azetidine, 1-acetyl-2-methyl-",0.1
Sulf2__CPX,0.010217876,,Cdk7,0.1
2310034G01Rik__CTX,0.017241379,,Zbtb44,0.2
UNKNOWN_2__CTX,0.03030303,,Tomm22,0.2
Mfsd3__CPX,0.050251709,,Ep300,0.2
Kcnh7__CTX,0.052631579,,Slc25a20,0.2
Gm15124__CTX,0.054075402,,Bvht,0.2
Junb__CPX,0.058336959,,Gm37219,0.2
Gin1__CPX,0.083333333,,Kif22,0.2
Cul7__CPX,0.095238095,,Lurap1,0.2
Mx2__CPX,0.095238095,,Tarbp1,0.2
Trabd__CPX,0.095238095,,Ddx6,0.3
"Azetidine, 1-acetyl-2-methyl-__PLS",0.142857143,,Ppfibp1,0.3
UNKNOWN_10__CTX,0.142857143,,Rab36,0.3
Zbtb44__CTX,0.142857143,,Ankrd9,0.3
UNKNOWN_14__CTX,0.149484648,,Strada,0.3
Cdk7__CTX,0.14973262,,Prima1,0.4
Ep300__CTX,0.160712708,,Nr3c2,0.4
Tomm22__CPX,0.168215969,,Thap11,0.5
UNKNOWN_13__CTX,0.198247393,,Sypl2,0.5
Bvht__CPX,0.211678791,,Dock10,0.5
Gm37219__CPX,0.21374269,,Slc35a3,0.5
Kif22__CPX,0.21374269,,Mospd3,0.6
Lurap1__CPX,0.21374269,,l-Histidine ethyl ester,0.6
Tarbp1__CTX,0.230800405,,Acox1,0.6
Slc25a20__CPX,0.233663274,,"Cholesta-3,5-dien-7-one",0.6
Ddx6__CTX,0.262984162,,Rab11fip5,0.6
Ppfibp1__CPX,0.264914418,,Cct4,0.7
Rab36__CTX,0.278567266,,"2,5-Dimethoxybenzonitrile",0.7
Ankrd9__CTX,0.305912837,,Gln-Ala,0.8
UNKNOWN_9__CTX,0.311867867,,"2,3-Butanediol",0.8
Strada__CPX,0.328461538,,Phka1,0.8
Nr3c2__CTX,0.415909091,,Octan-2-yl palmitate,0.8
Thap11__CTX,0.46733659,,Art4,0.9
Prima1__CTX,0.470781946,,"Ribonic acid, 2,3,4,5-tetrakis-",0.9
UNKNOWN_20__CTX,0.495934231,,Gm43176,1.0
Sypl2__CTX,0.526381798,,Gm37124,1.0
Dock10__CTX,0.527684938,,D-Leucylglycylglycine,1.0
Slc35a3__CPX,0.543539327,,Cbarp,1.1
Mospd3__CPX,0.572957265,,Tmem82,1.2
l-Histidine ethyl ester__PLS,0.577614723,,Zcwpw2,1.2
Acox1__CPX,0.585758108,,Cspg5,1.2
"Cholesta-3,5-dien-7-one__PLS",0.605923048,,Errfi1,1.2
Rab11fip5__CPX,0.617549132,,Ltbp4,1.3
Octan-2-yl palmitate__PLS,0.645653944,,Lypd6b,1.3
Cct4__CPX,0.685025748,,A430018G15Rik,1.4
"2,5-Dimethoxybenzonitrile__PLS",0.72774407,,Shb,1.5
Gln-Ala__PLS,0.774702957,,Prpf6,1.5
"2,3-Butanediol__PLS",0.806452575,,Albizziin,1.5
Phka1__CTX,0.839840913,,Trdmt1,1.6
Cbarp__CPX,0.851320739,,Usp48,1.7
Cspg5__CPX,0.917466499,,Camsap2,1.8
"Ribonic acid, 2,3,4,5-tetrakis-__PLS",0.933004965,,Mtor,1.8
Art4__CPX,0.953065131,,Lrrc8c,1.9
Gm43176__CTX,1.040160798,,2-Hydroxy-2-methylbutyric acid,2.1
Gm37124__CTX,1.042863141,,Agk,2.2
D-Leucylglycylglycine__PLS,1.043366096,,Nprl2,2.3
Tmem82__CTX,1.156273188,,Zfp300,2.3
Zcwpw2__CTX,1.180316092,,Slc7a14,2.3
Errfi1__CPX,1.215291745,,Cxxc4,2.3
Ltbp4__CTX,1.302802837,,Polr1c,2.4
Lypd6b__CTX,1.320635994,,Ccdc149,2.4
A430018G15Rik__CTX,1.429016383,,Gm10221,2.4
Shb__CPX,1.46682708,,Fam120b,2.5
Prpf6__CPX,1.471792258,,Zic2,2.5
Albizziin__PLS,1.520771649,,2-Furoic acid,2.5
Trdmt1__CTX,1.639537815,,Campesterol,2.6
Usp48__CPX,1.689680029,,Osgepl1,2.6
Camsap2__CPX,1.826165501,,Zfp217,2.6
Mtor__CPX,1.826165501,,Shh,2.7
Lrrc8c__CPX,1.865536077,,Serp2,2.7
2-Hydroxy-2-methylbutyric acid__PLS,2.076314183,,"Methyl (3,4-dimethoxyphenyl)(hydroxy)acetate",2.7
Agk__CTX,2.157834519,,Dynlt1a,2.8
Slc7a14__CTX,2.281217057,,Dock10,2.9
Nprl2__CPX,2.335440093,,Kcnk5,2.9
Zfp300__CPX,2.335440093,,Dcp2,3.0
Cxxc4__CPX,2.335475865,,Ppp1r3g,3.0
Polr1c__CPX,2.429954576,,Hdgfl3,3.1
Ccdc149__CTX,2.436070255,,Nek1,3.2
Gm10221__CTX,2.447454479,,Ermard,3.5
Fam120b__CTX,2.472819255,,"2,5-Dimethoxymandelic acid",3.7
Zic2__CPX,2.492869807,,Gm15764,3.8
Campesterol__PLS,2.594534432,,Cfp,3.8
2-Furoic acid__PLS,2.600807916,,Scaf4,3.9
Osgepl1__CPX,2.603614643,,"3,4-dimethyl-5-(3,4-methylenedioxy)phenyloxazolidine",4.0
Zfp217__CPX,2.647652682,,Magix,4.1
Shh__CTX,2.654855978,,Cep97,4.3
Serp2__CPX,2.713463742,,Dnase1l1,4.4
"Methyl (3,4-dimethoxyphenyl)(hydroxy)acetate__PLS",2.731541447,,A430108G06Rik,4.6
Dynlt1a__CTX,2.776341994,,Xylose,4.7
Dock10__CPX,2.9,,Flna,4.8
Kcnk5__CPX,2.9,,Klf8,4.8
Dcp2__CTX,3.03539182,,"alpha-L-Galactopyranoside, methyl 6-deoxy-, (R,R,R,S,S)-",5.0
Ppp1r3g__CTX,3.039870578,,Ramac,5.1
Hdgfl3__CPX,3.146389748,,6-Hydroxyflavone-beta-D-glucoside,5.2
Nek1__CTX,3.222381361,,Actr3,5.5
Ermard__CTX,3.477885801,,Ccdc97,5.6
"2,5-Dimethoxymandelic acid__PLS",3.714443889,,Acot6,5.8
Gm15764__CTX,3.821335548,,Me1,5.8
Cfp__CTX,3.825698428,,"Benzene, 3-cyclohexen-1-yl-",5.9
Scaf4__CTX,3.947935968,,Dok1,6.0
"3,4-dimethyl-5-(3,4-methylenedioxy)phenyloxazolidine__PLS",3.950133278,,"3,4-Dihydrocoumarin, 4,4-dimethyl-6-dimethylamino-",6.0
Magix__CPX,4.085815408,,Slc2a2,6.2
Cep97__CTX,4.318328399,,Sp4,6.3
Dnase1l1__CPX,4.361116425,,Inpp5a,6.5
A430108G06Rik__CPX,4.598766895,,Gprin2,6.6
Flna__CTX,4.752038312,,Neu1,6.9
Xylose__PLS,4.759393452,,Tmem232,7.0
Klf8__CTX,4.853147834,,Cyria,7.0
"alpha-L-Galactopyranoside, methyl 6-deoxy-, (R,R,R,S,S)-__PLS",5.044973365,,"Acetin, bis-1,3-trimethylsilyl ether",7.0
Ramac__CPX,5.079566602,,Usp22,7.1
6-Hydroxyflavone-beta-D-glucoside__PLS,5.197980172,,Ascl4,7.4
Actr3__CPX,5.621091737,,Src,7.5
Acot6__CPX,5.761470064,,Fchsd2,7.6
Me1__CTX,5.818512034,,Ano8,7.7
"Benzene, 3-cyclohexen-1-yl-__PLS",5.92878391,,Emg1,7.9
Dok1__CPX,5.994536485,,Vangl1,7.9
"3,4-Dihydrocoumarin, 4,4-dimethyl-6-dimethylamino-__PLS",5.998153689,,Gm26225,7.9
Slc2a2__CPX,6.23988953,,Fhl1,8.1
Sp4__CPX,6.298345496,,Palmitelaidic acid,8.1
Inpp5a__CPX,6.489119523,,Benzeneacetamide,8.2
Gprin2__CTX,6.554009129,,Tcf23,8.3
Ccdc97__CTX,6.704490754,,"DL-Proline, 5-oxo-",8.4
Neu1__CTX,6.931920341,,Mrpl3,8.5
Tmem232__CTX,6.972976831,,"2,5-Dimethoxy-4-methylamphetamine",8.6
Cyria__CTX,6.987394542,,Dbndd1,8.8
Usp22__CPX,7.008752078,,Trp53bp2,8.9
"Acetin, bis-1,3-trimethylsilyl ether__PLS",7.033165699,,Rnf187,9.0
Ascl4__CTX,7.392274581,,Sufu,9.4
Src__CPX,7.45019033,,1-Aminocyclopropanecarboxylic acid,9.5
Fchsd2__CPX,7.593053316,,Maco1,9.6
Emg1__CTX,7.863643297,,Lrch3,9.8
Vangl1__CPX,7.864969537,,Sin3a,9.9
Gm26225__CTX,7.871936716,,Tubgcp2,10.3
Ano8__CPX,7.940391202,,Malic acid,10.6
Fhl1__CPX,8.060976027,,Haus4,10.7
Benzeneacetamide__PLS,8.208462258,,Phldb1,10.7
Palmitelaidic acid__PLS,8.221587166,,Erythritol,10.8
Tcf23__CTX,8.282922517,,Gdf11,10.8
"DL-Proline, 5-oxo-__PLS",8.391498916,,2310014F06Rik,11.1
Mrpl3__CTX,8.456954929,,Immp1l,11.4
"2,5-Dimethoxy-4-methylamphetamine__PLS",8.563841935,,Cyclo(L-prolyl-L-valine),11.5
Dbndd1__CPX,8.790690695,,DL-Ornithine,11.5
Trp53bp2__CTX,8.904865372,,Mcfd2,11.6
Rnf187__CPX,8.967442009,,Ctu1,11.6
Sufu__CPX,9.375331733,,Ccdc148,12.0
1-Aminocyclopropanecarboxylic acid__PLS,9.543020517,,Ece2,12.1
Maco1__CPX,9.632758639,,Eps8l2,12.2
Lrch3__CTX,9.837761857,,Shisa9,12.3
Sin3a__CPX,9.877624442,,Mtf1,12.5
Malic acid__PLS,10.58872198,,Rasa2,12.9
Phldb1__CTX,10.7101779,,Eipr1,13.2
Gdf11__CTX,10.84031223,,Ifih1,13.2
Erythritol__PLS,10.8424877,,Grk3,13.3
2310014F06Rik__CPX,11.05806471,,Xylazine,13.3
Immp1l__CTX,11.41237943,,L-Hydroxyproline,13.4
Mcfd2__CPX,11.57253804,,Naip6,13.9
Ctu1__CTX,11.59648963,,5-Ethyluracil,14.2
Cyclo(L-prolyl-L-valine)__PLS,11.60589203,,3-Hydroxybutyric acid,14.4
DL-Ornithine__PLS,11.66200949,,5730455P16Rik,14.5
Ccdc148__CPX,11.93596564,,mt-Tl1,15.2
Ece2__CTX,12.09744324,,"D-(-)-Fructofuranose, pentakis",15.3
Eps8l2__CTX,12.17808317,,Lrp6,15.5
Shisa9__CTX,12.29372859,,Cntn1,15.8
Haus4__CPX,12.43833633,,Cope,16.0
Mtf1__CPX,12.47935468,,Id1,16.0
Tubgcp2__CPX,12.74485042,,Mterf4,16.5
Rasa2__CTX,12.9094873,,"Arabinofuranose, 1,2,3,5-tetrakis-O-",16.5
Eipr1__CPX,13.23870667,,Leprotl1,16.5
Ifih1__CPX,13.27125897,,Nrm,16.6
L-Hydroxyproline__PLS,13.40494879,,Repin1,16.7
Xylazine__PLS,13.52795182,,Myof,16.7
UNKNOWN_15__CTX,14.0174706,,Arsenous acid,17.7
Myof__CPX,14.02372594,,Pura,17.8
5-Ethyluracil__PLS,14.20773765,,Nudt6,17.8
3-Hydroxybutyric acid__PLS,14.40133313,,Armcx2,17.8
Naip6__CTX,14.42181828,,Gm42941,17.9
5730455P16Rik__CPX,14.46405343,,Skic3,17.9
Grk3__CTX,14.49998057,,Rdx,18.0
mt-Tl1__CPX,15.25039564,,Sesn3,18.0
"D-(-)-Fructofuranose, pentakis__PLS",15.3276169,,Sema6c,18.2
Lrp6__CPX,15.50885143,,Ap2a1,18.3
Cntn1__CPX,15.84294753,,0610040J01Rik,18.3
Cope__CPX,16.02163645,,Trimethylsilyl 3-((trimethylsilyl)thio)propanoate,18.3
Id1__CPX,16.02163645,,Kcnh2,18.5
"Arabinofuranose, 1,2,3,5-tetrakis-O-__PLS",16.43426783,,Gm12144,18.5
Mterf4__CPX,16.4521879,,Dehydronorketamine,18.9
Leprotl1__CPX,16.53645267,,Srprb,19.1
Nrm__CTX,16.617894,,C030034I22Rik,19.4
Repin1__CPX,16.65311219,,Zfp677,19.5
Arsenous acid__PLS,17.62524318,,Baz1b,19.6
Pura__CPX,17.70367399,,Tmem132c,19.7
Rdx__CPX,17.70986013,,Ss18,20.0
Nudt6__CTX,17.79855406,,Xpc,20.6
Armcx2__CPX,17.81566144,,Ogdhl,21.5
Skic3__CTX,17.92356206,,Heptadecanoic acid,21.6
Gm42941__CTX,17.94094403,,Pqbp1,21.6
Sesn3__CPX,18.01520491,,Zbtb11os1,22.0
Sema6c__CTX,18.16195771,,Npas3,22.2
Ap2a1__CTX,18.30671834,,S100a8,22.4
0610040J01Rik__CPX,18.31968389,,Emc6,22.8
Trimethylsilyl 3-((trimethylsilyl)thio)propanoate__PLS,18.40988009,,Synm,23.0
Kcnh2__CTX,18.52206255,,1700125H03Rik,23.3
Gm12144__CTX,18.55590719,,Ola1,23.7
UNKNOWN_5__CTX,18.68346288,,Cpxm1,23.8
Srprb__CTX,19.10944545,,Adrb3,24.1
Dehydronorketamine__PLS,19.19100934,,L-Asparagine,24.2
C030034I22Rik__CTX,19.3889195,,Ccpg1,24.3
Zfp677__CTX,19.53511075,,Casq2,24.4
Baz1b__CPX,19.61873765,,12-Hydroxyoctadecanoic acid,25.0
Tmem132c__CTX,19.75092928,,Mmp24,25.2
Ss18__CTX,20.00345961,,Oxalic acid,25.3
Xpc__CPX,20.64442801,,Arhgap15,25.6
1700125H03Rik__CPX,21.36431995,,Uty,25.8
Heptadecanoic acid__PLS,21.57993091,,Gsta4,26.1
Pqbp1__CPX,21.61574334,,L-Isoleucine,26.3
Npas3__CPX,22.0999588,,Kif21b,26.3
S100a8__CPX,22.67970443,,Samd5,26.5
Emc6__CTX,22.74217714,,Atn1,26.7
Zbtb11os1__CPX,22.76367042,,Slc44a1,26.9
Adrb3__CPX,22.85972929,,9-Octadecenamide,27.0
Synm__CPX,23.05575699,,Slain2,27.2
Ola1__CPX,23.62953148,,Gm42771,27.3
Cpxm1__CTX,23.75635289,,Krtcap2,27.3
Ccpg1__CPX,24.32480824,,UNKNOWN,27.3
L-Asparagine__PLS,24.36394539,,Telo2,27.6
Casq2__CTX,24.37030852,,Gm43795,27.9
12-Hydroxyoctadecanoic acid__PLS,25.25260157,,Gm20052,28.3
Mmp24__CTX,25.27053028,,Dock6,28.5
Oxalic acid__PLS,25.47841847,,"Butanoic acid, 2-methyl-3-[(trimethylsilyl)oxy]-",28.5
Arhgap15__CPX,25.58620145,,Utp4,28.6
Uty__CTX,25.80957793,,Eif3g,29.9
Gsta4__CPX,26.08568506,,Benzyl alcohol,30.2
L-Isoleucine__PLS,26.29047068,,Eif4ebp1,30.7
Kif21b__CPX,26.29939889,,Tet1,30.9
Samd5__CTX,26.52660445,,B230217C12Rik,31.1
Atn1__CPX,26.8043077,,Bicd1,31.3
9-Octadecenamide__PLS,27.0649114,,Glucose,31.6
Slain2__CPX,27.34135128,,Trisaminol,32.6
Gm42771__CTX,27.3443077,,Enpp5,32.8
Telo2__CPX,27.61238321,,Gm43311,33.6
Gm43795__CTX,27.8789851,,L-Glutamic acid,33.7
Krtcap2__CTX,28.06560903,,Ddhd1,33.9
Gm20052__CPX,28.30354141,,Pex3,34.2
Slc44a1__CPX,28.48239283,,Gm42482,34.4
Dock6__CTX,28.50622283,,Mpp7,34.6
"Butanoic acid, 2-methyl-3-[(trimethylsilyl)oxy]-__PLS",28.53382944,,Stat3,34.7
Utp4__CPX,28.59910933,,"L-Tryptophan, N-acetyl-1",34.7
Eif3g__CPX,30.1277894,,Lepr,35.2
Benzyl alcohol__PLS,30.14191775,,Aldh9a1,35.8
Eif4ebp1__CTX,30.72723011,,Rif1,35.8
Tet1__CTX,30.82538005,,2-Naphthol,36.0
B230217C12Rik__CTX,31.03535282,,Mrpl41,36.4
Bicd1__CTX,31.34542731,,6430511E19Rik,37.8
Glucose__PLS,31.6854973,,Gstm6,38.4
Trisaminol__PLS,33.08664926,,Rom1,38.4
Gm43311__CTX,33.60345575,,Ptk2b,38.9
L-Glutamic acid__PLS,33.71520873,,Nsmf,39.1
Pex3__CTX,34.17116331,,Golm2,39.2
Gm42482__CTX,34.35937636,,Fhod3,39.6
Enpp5__CPX,34.36766786,,Zfp358,39.8
Mpp7__CTX,34.56573476,,beta-D-Glucopyranose,40.0
"L-Tryptophan, N-acetyl-1__PLS",34.60064068,,Cd47,40.1
Stat3__CPX,34.6172171,,Larp4,40.3
Lepr__CPX,35.4811825,,Ctdspl2,40.8
Ddhd1__CTX,35.7646049,,Pkd2,40.9
Aldh9a1__CPX,35.7815187,,St6galnac4,41.5
Rif1__CPX,35.87936014,,Cfap69,41.5
Mrpl41__CTX,36.37487225,,Gm3364,41.8
6430511E19Rik__CTX,37.81458363,,Cdc14a,42.0
Rom1__CTX,38.43739133,,UNKNOWN,42.1
2-Naphthol__PLS,38.68792562,,Pthlh,42.2
Nsmf__CPX,39.08365973,,"Pyrazine, 3,6-dihydro-3,6-dimethyl-",42.8
Golm2__CPX,39.1557445,,1700047K16Rik,43.0
Mob4__CPX,39.18689191,,Fgl2,43.3
UNKNOWN_1__CTX,39.18689191,,Fance,43.6
Fhod3__CPX,39.65959738,,Cnnm4,43.6
Gstm6__CPX,39.71225311,,Mllt6,43.8
Zfp358__CPX,39.7795909,,Sec62,43.9
Cd47__CPX,40.06909332,,Wrn,44.5
Larp4__CTX,40.27673265,,"1,3-Dioxane-4-methanol, 4,5-dimethyl-",45.5
Ctdspl2__CPX,40.82695258,,Krcc1,46.3
UNKNOWN_4__CTX,41.02095739,,Kpna3,47.6
Pkd2__CTX,41.05036976,,Mrpl28,48.1
St6galnac4__CPX,41.09779066,,"1-Phenyl-1,2-ethanediol",48.2
Ptk2b__CTX,41.17913385,,Nkain1,48.3
beta-D-Glucopyranose__PLS,41.38600404,,Brd4,48.5
Cfap69__CTX,41.43616719,,Gaa,48.8
Gm3364__CTX,41.78180823,,(pm)-Phenylpropanolamine,49.1
Cdc14a__CPX,41.99570753,,Mipol1,49.4
Pthlh__CPX,42.8280198,,Pebp4,50.1
Fgl2__CPX,42.93251503,,H3f3a,50.4
1700047K16Rik__CTX,42.97262757,,Pigv,50.7
Fance__CPX,43.58614588,,Ppil6,50.8
Mllt6__CTX,44.06591861,,4933439C10Rik,51.5
Wrn__CPX,44.07467917,,Ap2b1,51.9
Cnnm4__CPX,44.08970239,,Ehbp1,52.5
"1,3-Dioxane-4-methanol, 4,5-dimethyl-__PLS",45.34067394,,"3-Cyclohexyl-L-alanine amide, N,N,N'N'-tetramethyl-",52.5
"Pyrazine, 3,6-dihydro-3,6-dimethyl-__PLS",45.69996334,,Pmm2,52.9
Sec62__CPX,45.84396162,,Ift122,53.0
Krcc1__CPX,46.14495197,,Zc3h11a,53.1
Kpna3__CPX,47.63919808,,Gne,53.7
"1-Phenyl-1,2-ethanediol__PLS",48.2157058,,Pyrrole-2-carboxylic acid,53.8
Nkain1__CTX,48.31537396,,Upf2,53.8
Brd4__CPX,48.68590968,,Cep15,54.7
Gaa__CTX,48.83327949,,Klf3,55.3
Mipol1__CTX,49.4398752,,Iba57,56.0
Pebp4__CPX,50.09387979,,Fam91a1,56.0
(pm)-Phenylpropanolamine__PLS,50.20225026,,"1,3-Cyclohexanebis(methylamine)",56.6
UNKNOWN_16__CTX,50.57453937,,Atp5me,56.7
Pigv__CTX,50.70525269,,Alkbh6,57.4
Mrpl28__CPX,50.78228794,,Stard4,57.5
Ppil6__CTX,50.84468345,,"Dimethyl hexopyranosiduronate, alpha-D-",58.2
Ap2b1__CPX,51.73562349,,Adam10,58.2
4933439C10Rik__CTX,51.86798525,,Rdh11,58.7
H3f3a__CTX,51.87760404,,Plgrkt,59.1
Ehbp1__CTX,52.46226537,,Cholesterol,59.2
Ift122__CTX,52.88210438,,Tubb2a,60.4
Zc3h11a__CTX,53.11824828,,Knstrn,61.3
"3-Cyclohexyl-L-alanine amide, N,N,N'N'-tetramethyl-__PLS",53.28543384,,Notch3,61.5
Pmm2__CPX,53.40533559,,4921504A21Rik,61.7
Upf2__CPX,53.55637981,,4-Hydroxy-5-(hydroxymethyl)oxolan-2-one,62.1
Gne__CTX,53.71492387,,Kmt2c,63.0
Pyrrole-2-carboxylic acid__PLS,53.79061222,,Cerox1,63.0
Ubr5__CTX,54.61892282,,Scg5,63.2
Cep15__CTX,54.65225793,,D-Arabinose,63.4
Klf3__CPX,55.20470323,,"1,3-bis[(Trimethylsilyl)ethynyl]benzene",63.6
Fam91a1__CTX,56.05703817,,Txnrd2,63.9
Iba57__CPX,56.0832057,,Bclaf1,65.7
Stard4__CTX,56.45702672,,Btbd1,66.1
Atp5me__CPX,56.54702031,,Ccdc59,66.3
Alkbh6__CPX,57.44021638,,Arrdc2,67.0
"1,3-Cyclohexanebis(methylamine)__PLS",57.74068055,,Gsta3,67.5
Adam10__CTX,58.21911439,,Bean1,68.5
Plgrkt__CPX,59.05542067,,Cebpd,68.5
Rdh11__CTX,59.15331491,,Ubr5,68.6
Cholesterol__PLS,59.68721218,,"1-(4-Methoxyphenyl)-4,6-dimethyl-2(1H)-pyrimidinone",68.9
"Dimethyl hexopyranosiduronate, alpha-D-__PLS",60.18382816,,Slc25a16,68.9
Tubb2a__CTX,60.3772869,,Dcxr,69.1
Knstrn__CTX,61.32955989,,Smyd2,69.1
Notch3__CTX,61.64934632,,Mettl5,69.5
4921504A21Rik__CPX,61.81918466,,cyclobutanecarboxylic acid,70.9
4-Hydroxy-5-(hydroxymethyl)oxolan-2-one__PLS,62.30396687,,"1,3,5-Trimethyl-1H-pyrazol-4-amine",72.3
Kmt2c__CTX,62.98787624,,"Acetamide, 2,2,2-trifluoro-",72.8
Cerox1__CPX,63.04453723,,Nudt16l1,73.6
D-Arabinose__PLS,63.11432251,,Appl1,75.1
Scg5__CPX,63.31271872,,Mier3,75.5
Txnrd2__CPX,64.33482105,,"Benzenemethanamine, 2,3-dimethoxy-",75.9
Ccdc59__CPX,65.39880718,,Dimethyl fumarate,76.0
Bclaf1__CPX,65.64059662,,Jph1,76.1
Arrdc2__CTX,66.96214012,,Pstpip2,76.9
Btbd1__CTX,67.2155168,,Rbm27,77.1
"1,3-bis[(Trimethylsilyl)ethynyl]benzene__PLS",67.43079395,,Smim10l1,77.3
Gsta3__CPX,67.79007224,,Zfp219,78.5
Bean1__CTX,68.58556711,,Arhgef7,78.7
Cebpd__CPX,69.1373319,,Hexanedioic acid,78.8
Slc25a16__CPX,69.34181603,,Mgat5b,79.1
Mettl5__CTX,69.53005164,,Rhob,79.4
Smyd2__CPX,69.66890567,,Gsk3b,80.4
Dcxr__CPX,69.78010134,,Guk1,81.0
"1-(4-Methoxyphenyl)-4,6-dimethyl-2(1H)-pyrimidinone__PLS",69.8151351,,Kmt2b,81.1
cyclobutanecarboxylic acid__PLS,72.41243797,,Mrpl17,83.0
"1,3,5-Trimethyl-1H-pyrazol-4-amine__PLS",72.62019785,,"1H-Pyrazole, 3,4-bis(trimethylsilyl)-",83.0
"Acetamide, 2,2,2-trifluoro-__PLS",73.58436029,,4-Hydroxybutanoic acid,83.7
Nudt16l1__CTX,73.85609228,,"Pentenoic acid, 4-[(trimethylsilyl)oxy]-",84.0
"Benzenemethanamine, 2,3-dimethoxy-__PLS",75.11845883,,Prxl2c,84.2
Appl1__CTX,75.44806968,,Gm37529,84.5
Mier3__CTX,75.47514372,,Aox3,84.7
Jph1__CPX,76.22832909,,D-Ribose,84.7
Dimethyl fumarate__PLS,76.31983896,,Cep95,84.8
Pstpip2__CTX,76.90693745,,Gm37420,85.3
Rbm27__CPX,77.5391891,,"Acetamide, N,N-diethyl-",85.5
Smim10l1__CPX,77.60555262,,Rnaset2b,86.6
Zfp219__CPX,78.57611624,,Tmtc4,87.0
Arhgef7__CPX,78.79208845,,Isg15,88.3
Guk1__CPX,78.79463235,,Gm29488,88.5
Hexanedioic acid__PLS,78.80898006,,Cyclobutanol,89.2
Rhob__CPX,79.59712566,,Asphd2,89.3
Gsk3b__CPX,80.46348016,,2-Hydroxy-3-methylbutyric acid,91.2
Mgat5b__CTX,80.75846842,,"N-isobutyl-2-(trimethylsilyloxy]-4,5-dihydro-1H-imidazole-1-carboxamide",92.1
Kmt2b__CTX,81.60279055,,Camk1d,93.7
"1H-Pyrazole, 3,4-bis(trimethylsilyl)-__PLS",82.82414921,,"Glycine, N-[4-[(trimethylsilyl)oxy]benzoyl]-",94.1
Mrpl17__CPX,83.09158266,,Lrp4,94.5
"Pentenoic acid, 4-[(trimethylsilyl)oxy]-__PLS",84.00740416,,2-Pentenoic acid,94.6
Prxl2c__CPX,84.22806729,,Dqx1,94.6
D-Ribose__PLS,84.60246517,,Gigyf1,94.7
Aox3__CPX,84.69101735,,"N,9-bis(Trimethylsilyl)-6-[(trimethylsilyl)oxy]-9H-purin-2-amine",94.7
Cep95__CPX,84.72577237,,4-Pyridinol,94.7
4-Hydroxybutanoic acid__PLS,84.9998452,,Map9,95.8
Gm37420__CTX,85.31504359,,Tfip11,96.1
"Acetamide, N,N-diethyl-__PLS",85.48214804,,Cep78,96.2
Gm37529__CTX,86.21428162,,L-Threitol,96.6
Rnaset2b__CTX,86.59147409,,Gm38357,97.0
Tmtc4__CTX,86.98161015,,Cebpz,97.0
Isg15__CPX,88.17323461,,Heatr3,97.4
Gm29488__CTX,88.52659181,,Kif21a,97.5
Cyclobutanol__PLS,89.22415169,,Trpc4ap,97.6
Asphd2__CTX,89.2865978,,Zbtb37,97.8
2-Hydroxy-3-methylbutyric acid__PLS,92.0219141,,4930412C18Rik,97.8
"N-isobutyl-2-(trimethylsilyloxy]-4,5-dihydro-1H-imidazole-1-carboxamide__PLS",93.11811501,,"2-Propenamide, 3-phenyl-N-2-propenyl-",99.2
"Glycine, N-[4-[(trimethylsilyl)oxy]benzoyl]-__PLS",94.11248669,,Cinnamic acid,99.4
Lrp4__CTX,94.47591331,,Abitram,99.6
Dqx1__CTX,94.64248644,,Gm26592,100.0
"N,9-bis(Trimethylsilyl)-6-[(trimethylsilyl)oxy]-9H-purin-2-amine__PLS",94.67310538,,4933439K11Rik,101.1
Camk1d__CPX,95.16645996,,Zhx1,101.1
2-Pentenoic acid__PLS,95.96536731,,Isoxaben,101.5
Kif21a__CPX,96.205462,,Zgrf1,101.8
Map9__CPX,96.92611172,,Tmem138,101.8
Gigyf1__CTX,97.03581719,,Cyclo-(l-leucyl-l-phenylalanyl),102.2
Zbtb37__CPX,97.3139611,,Rpn2,102.3
Trpc4ap__CPX,97.71769004,,Aqp11,102.9
4-Pyridinol__PLS,98.07199038,,Cfap46,103.4
Heatr3__CPX,98.0766348,,Prdm1,103.8
Cebpz__CPX,98.38958025,,Top1,105.3
Cep78__CPX,99.03285486,,Cyren,106.2
Gm38357__CTX,99.25062783,,Dmtf1,107.4
"2-Propenamide, 3-phenyl-N-2-propenyl-__PLS",99.29534592,,Fam13b,107.6
Abitram__CPX,99.68302443,,Mia2,108.7
Gm26592__CTX,100.0334861,,Acetoacetic acid,109.5
4930412C18Rik__CPX,100.3357604,,Wwp1,109.6
Cinnamic acid__PLS,100.6031399,,Nxph3,110.9
L-Threitol__PLS,101.0583234,,Ptch2,111.2
Zhx1__CPX,101.1496979,,Aasdhppt,111.2
4933439K11Rik__CPX,101.5766097,,Ctsc,112.4
Tfip11__CTX,101.7102397,,3-Methyladenine,113.4
Zgrf1__CTX,101.8093305,,Ndufs3,116.2
Tmem138__CTX,101.8570596,,Zfp879,117.3
Rpn2__CTX,102.1656672,,Tspan9,117.4
Cyclo-(l-leucyl-l-phenylalanyl)__PLS,102.3727778,,Spopl,117.8
Cfap46__CPX,103.4412132,,Salsoline,118.2
Prdm1__CTX,103.8060373,,Slf2,119.4
Isoxaben__PLS,104.0391709,,Nptn,119.5
Cyren__CPX,105.113474,,Ccdc88a,119.7
Top1__CPX,105.2247146,,Gm23751,119.8
Fam13b__CPX,107.5831378,,Slc25a13,120.0
Mia2__CPX,108.7501941,,2-Amino-4-methylphenol,120.2
Wwp1__CTX,109.5641758,,Desmosterol,120.3
Acetoacetic acid__PLS,110.9695747,,Norketamine,120.3
Ptch2__CTX,111.16302,,5-Aminovaleric acid,123.5
Aasdhppt__CPX,111.1775916,,Tmem167,125.5
Nxph3__CTX,111.871612,,Zfp654,126.3
Ctsc__CPX,112.4195844,,Nphp3,126.6
3-Methyladenine__PLS,114.8564467,,Smco3,127.1
Ndufs3__CPX,116.3306977,,Nudt22,127.9
Aqp11__CPX,117.3775102,,"Quinolin-4-one, 1-[2-(3,4-dimethoxyphenyl)ethyl]-octahydro-",128.0
Dmtf1__CTX,117.407001,,Gm43417,128.3
Spopl__CTX,117.8613539,,Apc,129.3
Ccdc88a__CPX,119.5101373,,Fxr1,130.3
Gm23751__CTX,119.7775795,,Phip,130.4
2-Amino-4-methylphenol__PLS,120.1830513,,Cep290,130.6
Norketamine__PLS,120.6826757,,Drap1,131.2
Salsoline__PLS,120.753202,,Pum1,131.9
Slf2__CTX,120.826803,,"Acetic acid, bis[(trimethylsilyl)oxyl]-",132.1
Tspan9__CPX,120.9095144,,Nans,132.8
Slc25a13__CPX,121.9489552,,Indole-3-carboxaldehyde,133.6
Nptn__CTX,122.9009441,,Nufip2,134.6
Desmosterol__PLS,123.6291232,,"2-(2,5-Dimethoxy-phenyl)-propionaldehyde",135.0
5-Aminovaleric acid__PLS,124.0747665,,"6-Methoxy-1-methyl-1,2,3,4-tetrahydroisoquinolin-7-ol ",135.6
Ndn__CPX,126.1162024,,Ccdc18,138.1
Smco3__CTX,126.7238093,,Rpgr,138.3
Zfp654__CPX,127.6607739,,Hexim2,138.5
Nudt22__CTX,127.8600436,,Pnkp,139.1
Gm43417__CTX,129.0317634,,Ndufa5,139.2
Apc__CTX,129.4605771,,"9,12-Octadecadienoic acid",140.7
Cep290__CPX,130.3263954,,Cltb,140.9
Phip__CTX,130.587964,,Benzeneacetic acid,142.3
Nphp3__CTX,130.6577589,,Serpinb8,143.3
Tmem167__CPX,131.1895459,,9530026P05Rik,143.6
Pum1__CTX,131.9194174,,Etaa1,144.6
"Quinolin-4-one, 1-[2-(3,4-dimethoxyphenyl)ethyl]-octahydro-__PLS",132.0880416,,"Cephalotaxine, 3-deoxy-3,11-epoxy-, (3alpha,11alpha)-",144.8
"Acetic acid, bis[(trimethylsilyl)oxyl]-__PLS",132.2517034,,Crygn,145.8
Fxr1__CPX,132.5296477,,Pdlim1,146.7
Drap1__CTX,133.496517,,Peg13,148.5
Nufip2__CTX,134.7216687,,Zc3hc1,148.8
Indole-3-carboxaldehyde__PLS,135.0774814,,Gm43187,148.9
"6-Methoxy-1-methyl-1,2,3,4-tetrahydroisoquinolin-7-ol __PLS",136.1894151,,Gpr4,149.8
Nans__CTX,137.460713,,1810021B22Rik,150.3
Ccdc18__CPX,138.0911558,,Hook2,151.4
Hexim2__CTX,138.5194567,,Slc1a2,151.8
Pnkp__CTX,139.0990398,,Rmnd5b,152.5
Ndufa5__CTX,139.2345453,,Rplp1,153.2
Rpgr__CTX,139.4532766,,Gls,155.4
Cltb__CPX,140.9801969,,Lactic Acid,156.4
"2-(2,5-Dimethoxy-phenyl)-propionaldehyde__PLS",140.986982,,Thyn1,156.6
"9,12-Octadecadienoic acid__PLS",142.186053,,"Cyclohexene, 3-butyl-3-methyl-1-trimethylsilyloxy-",156.7
Benzeneacetic acid__PLS,142.4614769,,Brdt,157.4
Serpinb8__CPX,143.3249208,,Mtpn,158.3
Etaa1__CTX,144.5783805,,2610020C07Rik,158.8
9530026P05Rik__CPX,144.8478765,,Ube2m,159.0
Crygn__CTX,145.8106818,,Dap3,160.2
"Cephalotaxine, 3-deoxy-3,11-epoxy-, (3alpha,11alpha)-__PLS",146.2103237,,Rsad1,160.4
Zfp879__CPX,146.3790834,,Gm43513,163.4
Pdlim1__CPX,146.7473988,,Sp3,163.4
Gm43187__CTX,148.8680898,,Socs5,165.1
Zc3hc1__CTX,149.4325822,,Tor1aip1,166.6
Gpr4__CPX,149.7584563,,Sqstm1,167.5
Hook2__CPX,151.4431012,,"2,5-Dimethyl-1-aza-bicyclo[2.2.1]heptane",167.7
Slc1a2__CTX,151.7556718,,Stag2,169.2
Rmnd5b__CPX,152.4859635,,Cep350,170.6
Rplp1__CPX,153.9456347,,Cast,171.8
1810021B22Rik__CTX,154.5562786,,Fra10ac1,172.5
Gls__CTX,156.972544,,Guanabenz,173.8
"Cyclohexene, 3-butyl-3-methyl-1-trimethylsilyloxy-__PLS",157.3473355,,"(S,S)-(-)-Hydrobenzoin",173.9
Brdt__CTX,157.3661878,,"Cetaben, N,O-bis(trimethylsilyl)-",174.1
Thyn1__CPX,157.6627136,,Rxrb,174.5
Mtpn__CPX,158.2919206,,Dmxl1,176.2
Ube2m__CPX,158.9627366,,Thoc3,176.5
Lactic Acid__PLS,159.653069,,Slc17a5,176.7
Rsad1__CTX,160.3983147,,"2-Amino-4,6-dihydroxypyrimidine",177.3
Peg13__CTX,163.056781,,Etv1,177.4
Gm43513__CPX,163.3746727,,Gm17259,178.0
Sp3__CTX,163.3843394,,Ess2,179.4
Socs5__CTX,165.1304826,,Sgf29,181.3
2610020C07Rik__CPX,165.8538723,,Gm18284,181.8
Tor1aip1__CTX,166.6130861,,Gm43751,182.3
Stag2__CPX,169.2177247,,5330413P13Rik,182.7
Sqstm1__CTX,169.8720874,,Trimidox,183.4
Cep350__CTX,170.5687728,,Setx,184.7
Cast__CPX,172.0744071,,"Aziridine, 1-(2-buten-2-yl)-",187.1
Fra10ac1__CTX,172.7001301,,Ddt,188.2
"Cetaben, N,O-bis(trimethylsilyl)-__PLS",174.0215647,,N-Acetyltyrosine,189.6
Guanabenz__PLS,174.4666959,,Appbp2,189.6
Rxrb__CTX,174.4797223,,Jam2,190.9
Dmxl1__CTX,176.179581,,"5-Androsten-17alpha-methyl-3beta,17beta-diol",192.3
Thoc3__CTX,176.4852899,,7-(Trimethylsilyl)amino-4-methylcoumarin,193.1
Slc17a5__CPX,177.4942816,,Uros,193.9
"2,5-Dimethyl-1-aza-bicyclo[2.2.1]heptane__PLS",177.6365216,,Gm5141,195.5
Gm17259__CTX,178.3259489,,Gm38380,195.7
Ess2__CPX,179.4978844,,Mxra7,196.1
"(S,S)-(-)-Hydrobenzoin__PLS",180.6511558,,Snrnp48,196.4
Gm18284__CTX,181.5937725,,Dlg3,197.4
"2-Amino-4,6-dihydroxypyrimidine__PLS",182.3860819,,Nol8,197.9
5330413P13Rik__CTX,182.563305,,3-Amino-2-piperidone,198.7
Gm43751__CTX,182.9681246,,Hmgcs1,199.5
Etv1__CTX,183.5237601,,Fam98b,200.2
Sgf29__CTX,183.6138315,,Nit2,200.3
Trimidox__PLS,184.262217,,Fdft1,201.6
Setx__CPX,184.6892737,,Exph5,202.8
Dap3__CTX,186.2245501,,Dhtkd1,204.0
"Aziridine, 1-(2-buten-2-yl)-__PLS",188.8027067,,"Glycine, N-(N-DL-leucylglycyl)-",204.5
Jam2__CTX,190.9320127,,Emc10,204.9
Ddt__CTX,192.2485597,,Hcn3,206.4
"5-Androsten-17alpha-methyl-3beta,17beta-diol__PLS",193.0741232,,Nap1l1,206.6
Tnrc18__CTX,194.3832233,,Phpt1,209.5
N-Acetyltyrosine__PLS,195.3130752,,Hexanoic acid,209.9
7-(Trimethylsilyl)amino-4-methylcoumarin__PLS,195.57531,,Tnrc18,210.8
Mxra7__CTX,196.1507376,,Phosalone,212.6
Snrnp48__CPX,196.720386,,Eea1,213.3
3-Amino-2-piperidone__PLS,198.6426638,,"Benzene, 1,1'-(1,2-cyclobutanediyl)bis-",213.3
Gm5141__CPX,199.1662261,,5-Hydroxyhexanoic acid,213.9
Nit2__CPX,200.3301408,,Allylescaline,214.5
Fam98b__CPX,200.3377195,,D630023F18Rik,214.7
Gm38380__CPX,201.0173575,,Erbin,214.7
Dlg3__CTX,201.2755435,,Igfbp6,214.7
Fdft1__CTX,201.7258269,,Lmbrd2,216.2
Exph5__CPX,203.205084,,Cry2,217.4
Dhtkd1__CTX,203.8770524,,Itaconic acid,217.7
"Glycine, N-(N-DL-leucylglycyl)-__PLS",205.4274055,,Mrps18c,218.2
Hmgcs1__CTX,205.7042842,,Klhl26,218.5
Hcn3__CPX,206.0439842,,Ercc1,219.8
Uros__CPX,206.5027938,,Dnmt3a,220.5
Emc10__CPX,206.5272023,,G2e3,220.8
Dnmt3a__CTX,207.5479608,,Krt73,221.4
Nap1l1__CTX,207.8314974,,Atg4d,221.7
Nol8__CPX,209.3463742,,3-Aminobutanoic acid,221.9
Hexanoic acid__PLS,212.1493246,,Arrdc4,221.9
Phpt1__CTX,212.5850026,,"3-Hydroxy-2,3-dihydromaltol",222.7
"Benzene, 1,1'-(1,2-cyclobutanediyl)bis-__PLS",213.3703534,,Map3k13,224.1
5-Hydroxyhexanoic acid__PLS,214.0524107,,L-Alanine,224.1
D630023F18Rik__CTX,214.2661811,,Lrba,224.6
Phosalone__PLS,215.1836378,,Zfp664,225.9
Lmbrd2__CTX,215.7066526,,Iqgap3,226.1
Appbp2__CTX,216.0396123,,Scyl1,226.6
Allylescaline__PLS,216.2938958,,3-Nonen-1-ol,227.9
Cry2__CTX,217.4571901,,"2-Hexenoic acid, 2-[(trimethylsilyl)oxy]-",229.5
Klhl26__CTX,218.6826191,,Zfp383,230.1
Ercc1__CTX,219.7889125,,Cmtm7,230.3
Mrps18c__CTX,220.4968772,,"Furan, 2-pentyl-",230.4
Krt73__CTX,221.4439572,,Atp1b1,230.6
Atg4d__CTX,221.6592205,,4-Hydroxybenzoic acid,231.6
Eea1__CPX,221.9307746,,"1-Octene, 2-methyl-",232.8
Arrdc4__CPX,221.9658685,,Ofd1,232.9
"3-Hydroxy-2,3-dihydromaltol__PLS",222.4044679,,Birc2,234.3
Igfbp6__CPX,223.1279954,,Vps13d,234.5
G2e3__CPX,224.8026454,,Gm15408,234.6
Itaconic acid__PLS,225.2571004,,Topbp1,234.8
Zfp664__CTX,225.8992325,,Nkapd1,234.9
L-Alanine__PLS,226.2595199,,Ada,235.0
Scyl1__CPX,227.2759426,,N-Acetyl-L-glutamic acid,237.2
Zfp383__CPX,231.0454086,,Fer,239.7
"Furan, 2-pentyl-__PLS",231.7256071,,"Benzene, 1,3-bis(1,1-dimethylethyl)-",240.2
Atp1b1__CTX,231.7543945,,Col5a3,240.6
Ofd1__CPX,233.1145805,,Faap24,240.6
Cmtm7__CTX,233.2456947,,Gm37204,240.6
Lrba__CTX,233.7040607,,Arhgef26,241.3
4-Hydroxybenzoic acid__PLS,233.8077474,,Ptges3,241.7
Birc2__CPX,234.2998957,,Stk26,243.3
3-Nonen-1-ol__PLS,234.4576253,,Slc2a4rg-ps,245.0
Topbp1__CPX,234.8224233,,"Cholest-22-ene-21-ol, 3,5-dehydro-6-methoxy-, pivalate",245.0
Ada__CPX,235.0326007,,Nlgn2,247.5
"1-Octene, 2-methyl-__PLS",236.2201867,,Asb8,249.0
Vps13d__CTX,236.3289348,,Plekhg5,249.0
"2-Hexenoic acid, 2-[(trimethylsilyl)oxy]-__PLS",237.8749183,,Ccdc33,249.2
Nkapd1__CPX,238.5876631,,Delorazepam,250.8
Fer__CPX,239.7880119,,Gm15513,251.1
N-Acetyl-L-glutamic acid__PLS,240.0072423,,Ro60,252.0
Col5a3__CPX,240.5554592,,Med13l,252.2
Faap24__CPX,240.5554592,,Zfp869,253.6
Gm37204__CPX,240.7276798,,Naa40,253.8
Arhgef26__CTX,241.2772855,,Gpaa1,253.9
"Benzene, 1,3-bis(1,1-dimethylethyl)-__PLS",241.5100141,,Zcchc12,258.0
Stk26__CPX,243.2619676,,Neu2,260.2
Ptges3__CPX,244.7103516,,Zfp768,261.2
Map3k13__CTX,244.8205137,,Pabpc1,261.5
Iqgap3__CTX,245.0186754,,L-Tyrosine,261.7
3-Aminobutanoic acid__PLS,247.0785396,,Ribitol,263.5
Gm15408__CPX,247.806855,,Ndn,264.3
"Cholest-22-ene-21-ol, 3,5-dehydro-6-methoxy-, pivalate__PLS",249.4053179,,Ndufv3,266.9
Plekhg5__CTX,250.5505216,,2-Acetyl-5-chloro-3-methylbenzo(b)thiophene,268.4
Nlgn2__CTX,250.5634199,,Rpl37,268.5
Delorazepam__PLS,250.7235205,,p-Hydroxydiisopropylbenzene,268.8
Asb8__CPX,251.2413428,,alpha-Linolenic acid,271.1
Gm15513__CTX,251.3538272,,Psmd8,272.6
Ccdc33__CPX,251.7125246,,Atp5mg,274.2
Med13l__CTX,252.134092,,Nol3,276.4
Zfp869__CTX,254.0702803,,Vcpip1,276.7
Gpaa1__CPX,254.8403455,,Fzr1,277.5
Ascc3__CTX,254.8898917,,"Cyclopentanone, 2,2,4-trimethyl-",277.8
Mydgf__CTX,255.0946894,,Mydgf,280.1
Ro60__CPX,256.0079566,,"3-Buten-2-one, 4-(4-methoxyphenyl)-",280.7
Slc2a4rg-ps__CTX,256.8954805,,Arachidonic acid,282.8
Neu2__CTX,260.1511126,,1-Phenethylamine,283.7
Zfp768__CPX,261.238402,,Xpnpep1,284.0
Zcchc12__CTX,261.7696718,,Kmt2d,286.8
Pabpc1__CPX,262.3218984,,Gm42442,287.8
L-Tyrosine__PLS,263.632799,,Srebf2,288.5
Rpl37__CPX,268.6957294,,Phloroglucinol,288.8
2-Acetyl-5-chloro-3-methylbenzo(b)thiophene__PLS,269.4264452,,B130034C11Rik,288.8
Psmd8__CPX,273.0518484,,Psip1,290.7
Ribitol__PLS,273.1215366,,Exoc1,290.7
Atp5mg__CPX,273.719772,,Hmgb2,291.0
Naa40__CTX,275.7820503,,Smc6,291.2
p-Hydroxydiisopropylbenzene__PLS,276.2058824,,Wdr27,294.0
Vcpip1__CTX,276.5933271,,"beta-D-Galactofuranose, 1,2,3,5,6-pentakis-O-(trimethylsilyl)-",294.4
"Cyclopentanone, 2,2,4-trimethyl-__PLS",277.8449746,,Clip4,295.1
Fzr1__CPX,279.6668672,,Galactopyranose,295.2
"3-Buten-2-one, 4-(4-methoxyphenyl)-__PLS",281.8952271,,D-Mannose,295.3
alpha-Linolenic acid__PLS,283.4103549,,Rfx1,296.9
Arachidonic acid__PLS,284.0335704,,Minar1,299.2
Xpnpep1__CTX,284.7017337,,Psd3,300.3
1-Phenethylamine__PLS,285.2743579,,Plekha3,300.4
Gm42442__CTX,287.9140805,,Dynll1,300.5
Srebf2__CPX,288.5329652,,1-Octanol,301.0
B130034C11Rik__CPX,288.7599122,,Serpinb1b,302.2
Exoc1__CPX,290.7140335,,Mansc4,302.4
Smc6__CPX,291.0705397,,Tnfrsf1b,302.7
Psip1__CPX,292.4639042,,Tcf4,303.3
Wdr27__CTX,294.4106639,,Pcx,303.6
Clip4__CTX,295.3017747,,Chmp6,304.3
"beta-D-Galactofuranose, 1,2,3,5,6-pentakis-O-(trimethylsilyl)-__PLS",295.613761,,"2-Heptanone, 4,6-dimethyl-",306.9
D-Mannose__PLS,296.9800978,,"2,2-Diallylpyrrolidine",307.1
Kmt2d__CTX,298.7041726,,Fry,308.0
Phloroglucinol__PLS,298.8529776,,Emd,308.9
Minar1__CTX,299.1858133,,Glucopyranose,310.2
Plekha3__CTX,300.3536573,,"Cyclopentaneacetic acid, 3-oxo-2-pentyl-",310.5
Psd3__CTX,300.5003392,,Zfp638,316.0
Serpinb1b__CTX,302.4679418,,Vps39,316.5
Dynll1__CPX,302.5043389,,Mtmr10,320.7
Galactopyranose__PLS,302.9001706,,Gm38077,320.8
1-Octanol__PLS,302.9520709,,Tmem242,321.6
Tcf4__CTX,303.3051499,,Dodecanoic acid,322.5
Mansc4__CPX,303.4182603,,5730409E04Rik,322.8
Pcx__CTX,303.678324,,Gm43133,324.0
Tnfrsf1b__CPX,306.0348795,,Vps13b,327.0
Rfx1__CTX,306.7899137,,"2,3,4-Trihydroxybutyric acid tetrakis",330.1
"2-Heptanone, 4,6-dimethyl-__PLS",306.9243724,,4921524J17Rik,332.6
Chmp6__CTX,307.3082941,,Ccar1,334.3
Hmgb2__CTX,307.489648,,Samd14,335.4
Glucopyranose__PLS,309.230387,,Nt5m,335.6
Emd__CPX,310.3602717,,Fzd5,337.9
"2,2-Diallylpyrrolidine__PLS",311.2362394,,Psmd2,340.2
Fry__CTX,312.5910035,,Fndc3a,341.7
"Cyclopentaneacetic acid, 3-oxo-2-pentyl-__PLS",315.6668512,,Smarca2,344.7
Zfp638__CTX,316.1566206,,L-Tryptophan,346.0
Vps39__CTX,318.4494542,,Zfp760,348.4
Mtmr10__CTX,321.3763927,,Fhad1,351.0
Gm38077__CTX,321.7136489,,Usp9x,351.0
5730409E04Rik__CTX,323.0866223,,3-Aminobenzoic acid,351.1
Gm43133__CTX,325.7588401,,Butylated Hydroxytoluene,352.1
Tmem242__CTX,327.6202228,,Tubg2,353.8
Vps13b__CPX,328.3672436,,Fgfr1op2,354.2
Dodecanoic acid__PLS,330.164067,,Tbc1d2,355.6
Ccar1__CPX,334.3186831,,DL-Phenylalanine,356.0
"2,3,4-Trihydroxybutyric acid tetrakis__PLS",334.4670451,,"N-(Trifluoroacetyl)-N,O,O'-tris(trimethylsilyl)normetanephrine",357.5
Nol3__CTX,335.0252104,,Gas1,360.0
4921524J17Rik__CTX,336.0607552,,Tbcb,362.0
Fzd5__CTX,337.9166963,,Crygn,362.8
Nt5m__CPX,344.0437762,,"D-Isoleucine, N-acetyl-",363.2
Samd14__CPX,345.8344852,,Methyl isovanillate,363.7
L-Tryptophan__PLS,347.3229413,,"1-Methyl-N,N-bis(trimethylsilyl)-4-[(trimethylsilyl)oxy]-1H-imidazol-2-amine",365.0
Zfp760__CPX,348.4344816,,"3-(3-Cyclohexylaminopropionylamino)-5-ethylthiophene-2-carboxylic acid, ethyl ester",365.5
Smarca2__CPX,349.7922153,,Atp7a,365.9
Ogdhl__CTX,349.8324578,,Alkbh1,366.1
Fndc3a__CPX,351.3653095,,Gmppa,367.5
Fgfr1op2__CPX,353.4437715,,Pten,367.5
Fhad1__CPX,353.7671918,,St8sia6,368.1
Usp9x__CPX,354.899566,,Octocrylene,370.8
Butylated Hydroxytoluene__PLS,358.7666554,,Uridine,371.6
"N-(Trifluoroacetyl)-N,O,O'-tris(trimethylsilyl)normetanephrine__PLS",360.544856,,Col8a1,373.3
Tbcb__CTX,362.0641215,,Inpp4a,373.4
DL-Phenylalanine__PLS,362.1702692,,Gh,375.0
Psmd2__CTX,362.5493219,,Setbp1,376.9
Crygn__CPX,362.9392126,,Cracr2b,377.5
Methyl isovanillate__PLS,364.4234534,,Acacb,378.2
Alkbh1__CTX,366.1826737,,Mtm1,380.4
Tbc1d2__CPX,367.3191494,,2-Methylglutaconic acid,381.0
St8sia6__CTX,368.0647718,,Snora35,384.7
Pten__CPX,368.1689349,,3-Ureidopropionic acid,385.1
Atp7a__CPX,368.5974215,,Glyceric acid,387.2
Gas1__CTX,370.228872,,Ubb,388.1
Gmppa__CPX,371.6023019,,Nonanal,388.5
"D-Isoleucine, N-acetyl-__PLS",371.7125937,,Psme1,388.7
3-Aminobenzoic acid__PLS,371.7962376,,2810021J22Rik,390.2
"1-Methyl-N,N-bis(trimethylsilyl)-4-[(trimethylsilyl)oxy]-1H-imidazol-2-amine__PLS",373.1929275,,"Glycine, N-(1-oxobutyl)-",390.5
Col8a1__CPX,373.2925291,,Ndfip1,390.8
Inpp4a__CPX,373.3615257,,Senp7,391.5
Gh__CTX,375.0349099,,Ctr9,391.6
Uridine__PLS,376.7680491,,Slc25a12,394.0
Setbp1__CPX,376.9039062,,Glycolic acid,394.9
Acacb__CPX,378.7095376,,Kras,396.0
Mtm1__CTX,380.9075756,,Bis(trimethylsilyl)acetylene,398.3
Octocrylene__PLS,383.3057177,,13-Docosenamide,398.6
2-Methylglutaconic acid__PLS,384.1825859,,Smim15,398.8
UNKNOWN_3__CTX,385.8434111,,Gm37777,402.2
Ilkap__CPX,385.8737142,,Ylpm1,403.7
3-Ureidopropionic acid__PLS,387.0466413,,"Benzene, 4-ethenyl-1,2-dimethoxy-",404.5
Glyceric acid__PLS,387.311317,,"Dodecanoic acid, 1-methylethyl ester",405.0
Psme1__CTX,388.7394337,,Cstf2,407.7
2810021J22Rik__CTX,390.2229906,,Tagln2,408.2
Ndfip1__CPX,390.9871467,,2-Hexen-1-ol,408.7
Ubb__CTX,391.318488,,Zbtb37,410.0
Ctr9__CPX,391.7877986,,mt-Nd2,411.0
Cracr2b__CPX,393.4414716,,Wbp1,412.1
"3-(3-Cyclohexylaminopropionylamino)-5-ethylthiophene-2-carboxylic acid, ethyl ester__PLS",394.0912891,,1-(3-Methylphenyl)piperazine,412.1
Slc25a12__CTX,394.6859041,,Mtpap,412.6
Nonanal__PLS,395.5789448,,Ascc3,413.0
Kras__CPX,395.9746297,,Arhgap19,415.3
"Glycine, N-(1-oxobutyl)-__PLS",398.1818454,,Abhd11,420.4
Bis(trimethylsilyl)acetylene__PLS,398.5720272,,Etv3,421.0
13-Docosenamide__PLS,398.5943683,,Stk32c,422.6
Smim15__CPX,398.6137264,,Ankra2,425.0
Gm37777__CTX,402.206552,,Spata24,425.0
Ylpm1__CPX,404.5269984,,Ppp5c,425.0
Glycolic acid__PLS,406.0516918,,Cables2,425.0
Tagln2__CPX,407.9126361,,Gm9920,425.0
Zbtb37__CTX,409.6998038,,Maf,425.0
Cstf2__CPX,411.619976,,Osgin2,425.0
"Dodecanoic acid, 1-methylethyl ester__PLS",412.473939,,Zfp689,425.0
Wbp1__CTX,412.5001726,,Gm26691,425.0
Mtpap__CTX,412.5560368,,Tbx3os1,425.0
2-Hexen-1-ol__PLS,413.727762,,Svil,425.0
mt-Nd2__CPX,414.7459224,,Arf2,425.0
Snora35__CPX,417.2188629,,Dus4l,425.0
1-(3-Methylphenyl)piperazine__PLS,417.627449,,Arid2,425.0
"Benzene, 4-ethenyl-1,2-dimethoxy-__PLS",417.7710148,,Ncl,425.0
Abhd11__CTX,419.738659,,Carmil3,425.0
Ankra2__CTX,425,,Mecp2,425.0
Spata24__CTX,425,,Cul4b,425.0
Maf__CTX,425,,E2f3,425.0
Ppp5c__CPX,425,,Gm2445,425.0
Gm26691__CTX,425,,Gimap4,425.0
Cables2__CPX,425,,Bcl2l12,425.0
Gm9920__CPX,425,,Hs3st3b1,425.0
Zfp689__CTX,425,,Flnc,425.0
Tbx3os1__CTX,425,,Gm8186,425.0
Arf2__CPX,425,,Pcgf5,425.1
Osgin2__CTX,425,,Spsb2,425.3
Mecp2__CTX,425,,Impact,425.5
Ncl__CTX,425,,Fbxl22,426.0
Arid2__CPX,425,,Zfp738,426.1
Dus4l__CTX,425,,Ndst2,426.2
Svil__CTX,425,,Gm42636,426.6
Cul4b__CTX,425,,Efhb,427.6
E2f3__CTX,425,,Tax1bp3,427.7
Gm2445__CPX,425,,Gab2,427.9
Bcl2l12__CPX,425,,Gm25517,428.3
Gimap4__CTX,425,,Rpl28-ps1,428.7
Hs3st3b1__CTX,425,,Paxbp1,429.9
Gm8186__CTX,425,,Fads2,430.8
Carmil3__CTX,425,,Scrib,430.8
Flnc__CTX,425,,Rgs5,431.2
Pcgf5__CPX,425.0714096,,2-Ethyl-3-hydroxypropionic acid,431.9
Spsb2__CTX,425.2574475,,Ethanolamine,432.2
Ndst2__CTX,425.9625,,"Benzo[b]fluorene, 5-amino-7-methyl-1,2,3,4,6,7,8,9-octahydro-11-thia-10-aza-",432.3
Fbxl22__CTX,425.999697,,Carf,433.0
Zfp738__CTX,426.0553339,,Decanoic acid,433.2
Gm42636__CPX,426.62776,,1-Tetradecanol,434.3
Efhb__CPX,427.6262499,,Gm42853,434.6
Tax1bp3__CPX,427.6806247,,Scarf1,434.7
Gab2__CTX,427.9400364,,Chmp4c,435.6
Gm25517__CPX,428.252988,,Limch1,436.2
Fads2__CTX,430.7707075,,Gria4,437.2
Scrib__CPX,430.9178079,,Vmac,437.2
Decanoic acid__PLS,432.8330863,,Tet1,437.8
Carf__CTX,432.9775787,,Vps13c,440.2
Rgs5__CTX,434.2222801,,5730408A14Rik,442.8
Gm42853__CTX,434.5539307,,Gm28523,443.4
Scarf1__CTX,434.730334,,Lmtk3,444.5
Limch1__CPX,436.5392892,,Cfap418,447.2
Chmp4c__CPX,436.5686522,,Gm42463,447.3
Tet1__CPX,437.7828133,,Cnih2,447.5
Vmac__CTX,438.876838,,Flvcr1,449.0
Ethanolamine__PLS,439.4624308,,Btbd2,450.7
Stk32c__CTX,439.5248548,,Ube3c,451.7
2-Ethyl-3-hydroxypropionic acid__PLS,439.8308836,,Npat,452.7
5730408A14Rik__CTX,442.8072845,,Gde1,453.9
Gm28523__CTX,443.7360464,,Diphenyl ether,453.9
Gria4__CTX,444.8188829,,Kdm3b,454.4
"Benzo[b]fluorene, 5-amino-7-methyl-1,2,3,4,6,7,8,9-octahydro-11-thia-10-aza-__PLS",445.2035196,,Slc7a11,454.5
Cfap418__CTX,447.1650485,,Steap3,454.9
Gm42463__CPX,447.3355361,,Slc29a4,455.4
Cnih2__CPX,447.711852,,Smc4,457.4
Arhgap19__CTX,448.4471669,,Ric3,457.7
Flvcr1__CPX,448.9558964,,Xpr1,458.0
Btbd2__CPX,450.8254085,,Ap3s2,458.1
Smyd5__CTX,451.9634747,,Aatf,462.5
Rpl28-ps1__CTX,452.4786349,,Vanillylmandelic acid,463.6
Npat__CPX,452.6781064,,Rab40c,464.2
Kdm3b__CTX,454.3167441,,Tsen34,464.5
Lmtk3__CPX,454.5516152,,Gm13340,464.5
Slc7a11__CTX,454.5808851,,Baiap2l1,464.7
1-Tetradecanol__PLS,454.8130277,,Extl1,465.9
Steap3__CTX,454.9186562,,Plscr2,466.2
Slc29a4__CPX,455.394131,,Smyd5,467.7
Smc4__CPX,457.0842405,,Luzp1,470.4
Xpr1__CTX,457.9741933,,Pard6a,471.1
Ap3s2__CPX,458.077085,,Rad54l2,471.8
Diphenyl ether__PLS,461.0229894,,Nsg2,475.0
Ube3c__CPX,462.1057376,,"Pentanedioic acid, 2-[(trimethylsilyl)oxy]-",476.3
Aatf__CTX,462.5395683,,Por,477.9
Ric3__CPX,463.5161388,,Dek,479.0
Baiap2l1__CPX,464.5361219,,Azatadine,479.1
Gm13340__CTX,464.8152362,,4632415L05Rik,480.4
Rab40c__CTX,465.6332224,,Dhx9,480.5
Erbin__CTX,466.9793798,,Gm14634,482.2
Plscr2__CPX,470.00153,,Usp33,483.9
Rad54l2__CTX,470.0322169,,Ash1l,488.6
Gde1__CTX,471.2879681,,Yars1,489.1
Luzp1__CPX,471.5971467,,Sh2b3,489.4
Tsen34__CTX,472.5406573,,Tmem161b,490.2
Nsg2__CPX,474.9946246,,N-(Trimethylsilyl)hexanamide,493.0
Extl1__CTX,475.0174996,,"Propiophenone, 3',4'-dimethoxy-",493.6
Vanillylmandelic acid__PLS,476.331944,,Rab24,494.6
Paxbp1__CTX,477.5315993,,Arhgef1,494.7
Azatadine__PLS,479.8403,,Shfl,495.5
4632415L05Rik__CPX,480.3503476,,Net1,495.9
Dhx9__CPX,480.9014528,,Tmem203,496.2
"Pentanedioic acid, 2-[(trimethylsilyl)oxy]-__PLS",481.9385807,,Dr1,497.6
Pard6a__CPX,482.1363688,,1110004F10Rik,499.1
Gm14634__CTX,482.2304551,,"6,8-Dioxapentadecane",501.4
Dek__CPX,482.9062888,,Chi3l1,502.0
Usp33__CPX,483.938368,,Zfp523,502.2
Ash1l__CPX,488.3679986,,Brwd3,502.5
Sh2b3__CPX,489.4339675,,Isonicotinic Acid,504.7
Tmem161b__CPX,489.7060765,,Srcap,506.0
Por__CPX,490.3090527,,H2bc27,508.1
Yars1__CTX,491.2048349,,4-Methylvaleric acid,508.8
Rab24__CTX,494.7009566,,Prkaca,511.0
Tmem203__CPX,496.6107219,,Rad50,512.9
1110004F10Rik__CPX,501.5460725,,Msh2,513.8
Dr1__CPX,501.8190592,,Patl1,514.4
Zfp523__CTX,502.2989917,,Msi2,514.6
N-(Trimethylsilyl)hexanamide__PLS,503.4060476,,Pbx1,516.1
Brwd3__CTX,503.4799084,,N-Valerylglycine,516.7
Srcap__CTX,508.7369428,,Hsdl2,518.4
Prkaca__CPX,510.6650946,,Mrps18a,518.7
"6,8-Dioxapentadecane__PLS",512.2413793,,Pcdhb19,521.2
"Propiophenone, 3',4'-dimethoxy-__PLS",512.5939734,,Atp8a1,522.5
Msh2__CPX,513.2174692,,Mpst,522.5
Net1__CPX,513.531421,,Plcb4,527.1
Patl1__CTX,514.3575405,,Npepps,527.4
Arhgef1__CTX,515.1375807,,"15-Oxo-11Z,13E-eicosadienoic acid",527.9
Pbx1__CPX,516.0629134,,Bend3,530.0
Rad50__CPX,517.126556,,"Pentanedioic acid, 3-methyl-3-[(trimethylsilyl)oxy]-",532.7
Msi2__CTX,517.5215441,,Tcea1-ps1,533.6
Chi3l1__CPX,518.6687076,,Trib1,536.2
Mrps18a__CPX,518.7163215,,Nipbl,537.5
Shfl__CPX,519.4465164,,3'-Hydroxyacetophenone,541.2
Isonicotinic Acid__PLS,520.125355,,Zmym6,541.2
Pcdhb19__CTX,521.2056725,,Utp20,541.7
H2bc27__CTX,522.1657908,,"2-Allyl-1,4-dimethoxybenzene",542.7
Atp8a1__CTX,522.5072192,,Dap3,546.9
Mpst__CTX,522.622179,,Gm38299,551.3
Tcea1-ps1__CTX,526.3644837,,Gm37941,553.3
Plcb4__CPX,527.5814827,,Rpl8,553.7
"15-Oxo-11Z,13E-eicosadienoic acid__PLS",528.487879,,Zranb2,554.3
Npepps__CPX,529.3632212,,Glyoxime,555.0
Bend3__CTX,534.7034772,,9-Octadecenoic acid,558.0
Trib1__CTX,536.1999259,,Erh,558.3
4-Methylvaleric acid__PLS,537.069253,,Papss1,562.0
Hsdl2__CPX,537.2519408,,Lpgat1,562.6
"Pentanedioic acid, 3-methyl-3-[(trimethylsilyl)oxy]-__PLS",540.8789713,,mt-Tv,563.4
Utp20__CTX,541.6767272,,Gpr19,568.2
N-Valerylglycine__PLS,543.3597062,,Rhebl1,568.2
"2-Allyl-1,4-dimethoxybenzene__PLS",543.7652377,,"7-Isoquinolinol, 1,2,3,4-tetrahydro-1-[(4-hydroxyphenyl)methyl]-6-methoxy-",568.3
3'-Hydroxyacetophenone__PLS,543.7656135,,Tmem100,568.3
Dap3__CPX,546.510381,,Sntb2,568.6
Nipbl__CPX,552.4979415,,Cops8,569.0
Gm38299__CTX,552.9961331,,Kpna4,573.8
Gm37941__CTX,553.3483829,,Phactr2,574.1
Glyoxime__PLS,555.2399801,,Ikzf5,574.7
Erh__CTX,558.29752,,Tsc22d1,576.0
Rpl8__CTX,558.8200994,,Wasl,578.3
Zmym6__CTX,560.9901309,,"(2S,3R)-3-[(4E,7E)-Nona-4,7-dienoyl]-N,N-bis(trimethylsilyl)oxirane-2-carboxamide ",578.6
Papss1__CPX,562.3520902,,Fam193b,580.2
mt-Tv__CPX,563.2449784,,Scp2-ps2,580.6
Lpgat1__CPX,565.9939499,,Mrps5,581.0
Zranb2__CTX,566.3719038,,Atp5mf,583.2
9-Octadecenoic acid__PLS,566.7049355,,1-Monoacetin,583.4
Tmem100__CTX,567.6908239,,"1,2,3,10,11,11a-Hexahydro-6,7,8-trimethoxy-3-oxo-5H-dibenzo(a,d)cycloheptene",584.1
Gpr19__CPX,568.2467808,,Iqgap2,587.0
Rhebl1__CTX,568.2467808,,H1f10,588.6
Sntb2__CPX,570.7423605,,Gm43765,590.7
Phactr2__CPX,573.9967536,,"3,4,5-Trihydroxypentanoic acid, tetrakis(trimethylsilyl)-",591.9
Ikzf5__CPX,574.7290018,,Kdelr1,600.1
Tsc22d1__CPX,575.9818275,,D030028A08Rik,600.3
Kpna4__CPX,577.74829,,Ube2q2,601.1
Scp2-ps2__CPX,580.6481743,,Chst14,605.5
Mrps5__CPX,580.7065522,,Gphn,611.4
"1,2,3,10,11,11a-Hexahydro-6,7,8-trimethoxy-3-oxo-5H-dibenzo(a,d)cycloheptene__PLS",583.3455155,,Ddb1,612.1
"7-Isoquinolinol, 1,2,3,4-tetrahydro-1-[(4-hydroxyphenyl)methyl]-6-methoxy-__PLS",584.6986633,,Rtkn,612.9
Wasl__CPX,588.5662024,,Syt17,614.0
H1f10__CTX,590.1807008,,Mpp7,615.7
Gm43765__CTX,591.2546488,,Hydroquinidine,615.8
Impact__CTX,594.1957676,,Gm37061,616.7
1-Monoacetin__PLS,595.6179545,,R3hdm1,618.1
"(2S,3R)-3-[(4E,7E)-Nona-4,7-dienoyl]-N,N-bis(trimethylsilyl)oxirane-2-carboxamide __PLS",596.1624488,,Taf1b,618.7
"3,4,5-Trihydroxypentanoic acid, tetrakis(trimethylsilyl)-__PLS",598.1314551,,Phenylalanine,621.0
D030028A08Rik__CTX,600.3232291,,Sec24a,626.1
Kdelr1__CTX,600.571782,,Eid2,627.5
Atp5mf__CTX,600.8771648,,Dlgap4,628.7
Ube2q2__CPX,601.120294,,Spata13,631.6
Iqgap2__CPX,603.5718201,,D-Fructose,634.5
Cops8__CTX,606.6734628,,Mirin,634.9
Fam193b__CTX,610.3175775,,"1,4-diazabicyclo[4.3.0]nonan-2,5-dione, 3-methyl ",638.1
Gphn__CTX,611.3114322,,Tpr,640.7
Ddb1__CPX,612.1437748,,Adsl,643.6
Rtkn__CPX,612.9398561,,Fcf1,644.0
Mpp7__CPX,615.467158,,Gm3687,647.6
Gm37061__CTX,616.555882,,Octopamine,649.3
Taf1b__CTX,618.4459421,,"Ethanone, 1-(2,5-dimethoxyphenyl)-",650.4
Senp7__CTX,621.3664444,,Cog8,651.2
R3hdm1__CTX,622.6003166,,Stearic acid,654.0
Chst14__CTX,624.9873575,,L-Leucine,654.0
Hydroquinidine__PLS,625.218404,,"Cholest-7-en-3-ol, (3beta,5alpha)-",654.0
Sec24a__CTX,626.461089,,Trimethylsilyl oct-2-enoate,654.0
Eid2__CTX,627.4901965,,2-Pyrrolidinone,654.0
Phenylalanine__PLS,631.3414604,,Eeig1,654.0
Etv3__CTX,633.2095849,,Rlbp1,655.7
Spata13__CPX,638.5413808,,Adamtsl1,655.8
Syt17__CPX,639.7690088,,Lrrc8a,657.1
Adsl__CTX,640.8199846,,Clcn2,659.1
Fcf1__CPX,641.2951061,,Niacinamide,659.2
Tpr__CPX,644.8199929,,Agbl3,660.1
Gm3687__CTX,646.0522874,,Nosip,660.6
Dlgap4__CPX,648.0351394,,Tmem184c,661.5
Mirin__PLS,648.1941038,,Cldn22,665.8
D-Fructose__PLS,648.5164408,,"(R*,S*)-2,3-Dihydroxybutanoic acid",665.9
"1,4-diazabicyclo[4.3.0]nonan-2,5-dione, 3-methyl __PLS",656.4438144,,Exoc5,671.4
Lrrc8a__CPX,657.7044885,,Ncaph2,671.9
Nosip__CTX,661.1834503,,Pcmtd1,675.4
Tmem184c__CPX,662.2380177,,Fpgt,685.2
Agbl3__CPX,663.9610688,,Eif2s2,685.4
Cldn22__CPX,665.8464074,,Arl1,687.1
Clcn2__CPX,667.2884645,,Pigyl,688.2
Pcmtd1__CTX,669.4277201,,Josd1,688.8
Octopamine__PLS,669.8414579,,Hip1,690.8
"Ethanone, 1-(2,5-dimethoxyphenyl)-__PLS",669.9513533,,Flnb,693.3
Exoc5__CTX,671.3433176,,Quazodine,694.7
2-Pyrrolidinone__PLS,673,,"D-(+)-Ribono-1,4-lactone (R,S,R)-",699.5
Eeig1__CPX,673,,Ildr2,700.0
L-Leucine__PLS,673,,Hmox2,700.1
"Cholest-7-en-3-ol, (3beta,5alpha)-__PLS",673,,Spns1,701.0
Trimethylsilyl oct-2-enoate__PLS,673,,Indole-5-carboxylic acid,702.7
Stearic acid__PLS,673,,Tributyl acetylcitrate,703.1
Adamtsl1__CPX,674.2457889,,"beta-d-Fructopyranose, 1-deoxy-1-(4-morpholinyl)-2,3,4,5-tetrakis-O-(trimethylsilyl)-",704.6
Cog8__CPX,681.7100506,,Hlx,707.3
"(R*,S*)-2,3-Dihydroxybutanoic acid__PLS",683.4494884,,Ketamine,707.7
Fpgt__CTX,684.9870139,,Dalrd3,710.2
Eif2s2__CTX,685.4348006,,Nfyb,718.8
Niacinamide__PLS,686.2830394,,Mrfap1,725.6
Ncaph2__CPX,688.399877,,"6,7,4'-Trihydroxyisoflavone",725.7
Josd1__CPX,688.6672661,,Cdc73,728.2
Hip1__CPX,689.6721269,,Sh3bgrl2,735.1
Rlbp1__CPX,698.4531314,,Psma4,735.6
Spns1__CTX,701.0140647,,Tmem204,736.3
Flnb__CTX,701.9660451,,Serbp1,737.3
Arl1__CTX,706.5421337,,Slc22a17,737.8
Pigyl__CPX,707.2340959,,Ftx,741.3
Hlx__CTX,707.3250815,,Med18,746.1
Indole-5-carboxylic acid__PLS,708.789313,,Eef1a1,756.5
Quazodine__PLS,714.1341555,,Ptk2b,759.0
"D-(+)-Ribono-1,4-lactone (R,S,R)-__PLS",717.936404,,Pi4ka,760.7
Ildr2__CPX,718.8083572,,"1-Piperazineethanol, 4-dibenzo[b,f][1,4]thiazepin-11-yl-",761.9
Dalrd3__CTX,719.0599638,,Stxbp4,763.6
Nfyb__CPX,721.1211158,,Clpp,767.6
Tributyl acetylcitrate__PLS,723.2405487,,Gprc5c,770.4
Mrfap1__CTX,725.4197137,,Atp6v1f,771.0
Tmem204__CPX,725.6936264,,Men1,772.1
Cdc73__CTX,728.1664259,,Dctpp1,773.8
"beta-d-Fructopyranose, 1-deoxy-1-(4-morpholinyl)-2,3,4,5-tetrakis-O-(trimethylsilyl)-__PLS",728.7456351,,Arid4a,777.7
Ketamine__PLS,735.3318985,,Gm15675,777.7
"6,7,4'-Trihydroxyisoflavone__PLS",735.4804941,,Suz12,779.1
Serbp1__CPX,737.5210248,,Rad54l2,782.8
Slc22a17__CTX,737.7760039,,Latanoprost lactone diol,784.0
Sh3bgrl2__CPX,742.2677274,,Dync2li1,785.9
Psma4__CPX,743.8193641,,Nfe2l2,786.2
Eef1a1__CPX,759.1088866,,Zpr1,787.9
Ptk2b__CPX,759.2006238,,Tmem104,791.9
Men1__CPX,766.6675595,,"Tacrine, N-trimethylsilyl-",794.4
Pi4ka__CPX,767.9140338,,Sox13,799.1
Ftx__CTX,769.4902433,,Pja2,803.0
Atp6v1f__CPX,772.9483775,,BC065397,805.7
Dctpp1__CTX,773.6787895,,Ap3b1,809.5
Arid4a__CPX,779.6944467,,Gdap1,810.3
Gprc5c__CPX,782.1058878,,4-Hydroxyphenyllactic acid,810.7
Suz12__CPX,783.1371942,,Pla2g3,812.1
Dync2li1__CPX,786.247295,,Pdss1,812.1
"1-Piperazineethanol, 4-dibenzo[b,f][1,4]thiazepin-11-yl-__PLS",786.5792247,,Stk33,815.0
Med18__CTX,787.5128379,,Oaz2,817.8
Clpp__CPX,787.8411392,,Btg1,822.3
Zpr1__CTX,787.9639878,,n-Pentadecanol,822.4
Gm15675__CPX,792.6432159,,Suberic acid,822.7
Sox13__CPX,793.1746069,,Methyl-3-methoxy-5-methyl benzoate,823.6
Pja2__CTX,802.6455841,,Gxylt1,823.7
Nfe2l2__CPX,804.8697853,,Gm42727,830.7
BC065397__CPX,805.7099483,,Ahcyl2,831.0
Latanoprost lactone diol__PLS,808.6977134,,Ttc8,833.9
Pla2g3__CPX,811.5954185,,Psmd10,835.9
Pdss1__CPX,811.6406696,,Ccnd1,836.0
"Tacrine, N-trimethylsilyl-__PLS",813.4080731,,Serpina3n,839.0
Gdap1__CTX,813.593246,,Gm37452,839.1
Ap3b1__CPX,815.2076457,,Muc3a,839.9
Hmox2__CTX,816.8007016,,Cdkn1c,840.8
Btg1__CPX,823.3249278,,Kcnj4,845.0
Methyl-3-methoxy-5-methyl benzoate__PLS,826.4977393,,Tceanc,849.9
Tubg2__CTX,831.266724,,Rgs17,850.0
Gm42727__CTX,831.2730427,,Unk,850.0
Stxbp4__CPX,833.3106913,,Twsg1,850.0
Stk33__CPX,834.3775391,,Drc3,850.0
Ccnd1__CPX,835.9628121,,Ybx1,851.5
Rad54l2__CPX,837.4221923,,Kank3,852.3
Gm37452__CTX,839.1424247,,Nek8,857.0
4-Hydroxyphenyllactic acid__PLS,842.1571927,,Tnfsf13os,857.4
Cdkn1c__CPX,845.9648515,,Msmo1,860.0
Psmd10__CTX,848.7936222,,3-Hydroxyisovaleric acid,861.9
n-Pentadecanol__PLS,849.1338625,,Pdlim5,866.1
Rgs17__CTX,850,,"3beta-TRIMETHYLSILOXY-5alpha,6alpha-EPOXYCHOLESTANE",866.6
Unk__CTX,850,,Ccnyl1,867.0
Twsg1__CPX,850,,Map3k5,869.5
Drc3__CPX,850,,Dnajc13,874.3
Ybx1__CTX,851.4823407,,Mrpl34,876.3
Suberic acid__PLS,851.7216488,,Gm42837,876.5
Tceanc__CPX,851.9227209,,Secisbp2l,878.1
Kank3__CTX,852.2513018,,Sp4,879.7
Tnfsf13os__CPX,857.4462136,,Bhmt2,883.4
Msmo1__CTX,859.9976028,,Neostigmine,884.1
Kcnj4__CTX,861.6124319,,"1,5-Anhydroglucitol",884.1
Nek8__CPX,864.386911,,Dnajc21,887.1
Pdlim5__CPX,867.2006831,,Gm37266,889.2
Ccnyl1__CTX,869.6119819,,Ptges2,889.6
3-Hydroxyisovaleric acid__PLS,874.7853684,,Gtpbp4,891.0
Gm42837__CTX,876.5038087,,Copg1,895.1
Map3k5__CPX,876.8554153,,Ctso,895.5
Secisbp2l__CPX,877.9894375,,Heg1,896.2
Sp4__CTX,879.7380157,,Itgb1bp1,897.0
Bhmt2__CPX,883.6566084,,Acbd4,907.2
Ahcyl2__CPX,884.6634785,,Jmjd4,910.3
Neostigmine__PLS,885.2700574,,L3mbtl1,921.4
"3beta-TRIMETHYLSILOXY-5alpha,6alpha-EPOXYCHOLESTANE__PLS",889.3461203,,Patz1,927.6
Gm37266__CTX,889.4450954,,Pdcd4,929.9
Ptges2__CPX,889.7276933,,Gm26652,935.0
Gtpbp4__CPX,893.0638552,,Gm43066,935.2
Mrpl34__CTX,893.635804,,Rbm7,936.3
Copg1__CPX,895.0405673,,Rpl37,940.7
Gxylt1__CPX,896.6690273,,3-Methoxysalicylic acid,941.3
Dnajc13__CPX,900.2032815,,Niban1,941.4
Itgb1bp1__CTX,903.6826795,,Tppp3,943.5
Muc3a__CTX,905.982025,,Myristic acid,944.4
Oaz2__CTX,907.2760398,,Bcat1,947.7
Jmjd4__CPX,910.6843068,,"N,O-Bis(trimethylsilyl)carbamate",948.7
Ndufv3__CTX,913.0206686,,Phf3,951.0
"1,5-Anhydroglucitol__PLS",915.0001277,,2-Isopropyl-5-methyl-1-heptanol,952.4
Dnajc21__CPX,922.4078267,,Rab5c,957.0
Heg1__CTX,925.956134,,Cep57,957.6
Acbd4__CPX,926.2787035,,Zfp975,958.5
Patz1__CTX,927.8678328,,Trip11,959.6
Ctso__CTX,928.5877058,,Col25a1,960.1
L3mbtl1__CTX,928.6358878,,Plekhn1,963.1
Pdcd4__CPX,933.5578831,,Sox30,967.1
Gm26652__CTX,935.0538796,,"1-Octanol, 2-butyl-",970.4
Serpina3n__CTX,939.7251409,,N-Isovaleroylglycine,973.4
Rpl37__CTX,944.9109665,,Tmem80,976.4
Tppp3__CPX,945.4049137,,"(7a-Isopropenyl-4,5-dimethyloctahydroinden-4-yl)methanol",991.1
Gm43066__CTX,945.4181399,,Zbtb45,992.4
Cep57__CPX,959.2984825,,"Erythrono-1,4-lactone, (Z)-",994.1
Trip11__CTX,959.3666275,,Eicosapentaenoic acid,994.2
Col25a1__CTX,960.1384266,,Qser1,996.0
Zfp975__CPX,960.4754899,,"1,2-Butadiene, 1,1,4-triphenyl-3-trimethylsilyl-4-trimethylsilyloxy-",997.6
Niban1__CPX,961.3007791,,Rps9,998.8
Myristic acid__PLS,962.8476871,,Ankrd16,1004.8
Bcat1__CPX,968.9581312,,Opa1,1011.2
3-Methoxysalicylic acid__PLS,969.244192,,Amfr,1012.4
"N,O-Bis(trimethylsilyl)carbamate__PLS",970.6456703,,Metanephrine,1014.6
2-Isopropyl-5-methyl-1-heptanol__PLS,971.1787377,,Spata7,1018.3
Plekhn1__CPX,971.4514568,,Cdc42bpa,1022.4
Rab5c__CPX,972.7088828,,Gm12346,1031.3
Phf3__CPX,974.446905,,Ndn,1033.2
N-Isovaleroylglycine__PLS,974.6770861,,alpha-Tocopherol,1038.6
"1-Octanol, 2-butyl-__PLS",981.530543,,Adck2,1039.7
Zbtb45__CTX,992.4234274,,Rnasel,1040.6
Qser1__CPX,996.5568625,,3'-(Trimethylsilyl)oxy-beta-naphthoflavone,1046.7
Sox30__CTX,998.0295682,,Tkt,1046.8
"Erythrono-1,4-lactone, (Z)-__PLS",998.4093218,,L-5-Oxoproline,1048.8
Rps9__CTX,998.9451938,,Grpel1,1052.3
Ankrd16__CTX,1010.119129,,Pawr,1052.8
Tmem80__CPX,1010.378142,,2-Hydroxybutyric acid,1053.1
"1,2-Butadiene, 1,1,4-triphenyl-3-trimethylsilyl-4-trimethylsilyloxy-__PLS",1010.61932,,Psmd3,1054.3
Opa1__CPX,1012.691606,,1-Phenylethanol,1059.3
"(7a-Isopropenyl-4,5-dimethyloctahydroinden-4-yl)methanol__PLS",1018.155913,,9330159F19Rik,1061.5
Vps13c__CTX,1021.731694,,4-Hydroxybenzeneacetic acid,1065.7
Eicosapentaenoic acid__PLS,1022.647007,,Ganab,1073.4
Cdc42bpa__CTX,1022.665456,,Phlorizin,1073.7
Gm12346__CPX,1031.327655,,Hydroquinone,1076.0
Ndn__CTX,1033.96095,,Rock1,1077.1
Adck2__CPX,1039.876514,,Micall2,1078.0
Rnasel__CPX,1040.824796,,Zkscan8,1080.3
Spata7__CTX,1041.535338,,Gm37834,1080.8
Metanephrine__PLS,1042.173322,,C030013C21Rik,1085.3
Rbm7__CTX,1042.863149,,Rpl31,1091.3
Tkt__CPX,1048.619656,,Manea,1092.2
Pawr__CPX,1052.585127,,"Butanal, 2,3,4-tris[(trimethylsilyl)oxy]-, O-methyloxime, [R-(R*,R*)]-",1095.0
Psmd3__CPX,1055.352071,,Cep41,1097.1
9330159F19Rik__CTX,1061.452183,,"7-Acetyl-6-ethyl-1,1,4,4-tetramethyltetralin ",1098.3
alpha-Tocopherol__PLS,1065.399229,,Tmem229b,1103.2
Grpel1__CPX,1070.637223,,UNKNOWN,1103.7
2-Hydroxybutyric acid__PLS,1071.318752,,Fadd,1105.3
3'-(Trimethylsilyl)oxy-beta-naphthoflavone__PLS,1078.729517,,S-Methyl-L-cysteine,1113.9
Phlorizin__PLS,1083.825912,,Ptpn4,1121.5
Amfr__CPX,1087.057759,,Ccdc134,1128.8
1-Phenylethanol__PLS,1087.183678,,Hydracrylic acid,1131.2
Ganab__CPX,1090.140771,,Gm10654,1133.0
4-Hydroxybenzeneacetic acid__PLS,1090.737248,,cis-4-Trimethylsilyloxy-cyclohexyl(trimethylsilyl)carboxylate,1140.8
Hydroquinone__PLS,1095,,Mfge8,1143.0
Rock1__CPX,1095.179716,,L-Aspartic acid,1153.5
L-5-Oxoproline__PLS,1095.314735,,Ttf1,1158.8
Manea__CTX,1095.435164,,Nicol1,1161.7
Micall2__CPX,1097,,"2,6-Dimethyl-N-[3-(trimethylsilyl)-1,3-thiazinan-2-ylidene]aniline",1168.8
Tmem229b__CTX,1103.138718,,p-Toluic acid,1170.3
Tmem104__CTX,1104.028178,,Flcn,1174.2
Fadd__CTX,1105.447696,,Iws1,1174.3
UNKNOWN__CPX,1105.85512,,Zfp322a,1176.6
"7-Acetyl-6-ethyl-1,1,4,4-tetramethyltetralin __PLS",1118.313175,,Aspartic acid,1182.5
Gm37834__CTX,1119.389852,,Map3k2,1183.8
C030013C21Rik__CTX,1124.390037,,Sytl2,1189.8
Ccdc134__CTX,1128.822398,,Dync1h1,1191.0
"Butanal, 2,3,4-tris[(trimethylsilyl)oxy]-, O-methyloxime, [R-(R*,R*)]-__PLS",1129.520352,,Adprh,1192.4
Rpl31__CTX,1132.27952,,Zfp469,1192.4
Gm10654__CTX,1133.011334,,Butylmethylamine,1195.1
S-Methyl-L-cysteine__PLS,1134.107418,,Nitrosothymol,1196.0
Cep41__CPX,1136.763036,,"2,6-Bis[2-[2-S-thiosulfuroethylamino]ethoxy]pyrazine",1204.1
cis-4-Trimethylsilyloxy-cyclohexyl(trimethylsilyl)carboxylate__PLS,1139.009659,,Vps37d,1204.6
Ptpn4__CTX,1142.193255,,Frg1,1209.2
Ttf1__CPX,1165.432546,,D630036H23Rik,1211.0
Iws1__CTX,1173.699262,,Arb2a,1211.3
L-Aspartic acid__PLS,1179.169479,,Gm43420,1218.0
Nicol1__CPX,1183.58086,,Sh2b1,1218.9
Map3k2__CTX,1183.761136,,Arhgef12,1226.9
"2,6-Dimethyl-N-[3-(trimethylsilyl)-1,3-thiazinan-2-ylidene]aniline__PLS",1184.125147,,Slc38a9,1236.3
Sytl2__CPX,1192.251534,,Mfsd2a,1240.0
Zfp469__CTX,1192.300072,,"Ethanamine, N,N-diethyl-2,2-dimethyl-2-[(3,5-dimethoxy)phenyl]-",1240.9
Adprh__CPX,1192.649733,,Mdh1,1242.1
Zfp322a__CPX,1195.738193,,Ppp4c,1242.6
Mfge8__CPX,1200.95957,,Tmem250,1245.1
p-Toluic acid__PLS,1205.110083,,Dynlt2b,1247.7
Flcn__CPX,1206.690379,,Octanoic acid,1255.1
Butylmethylamine__PLS,1208.005739,,Urm1,1260.2
Zkscan8__CPX,1212.827459,,Idi1,1262.3
Arb2a__CTX,1212.886396,,5-Henicosylresorcinol,1263.9
Dync1h1__CPX,1215.355142,,5-Hydroxytryptophan,1266.9
Hydracrylic acid__PLS,1216.263632,,3-Hexenedinitrile,1269.8
D630036H23Rik__CPX,1216.317523,,1-(4-Hydroxybenzylidene)acetone,1273.1
Aspartic acid__PLS,1216.54499,,Epcip,1275.0
Frg1__CPX,1225.026922,,Gm19817,1275.6
Gm43420__CTX,1227.586993,,Imp3,1293.6
"2,6-Bis[2-[2-S-thiosulfuroethylamino]ethoxy]pyrazine__PLS",1228.90156,,Dctn2,1296.9
Sh2b1__CTX,1241.331514,,Eif3h,1298.3
Mdh1__CTX,1241.917105,,Gas6,1307.0
Vps37d__CPX,1242.958568,,(pm)-Norketamine,1308.0
Arhgef12__CPX,1244.924232,,Nkain2,1310.1
Tmem250__CTX,1250.546542,,Mef2a,1322.1
Dynlt2b__CPX,1259.794522,,Evi5,1324.6
Idi1__CTX,1262.30724,,Rgs7,1324.7
Nitrosothymol__PLS,1263.325693,,Clec14a,1325.4
Urm1__CTX,1269.615212,,Ankrd12,1329.8
Slc38a9__CTX,1271.327236,,"Butanoic acid, 2,4-bis[(trimethylsilyl)oxy]-",1330.0
5-Henicosylresorcinol__PLS,1274.72457,,Zbtb7a,1330.8
Epcip__CTX,1275,,Cyb5d2,1336.4
Gm19817__CPX,1275.571862,,Mir9-2hg,1341.9
"Ethanamine, N,N-diethyl-2,2-dimethyl-2-[(3,5-dimethoxy)phenyl]-__PLS",1277.888015,,Aceturic acid,1342.2
Mfsd2a__CPX,1281.104889,,"Dodecane, 4,6-dimethyl-",1345.2
Octanoic acid__PLS,1291.670332,,Adcy9,1348.6
Imp3__CPX,1293.294459,,Thra,1348.9
3-Hexenedinitrile__PLS,1294.550404,,Shoc2,1355.2
5-Hydroxytryptophan__PLS,1297.103342,,Macf1,1359.1
1-(4-Hydroxybenzylidene)acetone__PLS,1297.553395,,Pentadecanoic acid,1367.3
Dctn2__CPX,1298.041393,,Sdr39u1,1367.3
Ppp4c__CPX,1310.493454,,"Benzoic acid, methyl ester",1371.6
Mef2a__CPX,1323.105084,,Cdc27,1372.9
Zbtb7a__CPX,1331.566311,,"2,5-di-tert-Butyl-1,4-benzoquinone",1374.1
Ankrd12__CPX,1334.89002,,Suclg2,1374.4
Cyb5d2__CTX,1336.863864,,"Propanetriol, 2-methyl-",1377.1
"Butanoic acid, 2,4-bis[(trimethylsilyl)oxy]-__PLS",1338.537251,,Niclosamide,1382.6
Evi5__CPX,1342.323229,,"1,2-Benzenedicarboxylic acid",1386.4
(pm)-Norketamine__PLS,1346,,Gm12999,1389.0
Gas6__CPX,1347.824015,,Gm1976,1390.7
Mir9-2hg__CTX,1350.004368,,Pomgnt1,1392.8
Thra__CPX,1351.277924,,"Propanoic acid, 2-oxo-",1393.2
Macf1__CTX,1353.732732,,Dhx29,1404.8
Aceturic acid__PLS,1359.148163,,Ccdc186,1407.9
Rgs7__CPX,1360.398512,,Kin,1411.2
Suclg2__CPX,1371.516134,,Kif2a,1420.1
Cdc27__CTX,1374.433934,,Pard6a,1422.4
Clec14a__CPX,1382.620696,,Dnajc7,1444.8
Shoc2__CPX,1383.174774,,3-Amino-5-morpholinomethyl-2-oxazolidinone,1447.4
Adcy9__CPX,1386.642342,,Ppp1r1b,1447.6
"Propanetriol, 2-methyl-__PLS",1389.655074,,Rps26,1461.5
Gm12999__CTX,1391.857559,,"2,2,4-Trimethyl-1,3-pentanediol diisobutyrate",1464.7
Niclosamide__PLS,1399.332504,,2-Hydroxy-5-methoxybenzaldehyde,1479.1
Pomgnt1__CPX,1401.703624,,Rpp30,1485.0
Pentadecanoic acid__PLS,1405.642154,,Pfn1,1485.7
"1,2-Benzenedicarboxylic acid__PLS",1411.2103,,Gm43339,1486.8
"2,5-di-tert-Butyl-1,4-benzoquinone__PLS",1412.115972,,5-(2-Aminopropyl)-2-methylphenol,1492.0
Kin__CPX,1412.219567,,Mto1,1493.4
"Dodecane, 4,6-dimethyl-__PLS",1420.520761,,Tulp3,1493.4
"Benzoic acid, methyl ester__PLS",1425.81875,,Gm3764,1494.5
"Propanoic acid, 2-oxo-__PLS",1432.322344,,"5alpha-Pregnane-3,20-dione",1497.8
Pard6a__CTX,1433.277973,,"Pyrimidine, 5-methyl-2,4-bis[(trimethylsilyl)oxy]-",1499.7
Kif2a__CPX,1433.863136,,"Inosose-2, 1,3,4,5,6-pentakis-",1501.0
Gm1976__CPX,1446.243816,,2410124H12Rik,1502.0
Ppp1r1b__CPX,1447.627702,,"N,N-Dimethyl-2-cyclohexyloxyethylamine",1502.4
Cerkl__CPX,1447.770304,,Prpf3,1503.3
Sdr39u1__CTX,1454.851913,,Cyclohexanol,1504.5
3-Amino-5-morpholinomethyl-2-oxazolidinone__PLS,1461.255698,,2-Heptenoic acid,1521.8
Dhx29__CPX,1463.345634,,Perm1,1529.6
Ccdc186__CPX,1467.781244,,Fcho2,1530.2
"2,2,4-Trimethyl-1,3-pentanediol diisobutyrate__PLS",1474.63433,,Fsbp,1532.5
Rpp30__CPX,1485.617882,,"Morpholine, 4-[2,3,4,6-tetrakis-O-(trimethylsilyl)-alpha-d-mannopyranosyl]-",1537.4
Dnajc7__CPX,1487.997165,,Pkn2,1554.6
Pfn1__CPX,1490.567748,,B230219D22Rik,1555.1
Mto1__CTX,1494.052151,,Plcg1,1565.0
Gm43339__CPX,1499.962902,,beta-Lyxopyranose,1567.7
Gm3764__CTX,1514.999848,,Emc3,1568.8
Nkain2__CTX,1519.353041,,Csnk2b,1579.1
"Pyrimidine, 5-methyl-2,4-bis[(trimethylsilyl)oxy]-__PLS",1520.498256,,Mrgbp,1586.9
2410124H12Rik__CPX,1521,,Cerkl,1587.0
5-(2-Aminopropyl)-2-methylphenol__PLS,1526.16213,,Dusp11,1587.3
Fsbp__CTX,1533.107188,,Ppp1r12a,1592.6
"N,N-Dimethyl-2-cyclohexyloxyethylamine__PLS",1535.128339,,Glod4,1594.2
Cyclohexanol__PLS,1536.048447,,2-Aminoadipic acid,1596.0
"Inosose-2, 1,3,4,5,6-pentakis-__PLS",1536.582907,,Uqcc5,1606.5
2-Heptenoic acid__PLS,1538.770422,,"Acetohydrazide, 2-(2-isopropyl-5-methylphenoxy)-N2-benzylideno-",1608.4
Ttc8__CTX,1541.18306,,1700018L02Rik,1612.2
"5alpha-Pregnane-3,20-dione__PLS",1541.799509,,Ornithine,1613.5
Prpf3__CPX,1545.018421,,Ndufa8,1618.0
Perm1__CPX,1548.631548,,Zfp27,1628.4
2-Hydroxy-5-methoxybenzaldehyde__PLS,1568.666558,,Mtap,1629.1
Emc3__CPX,1569.094873,,Atosb,1629.9
Pkn2__CPX,1571.84762,,2-Methyl-4-pentenoic acid,1630.9
"Morpholine, 4-[2,3,4,6-tetrakis-O-(trimethylsilyl)-alpha-d-mannopyranosyl]-__PLS",1576.819272,,1-Deoxypentitol,1636.7
Plcg1__CTX,1577.173582,,Dipk1b,1650.0
B230219D22Rik__CPX,1581.074353,,Zfp74,1653.1
Fcho2__CPX,1583.683557,,4-Cumylphenol,1680.8
beta-Lyxopyranose__PLS,1587.84923,,"Thymine, 1,3-dimethyl-6-(trimethylsilyloxymethyl)-",1682.6
1700018L02Rik__CPX,1612.192248,,Mterf3,1691.8
2-Aminoadipic acid__PLS,1614.601506,,Zdhhc9,1700.0
Ppp1r12a__CPX,1617.554225,,Ide,1700.6
Ndufa8__CPX,1617.896906,,"1-Decene, 8-methyl-",1711.1
Dusp11__CTX,1623.923723,,Tada1,1730.2
2-Methyl-4-pentenoic acid__PLS,1635.219049,,Psmg3,1732.1
Atosb__CTX,1636.038065,,Gnas,1734.4
Uqcc5__CPX,1637.416448,,Glmn,1737.4
"Acetohydrazide, 2-(2-isopropyl-5-methylphenoxy)-N2-benzylideno-__PLS",1640.073902,,Dgkh,1741.9
Ornithine__PLS,1652.919686,,N-Methyl-N-(tetrahydro-2-furanylmethyl)-4-piperidinamine,1754.5
Zfp27__CPX,1658.949993,,Afg3l1,1759.4
Glod4__CPX,1669.703485,,5-Hydroxyquinoline,1776.8
Mtap__CPX,1669.927773,,2810021J22Rik,1794.6
Dipk1b__CTX,1699.670184,,C130023A14Rik,1795.9
Zdhhc9__CTX,1700,,"2,5-Cyclohexadiene-1,4-dione, 2,6-bis(1,1-dimethylethyl)-",1797.2
4-Cumylphenol__PLS,1705.306857,,"2-Acetyl-3-(1-methyl-2-pyrrolyl)-1,4-benzenediol",1798.4
"Thymine, 1,3-dimethyl-6-(trimethylsilyloxymethyl)-__PLS",1708.297407,,DL-Glyceraldehyde,1800.0
Csnk2b__CTX,1712.457175,,Pycr2,1801.3
Ide__CPX,1717.349329,,"3,5-Dimethylpyrazole",1805.6
Mterf3__CTX,1719.552756,,Habp4,1819.6
Glmn__CTX,1738.257837,,Adipoyl-L-carnitine,1848.9
"1-Decene, 8-methyl-__PLS",1745.146241,,Ppme1,1851.3
Psmg3__CPX,1746.751601,,Bnip1,1853.2
Tada1__CPX,1754.986037,,Dstn,1863.9
Dgkh__CTX,1761.150108,,Sertraline carbamoyl glucuronide,1908.8
N-Methyl-N-(tetrahydro-2-furanylmethyl)-4-piperidinamine__PLS,1788.598712,,"Trimethylsilyl (5-benzyl-3,6-dioxopiperazin-2-yl)acetate",1925.0
Afg3l1__CPX,1794.552087,,Gpbp1l1,1927.8
2810021J22Rik__CPX,1794.669165,,Usf3,1930.6
5-Hydroxyquinoline__PLS,1797.335471,,Dhx36,1944.1
Pycr2__CPX,1802.532861,,"2-Propanone, bis(1-methylethyl)hydrazone",1945.4
Gnas__CPX,1812.469221,,Glycine,1960.0
DL-Glyceraldehyde__PLS,1814.814671,,Methylmalonic monoamide,1983.2
"2,5-Cyclohexadiene-1,4-dione, 2,6-bis(1,1-dimethylethyl)-__PLS",1817.223349,,Vps13a,2005.4
"2-Acetyl-3-(1-methyl-2-pyrrolyl)-1,4-benzenediol__PLS",1840.008158,,Cxcl14,2010.5
"3,5-Dimethylpyrazole__PLS",1847.167967,,Hk1,2021.7
C130023A14Rik__CTX,1865.322347,,Ubc,2027.7
1-Deoxypentitol__PLS,1893.292072,,Hspb8,2028.5
Ppme1__CTX,1894.014177,,Mfn2,2028.7
Adipoyl-L-carnitine__PLS,1900.258295,,1-Hexadecanol,2030.2
Dstn__CPX,1917.019058,,Gm38104,2041.4
Bnip1__CPX,1919.806317,,Pak2,2042.5
Gpbp1l1__CTX,1927.844963,,Hlf,2117.3
Usf3__CPX,1943.663961,,Bclaf3,2121.7
Sertraline carbamoyl glucuronide__PLS,1948.949912,,Sting1,2125.0
Mrgbp__CTX,1949.265941,,Agrn,2138.1
Habp4__CTX,1963.164361,,Nonadecanoic acid,2148.4
"Trimethylsilyl (5-benzyl-3,6-dioxopiperazin-2-yl)acetate__PLS",1966.848665,,(pm)-alpha-Tocopherol acetate,2172.2
"2-Propanone, bis(1-methylethyl)hydrazone__PLS",1986.951496,,Cbx6,2180.6
Glycine__PLS,1996.759906,,Arabinaric acid,2201.4
Methylmalonic monoamide__PLS,2036.847325,,"1,1'-Biphenyl, 3,4-diethyl-",2206.0
Dhx36__CPX,2054.993109,,Csrp1,2207.6
Hk1__CPX,2065.052781,,Ywhah,2216.0
1-Hexadecanol__PLS,2068.979821,,Lrrc17,2227.4
Gm38104__CTX,2070.80652,,Ilvbl,2227.7
Rps26__CTX,2093.772525,,Lrfn5,2243.4
Pak2__CPX,2102.482786,,Arhgap5,2250.7
Ubc__CPX,2103.19853,,Atf6b,2258.6
Vps13a__CTX,2107.287472,,Klc1,2270.9
Hlf__CPX,2123.235369,,"1-Butanamine, N,N-diethyl-",2275.2
Sting1__CTX,2125,,Itch,2294.2
Eif3h__CPX,2129.436333,,Bcl7a,2317.3
Zfp74__CTX,2140.457341,,Vps36,2325.1
Agrn__CPX,2156.130821,,Cadaverine,2344.8
Tulp3__CTX,2177.128571,,Sptan1,2368.1
Cxcl14__CTX,2196.322791,,Bhlhe41,2375.0
Nonadecanoic acid__PLS,2196.365847,,3-Indolepropionic acid,2377.4
Mfn2__CTX,2205.321672,,Cmtm8,2399.2
"1,1'-Biphenyl, 3,4-diethyl-__PLS",2206.350338,,Cfdp1,2432.6
Csrp1__CTX,2210.989338,,Furin,2434.7
(pm)-alpha-Tocopherol acetate__PLS,2215.227139,,Hydantoic acid,2450.2
Arabinaric acid__PLS,2232.315027,,Zfp36l2,2455.0
Bclaf3__CTX,2242.422497,,Csnk1a1,2457.1
Arhgap5__CTX,2246.127011,,Gpr162,2459.0
Klc1__CPX,2268.667762,,Fgf12,2493.8
Ilvbl__CPX,2272.219119,,Irak1bp1,2502.5
Atf6b__CPX,2275.484421,,D-(-)-Citramalic acid,2505.6
Lrrc17__CPX,2299.701384,,Brwd1,2539.4
Lrfn5__CTX,2329.859737,,Klhl22,2540.3
"1-Butanamine, N,N-diethyl-__PLS",2332.011572,,F9,2550.0
Itch__CPX,2355.497588,,Dihydrouracil,2551.4
Bhlhe41__CPX,2394.097681,,Rnf13,2570.8
Bcl7a__CPX,2402.103436,,Adam15,2580.0
Cmtm8__CPX,2424.965251,,Tmem62,2596.0
Cfdp1__CTX,2432.567462,,Levulinic acid,2598.7
3-Indolepropionic acid__PLS,2436.130561,,Med12l,2615.9
Furin__CTX,2441.163107,,Naphthofluorescein,2616.9
Vps36__CPX,2441.858212,,"3-Methylpiperazine-2,5-dione, (R)-",2617.0
Cadaverine__PLS,2445.154405,,Sdhb,2623.0
Zfp36l2__CPX,2470.729875,,Setd2,2653.5
Csnk1a1__CPX,2472.102436,,Rtl8b,2656.8
Sptan1__CPX,2478.215968,,"2,4-Imidazolidinedione, 5,5-dimethyl-",2660.6
Hydantoic acid__PLS,2482.463884,,"Propanoic acid, 2-methyl-",2702.6
Setd2__CTX,2521.269637,,Cyyr1,2730.8
Brwd1__CTX,2544.775238,,Ndufb9,2731.9
F9__CTX,2550,,Nicn1,2756.7
Klhl22__CTX,2556.331458,,Ralgapa2,2777.5
D-(-)-Citramalic acid__PLS,2561.098778,,Plpp3,2793.8
Dihydrouracil__PLS,2608.587375,,Ergic2,2797.9
Adam15__CPX,2615.828954,,Triethanolamine,2799.7
Rnf13__CTX,2621.378256,,Fam168a,2814.5
Levulinic acid__PLS,2642.364758,,Tle5,2853.7
Tmem62__CPX,2658.501098,,Trappc14,2877.6
Fgf12__CTX,2668.569708,,"Stigmast-5-ene, 3beta-",2890.0
"3-Methylpiperazine-2,5-dione, (R)-__PLS",2672.907633,,(CH3)2C=NC2H558,2980.1
Rtl8b__CTX,2677.789391,,"1,3,5-Benzetriol",3012.6
Naphthofluorescein__PLS,2704.775919,,Tnfrsf19,3040.1
"2,4-Imidazolidinedione, 5,5-dimethyl-__PLS",2713.859535,,Zfp638,3044.7
Irak1bp1__CPX,2714.248708,,Hmga1,3045.5
Cyyr1__CPX,2739.447359,,Pja2,3047.3
Cbx6__CTX,2746.798085,,Igfbp2,3062.2
Nicn1__CTX,2758.080604,,Deoxycholic Acid,3076.6
"Propanoic acid, 2-methyl-__PLS",2778.989229,,Dinoseb,3076.9
Ndufb9__CTX,2792.482352,,Irak3,3078.9
Fam168a__CTX,2811.01034,,Indole-3-lactic acid,3102.4
Ralgapa2__CPX,2822.759401,,Scrt2,3119.5
Ywhah__CTX,2835.171519,,Apc2,3160.7
Triethanolamine__PLS,2841.02572,,Shc1,3189.6
Plpp3__CTX,2843.633559,,Benzophenone,3227.1
Sdhb__CTX,2860.966578,,Slk,3309.0
Med12l__CTX,2863.637923,,Ibtk,3315.6
Ergic2__CPX,2881.727174,,1-Cyclopentylethanol,3389.6
Hspb8__CTX,2906.275639,,Pcmtd1,3392.4
"Stigmast-5-ene, 3beta-__PLS",2931.257328,,Rpn2,3461.6
Gpr162__CPX,2999.131951,,12-Oxooctadecanoate,3499.3
"1,3,5-Benzetriol__PLS",3034.202588,,Propylamine,3505.3
Pja2__CPX,3060.342225,,Arhgap5,3521.7
Trappc14__CPX,3077.728157,,1-Hydroxy-3-methoxy-6-methylanthraquinone,3535.5
Irak3__CPX,3078.881904,,Phenoxyacetic acid,3603.7
Zfp638__CPX,3087.857028,,Zfp1007,3646.6
Dinoseb__PLS,3111.443317,,Tm9sf3,3656.6
Scrt2__CTX,3142.652094,,"3beta,4beta-Bis(trimethylsiloxy)cholest-5-ene",3673.6
Tnfrsf19__CTX,3148.059238,,"Benzene, 1-acetoxy-2,6-dimethoxy-4-(2-propenyl)-",3774.6
(CH3)2C=NC2H558__PLS,3165.621283,,Tatdn2,3792.9
Deoxycholic Acid__PLS,3176.015937,,Dlg4,3869.2
Igfbp2__CPX,3187.251172,,Nedd4,3899.2
Apc2__CPX,3211.995494,,B9d2,3932.0
Shc1__CPX,3233.04039,,Wapl,4066.5
Hmga1__CPX,3246.478868,,Tartronic acid,4127.0
Benzophenone__PLS,3297.075736,,Osbp,4177.6
Indole-3-lactic acid__PLS,3303.51165,,"Benzimidazole, 5-trifluoromethyl-2-methyl-",4275.1
Slk__CPX,3379.465207,,Gm5845,4279.5
Ibtk__CPX,3402.589909,,Hmces,4323.8
Rpn2__CPX,3461.574062,,Erbin,4372.5
1-Cyclopentylethanol__PLS,3468.227248,,Mast1,4375.2
Arhgap5__CPX,3545.292257,,Ehd1,4378.4
12-Oxooctadecanoate__PLS,3584.923592,,Pimelic acid,4410.9
1-Hydroxy-3-methoxy-6-methylanthraquinone__PLS,3600.123656,,Tmem259,4439.9
Propylamine__PLS,3600.718946,,"N,N-Diethyl-2-aminoethanol",4487.2
Phenoxyacetic acid__PLS,3632.097548,,10-Heptadecenoic acid,4500.9
Tm9sf3__CPX,3676.385053,,4930556M19Rik,4746.2
Zfp1007__CPX,3733.795435,,"Benzoic acid, pentadecyl ester",4778.0
"3beta,4beta-Bis(trimethylsiloxy)cholest-5-ene__PLS",3739.622468,,Ubl3,4795.2
Tle5__CTX,3743.805106,,Dcaf12l1,4820.1
Tatdn2__CPX,3796.248628,,Tulp4,4936.0
"Benzene, 1-acetoxy-2,6-dimethoxy-4-(2-propenyl)-__PLS",3845.178707,,Fcho2,4993.8
Dlg4__CPX,3933.236747,,Mib1,5142.3
Nedd4__CPX,3934.598861,,Rora,5375.1
Pcmtd1__CPX,4039.36351,,Mafg,5376.6
B9d2__CTX,4128.941005,,Mtrex,5554.6
Wapl__CPX,4137.873064,,Slc22a17,5824.7
Tartronic acid__PLS,4142.276759,,Sppl3,5887.2
Osbp__CPX,4195.536845,,Fn3krp,6010.5
Gm5845__CTX,4280.201045,,Dodecylcyclohexane,6318.1
"Benzimidazole, 5-trifluoromethyl-2-methyl-__PLS",4341.155227,,Kcnma1,6426.6
Hmces__CPX,4357.971155,,Pdap1,6460.8
Mast1__CTX,4375.211716,,Methyl aminoacetate,7050.6
Ehd1__CPX,4425.803645,,Wbp11,7343.0
Erbin__CPX,4475.625783,,Isofucosterol,7584.4
Pimelic acid__PLS,4486.249633,,Sh3bgrl,7632.1
Tmem259__CPX,4550.760809,,Tmem229b,7894.1
10-Heptadecenoic acid__PLS,4577.313889,,"2,5-Piperazinedione, 3-benzyl-6-isopropyl-",8429.4
"N,N-Diethyl-2-aminoethanol__PLS",4688.231774,,3-Indoleacetic acid,8474.1
Ubl3__CPX,4840.67349,,Wbp4,8834.2
"Benzoic acid, pentadecyl ester__PLS",4883.706191,,"2-(Decanoyloxy)propane-1,3-diyl dioctanoate",9103.4
4930556M19Rik__CPX,4893.621713,,Isopropyl palmitate,12581.2
Dcaf12l1__CPX,5006.84637,,Smarca5,13877.3
Tulp4__CPX,5061.542055,,"Benzaldehyde, 2,5-dimethyl-",15855.0
Mib1__CTX,5337.134591,,2-Aminobutanoic acid,
Rora__CPX,5399.754597,,2310030G06Rik,
Mafg__CPX,5412.350386,,2700049A03Rik,
Mtrex__CPX,5535.470181,,2810408A11Rik,
Slc22a17__CPX,5956.915066,,4930519P11Rik,
Sppl3__CPX,6016.900139,,4930550C14Rik,
Fcho2__CTX,6071.242457,,4930579K19Rik,
Kcnma1__CTX,6403.155145,,5330425B07Rik,
Fn3krp__CPX,6465.013897,,5430402O13Rik,
Pdap1__CPX,6518.712478,,Abtb2,
Dodecylcyclohexane__PLS,6581.537389,,Ackr3,
Methyl aminoacetate__PLS,7517.328894,,Adamts3,
Wbp11__CPX,7629.916807,,AI429214,
Sh3bgrl__CPX,7989.553231,,Akt3,
Isofucosterol__PLS,8024.153283,,Aldh1l1,
Tmem229b__CPX,8379.207616,,Alx3,
"2,5-Piperazinedione, 3-benzyl-6-isopropyl-__PLS",8582.739771,,Amer2,
3-Indoleacetic acid__PLS,8812.454553,,Angptl1,
"2-(Decanoyloxy)propane-1,3-diyl dioctanoate__PLS",9189.964722,,Ankmy2,
Wbp4__CPX,9651.297127,,Ankrd34a,
Isopropyl palmitate__PLS,12925.13162,,Ap1g2,
Smarca5__CPX,14167.57483,,Ap2a1,
"Benzaldehyde, 2,5-dimethyl-__PLS",16153.36928,,Arhgef37,
,,,Asb16,
,,,Atf3,
,,,"Benzeneethanamine, N-[(pentafluorophenyl)methylene]-4-[(trimethylsilyl)oxy]-",
,,,Bloc1s1,
,,,Bvht,
,,,Car5a,
,,,Casz1,
,,,Ccdc14,
,,,Ccn4,
,,,Ccnt1,
,,,Cdh4,
,,,Cdkl3,
,,,Cdr2l,
,,,Cebpa,
,,,Cebpd,
,,,Cep128,
,,,Chchd7,
,,,Chd5,
,,,Cmbl,
,,,Cmtr1,
,,,Cmya5,
,,,Col13a1,
,,,Col9a2,
,,,Comt,
,,,Cpxm2,
,,,Csnk1g1,
,,,D930028M14Rik,
,,,Ddx23,
,,,Dnajb6,
,,,Dync2i2,
,,,E2f2,
,,,Efcab2,
,,,Efcc1,
,,,Efemp2,
,,,Elf1,
,,,Entpd6,
,,,Erap1,
,,,Erc2,
,,,Errfi1,
,,,Fam167b,
,,,Fbxo25,
,,,Frmd3,
,,,Fundc2,
,,,Gabpb1,
,,,Gm11767,
,,,Gm12902,
,,,Gm13031,
,,,Gm14798,
,,,Gm1976,
,,,Gm29155,
,,,Gm37678,
,,,Gm37745,
,,,Gm38037,
,,,Gm38254,
,,,Gm42600,
,,,Gm42897,
,,,Gm43413,
,,,Gm43568,
,,,Gm43663,
,,,Gm43800,
,,,Gm5475,
,,,Gm5909,
,,,Gpank1,
,,,Gpatch2l,
,,,Grcc10,
,,,Grhpr,
,,,Grin2c,
,,,Gtpbp3,
,,,Hdac9,
,,,Heatr6,
,,,Heph,
,,,Hkdc1,
,,,Hmgb2,
,,,Htr6,
,,,Ifi209,
,,,Ifi30,
,,,Ikbke,
,,,Il10ra,
,,,Ilkap,
,,,Inava,
,,,Kat8,
,,,Kif9,
,,,Klf8,
,,,Krt23,
,,,Las1l,
,,,Lpar4,
,,,Lrguk,
,,,Map3k20,
,,,Map3k8,
,,,Meis2,
,,,Mkrn3,
,,,Mmel1,
,,,Mob4,
,,,Mpp2,
,,,Mrln,
,,,Mrps11,
,,,Mrps34,
,,,Msrb2,
,,,Mterf1b,
,,,Myef2l,
,,,Myzap,
,,,Neto1,
,,,Nfkbia,
,,,Nonanoic acid,
,,,Nop16,
,,,Parp3,
,,,Parvg,
,,,Pcsk5,
,,,Pctp,
,,,Poglut1,
,,,Polr1a,
,,,Pradc1,
,,,Prcc,
,,,Prickle3,
,,,Prkab1,
,,,Prss3b,
,,,Ptger1,
,,,Ptgr3,
,,,Rab1b,
,,,Rab27a,
,,,Rasa4,
,,,Rbm20,
,,,Rimbp3,
,,,Ripk2,
,,,Rit1,
,,,Rufy3,
,,,Sall1,
,,,Sbk2,
,,,Sc5d,
,,,Sec16b,
,,,Sesn1,
,,,Sirt2,
,,,Slc11a2,
,,,Slc27a1,
,,,Slc6a13,
,,,Slc6a16,
,,,Smurf1,
,,,Spen,
,,,Spmip6,
,,,Spryd4,
,,,St8sia2,
,,,Star,
,,,Taco1os,
,,,Tceal8,
,,,Tekt1,
,,,Tep1,
,,,Tgfbr1,
,,,"Thiazolo[4,5-f]quinoline, 2,9-dimethyl-",
,,,Timm13,
,,,Tpd52l2,
,,,Tpgs1,
,,,Tprkb,
,,,Trp53i13,
,,,Trpv4,
,,,Ube2v2,
,,,UNKNOWN,
,,,UNKNOWN,
,,,Vasp,
,,,Wdr38,
,,,Wdr74,
,,,Xaf1,
,,,Xrra1,
,,,Yipf6,
,,,Zbtb39,
,,,Zc3h12c,
,,,Zcchc17,
,,,Zcchc24,
,,,Zdhhc20,
,,,Zfand2b,
,,,Zfp346,
,,,Zfp459,
,,,Zfp513,